Latitude (decimal degrees):	40.396
Longitude (decimal degrees):	-3.611
Elevation (m):	686
Radiation database:	PVGIS-SARAH3


Slope: 30 deg. 
Azimuth: 0 deg.
time,P,G(i),H_sun,T2m,WS10m,Int
20230101:0010,0.0,0.0,0.0,6.29,2.0,0.0
20230101:0110,0.0,0.0,0.0,5.7,1.79,0.0
20230101:0210,0.0,0.0,0.0,5.18,1.72,0.0
20230101:0310,0.0,0.0,0.0,4.65,1.72,0.0
20230101:0410,0.0,0.0,0.0,4.22,1.72,0.0
20230101:0510,0.0,0.0,0.0,3.93,1.72,0.0
20230101:0610,0.0,0.0,0.0,3.61,1.66,0.0
20230101:0710,0.0,0.0,0.0,4.38,1.52,0.0
20230101:0810,117.48,152.67,4.4,4.46,1.38,0.0
20230101:0910,251.15,292.06,13.04,6.47,0.97,0.0
20230101:1010,263.42,308.63,19.98,9.99,1.17,0.0
20230101:1110,650.07,775.71,24.67,12.18,1.38,0.0
20230101:1210,674.39,811.66,26.57,13.69,1.59,0.0
20230101:1310,656.15,787.68,25.43,14.76,1.93,0.0
20230101:1410,441.51,521.22,21.41,15.29,2.07,0.0
20230101:1510,100.5,132.21,14.99,15.55,2.0,0.0
20230101:1610,126.2,164.83,6.73,14.81,1.72,0.0
20230101:1710,0.0,0.0,0.0,13.32,2.14,0.0
20230101:1810,0.0,0.0,0.0,11.91,2.41,0.0
20230101:1910,0.0,0.0,0.0,11.21,2.83,0.0
20230101:2010,0.0,0.0,0.0,10.89,3.03,0.0
20230101:2110,0.0,0.0,0.0,10.39,3.03,0.0
20230101:2210,0.0,0.0,0.0,10.01,2.83,0.0
20230101:2310,0.0,0.0,0.0,9.41,2.62,0.0
20230102:0010,0.0,0.0,0.0,8.79,2.28,0.0
20230102:0110,0.0,0.0,0.0,8.31,1.93,0.0
20230102:0210,0.0,0.0,0.0,8.45,1.59,0.0
20230102:0310,0.0,0.0,0.0,8.31,1.52,0.0
20230102:0410,0.0,0.0,0.0,8.34,1.59,0.0
20230102:0510,0.0,0.0,0.0,8.42,1.38,0.0
20230102:0610,0.0,0.0,0.0,8.48,1.24,0.0
20230102:0710,0.0,0.0,0.0,8.32,0.9,0.0
20230102:0810,25.59,44.14,4.4,7.94,0.83,0.0
20230102:0910,332.39,388.21,13.05,8.67,0.62,0.0
20230102:1010,177.4,214.21,20.02,9.73,0.62,0.0
20230102:1110,134.15,168.14,24.73,11.11,0.69,0.0
20230102:1210,143.52,179.23,26.65,11.83,0.69,0.0
20230102:1310,309.42,365.14,25.54,12.55,1.1,0.0
20230102:1410,222.29,266.22,21.53,12.87,1.52,0.0
20230102:1510,141.75,176.63,15.11,12.69,1.45,0.0
20230102:1610,47.95,71.57,6.86,12.47,1.17,0.0
20230102:1710,0.0,0.0,0.0,11.56,1.17,0.0
20230102:1810,0.0,0.0,0.0,10.55,1.24,0.0
20230102:1910,0.0,0.0,0.0,10.03,0.69,0.0
20230102:2010,0.0,0.0,0.0,8.86,0.9,0.0
20230102:2110,0.0,0.0,0.0,8.25,0.97,0.0
20230102:2210,0.0,0.0,0.0,8.06,0.76,0.0
20230102:2310,0.0,0.0,0.0,7.85,0.69,0.0
20230103:0010,0.0,0.0,0.0,6.79,0.97,0.0
20230103:0110,0.0,0.0,0.0,6.01,1.31,0.0
20230103:0210,0.0,0.0,0.0,5.76,1.45,0.0
20230103:0310,0.0,0.0,0.0,5.81,1.52,0.0
20230103:0410,0.0,0.0,0.0,5.5,1.59,0.0
20230103:0510,0.0,0.0,0.0,5.79,1.66,0.0
20230103:0610,0.0,0.0,0.0,5.58,1.79,0.0
20230103:0710,0.0,0.0,0.0,5.75,1.38,0.0
20230103:0810,143.95,184.2,4.4,5.46,1.52,0.0
20230103:0910,386.31,443.53,13.07,6.37,1.31,0.0
20230103:1010,190.08,226.47,20.06,8.84,1.52,0.0
20230103:1110,413.97,479.15,24.79,10.55,1.79,0.0
20230103:1210,675.96,807.26,26.74,11.58,1.45,0.0
20230103:1310,617.97,741.65,25.65,12.07,0.83,0.0
20230103:1410,393.11,463.95,21.66,12.32,0.55,0.0
20230103:1510,391.75,464.8,15.25,12.32,0.41,0.0
20230103:1610,220.89,274.12,7.0,11.97,0.48,0.0
20230103:1710,0.0,0.0,0.0,10.77,0.97,0.0
20230103:1810,0.0,0.0,0.0,9.24,1.1,0.0
20230103:1910,0.0,0.0,0.0,9.62,0.62,0.0
20230103:2010,0.0,0.0,0.0,9.03,0.55,0.0
20230103:2110,0.0,0.0,0.0,6.74,1.24,0.0
20230103:2210,0.0,0.0,0.0,4.78,1.66,0.0
20230103:2310,0.0,0.0,0.0,3.88,1.66,0.0
20230104:0010,0.0,0.0,0.0,3.2,1.59,0.0
20230104:0110,0.0,0.0,0.0,2.81,1.66,0.0
20230104:0210,0.0,0.0,0.0,2.38,1.66,0.0
20230104:0310,0.0,0.0,0.0,2.04,1.66,0.0
20230104:0410,0.0,0.0,0.0,0.89,1.66,0.0
20230104:0510,0.0,0.0,0.0,0.64,1.72,0.0
20230104:0610,0.0,0.0,0.0,0.45,1.72,0.0
20230104:0710,0.0,0.0,0.0,0.04,1.66,0.0
20230104:0810,150.02,186.89,4.41,-0.14,1.59,0.0
20230104:0910,412.91,465.43,13.09,1.96,1.1,0.0
20230104:1010,573.1,658.54,20.11,5.28,0.97,0.0
20230104:1110,674.96,801.78,24.87,7.79,0.62,0.0
20230104:1210,685.92,832.34,26.84,9.7,0.28,0.0
20230104:1310,666.27,810.38,25.77,10.89,0.28,0.0
20230104:1410,555.94,664.38,21.79,11.58,0.41,0.0
20230104:1510,443.48,526.44,15.39,11.8,0.41,0.0
20230104:1610,222.35,275.46,7.14,11.47,0.21,0.0
20230104:1710,0.0,0.0,0.0,10.8,0.34,0.0
20230104:1810,0.0,0.0,0.0,9.89,0.41,0.0
20230104:1910,0.0,0.0,0.0,7.76,0.9,0.0
20230104:2010,0.0,0.0,0.0,7.67,0.34,0.0
20230104:2110,0.0,0.0,0.0,7.23,0.41,0.0
20230104:2210,0.0,0.0,0.0,4.98,1.17,0.0
20230104:2310,0.0,0.0,0.0,2.98,1.52,0.0
20230105:0010,0.0,0.0,0.0,2.24,1.52,0.0
20230105:0110,0.0,0.0,0.0,1.71,1.59,0.0
20230105:0210,0.0,0.0,0.0,1.38,1.59,0.0
20230105:0310,0.0,0.0,0.0,1.02,1.66,0.0
20230105:0410,0.0,0.0,0.0,0.9,1.59,0.0
20230105:0510,0.0,0.0,0.0,0.51,1.59,0.0
20230105:0610,0.0,0.0,0.0,-0.55,1.59,0.0
20230105:0710,0.0,0.0,0.0,-0.85,1.59,0.0
20230105:0810,137.91,172.69,4.42,-1.01,1.45,0.0
20230105:0910,406.31,456.7,13.13,1.25,1.03,0.0
20230105:1010,580.55,666.95,20.16,4.89,0.9,0.0
20230105:1110,662.55,785.45,24.95,7.51,0.55,0.0
20230105:1210,685.71,829.76,26.95,9.53,0.34,0.0
20230105:1310,656.38,801.13,25.89,10.89,0.07,0.0
20230105:1410,565.57,680.64,21.93,11.65,0.14,0.0
20230105:1510,438.52,520.79,15.53,11.82,0.34,0.0
20230105:1610,225.68,278.5,7.29,11.42,0.55,0.0
20230105:1710,0.0,0.0,0.0,10.16,1.17,0.0
20230105:1810,0.0,0.0,0.0,8.06,1.31,0.0
20230105:1910,0.0,0.0,0.0,6.61,1.24,0.0
20230105:2010,0.0,0.0,0.0,6.74,0.97,0.0
20230105:2110,0.0,0.0,0.0,6.13,0.97,0.0
20230105:2210,0.0,0.0,0.0,5.69,0.83,0.0
20230105:2310,0.0,0.0,0.0,5.04,0.83,0.0
20230106:0010,0.0,0.0,0.0,3.79,1.17,0.0
20230106:0110,0.0,0.0,0.0,2.61,1.38,0.0
20230106:0210,0.0,0.0,0.0,2.05,1.45,0.0
20230106:0310,0.0,0.0,0.0,1.46,1.66,0.0
20230106:0410,0.0,0.0,0.0,0.28,1.59,0.0
20230106:0510,0.0,0.0,0.0,-0.22,1.52,0.0
20230106:0610,0.0,0.0,0.0,-0.53,1.45,0.0
20230106:0710,0.0,0.0,0.0,-1.34,1.38,0.0
20230106:0810,135.59,169.74,4.44,-1.46,1.24,0.0
20230106:0910,410.86,463.04,13.16,0.87,0.62,0.0
20230106:1010,576.9,665.32,20.22,4.54,0.55,0.0
20230106:1110,675.76,802.41,25.03,7.09,0.48,0.0
20230106:1210,699.47,841.42,27.06,8.85,0.55,0.0
20230106:1310,679.41,813.21,26.02,10.04,0.9,0.0
20230106:1410,577.09,679.98,22.07,10.75,1.17,0.0
20230106:1510,455.5,532.16,15.68,10.94,1.45,0.0
20230106:1610,236.59,288.61,7.44,10.47,1.31,0.0
20230106:1710,0.0,0.0,0.0,9.14,1.72,0.0
20230106:1810,0.0,0.0,0.0,7.56,1.72,0.0
20230106:1910,0.0,0.0,0.0,6.01,1.59,0.0
20230106:2010,0.0,0.0,0.0,4.94,1.66,0.0
20230106:2110,0.0,0.0,0.0,3.91,1.72,0.0
20230106:2210,0.0,0.0,0.0,2.99,1.72,0.0
20230106:2310,0.0,0.0,0.0,2.24,1.72,0.0
20230107:0010,0.0,0.0,0.0,1.62,1.72,0.0
20230107:0110,0.0,0.0,0.0,0.37,1.72,0.0
20230107:0210,0.0,0.0,0.0,0.02,1.72,0.0
20230107:0310,0.0,0.0,0.0,-0.14,1.72,0.0
20230107:0410,0.0,0.0,0.0,-0.44,1.72,0.0
20230107:0510,0.0,0.0,0.0,-0.49,1.72,0.0
20230107:0610,0.0,0.0,0.0,-0.55,1.79,0.0
20230107:0710,0.0,0.0,0.0,1.33,1.45,0.0
20230107:0810,0.0,4.73,4.46,2.15,1.38,0.0
20230107:0910,113.07,139.74,13.21,3.7,1.03,0.0
20230107:1010,85.56,111.09,20.29,5.8,1.38,0.0
20230107:1110,203.29,238.93,25.13,6.94,2.07,0.0
20230107:1210,199.08,235.06,27.18,7.69,2.55,0.0
20230107:1310,99.83,127.71,26.16,8.19,3.38,0.0
20230107:1410,76.66,102.17,22.22,8.66,4.07,0.0
20230107:1510,68.55,93.09,15.84,8.72,3.03,0.0
20230107:1610,80.68,108.14,7.6,9.15,3.03,0.0
20230107:1710,0.0,0.0,0.0,8.96,3.1,0.0
20230107:1810,0.0,0.0,0.0,8.98,3.1,0.0
20230107:1910,0.0,0.0,0.0,9.16,3.38,0.0
20230107:2010,0.0,0.0,0.0,9.3,3.66,0.0
20230107:2110,0.0,0.0,0.0,9.5,4.14,0.0
20230107:2210,0.0,0.0,0.0,9.52,4.14,0.0
20230107:2310,0.0,0.0,0.0,9.52,3.79,0.0
20230108:0010,0.0,0.0,0.0,9.54,3.52,0.0
20230108:0110,0.0,0.0,0.0,9.52,3.31,0.0
20230108:0210,0.0,0.0,0.0,9.67,3.66,0.0
20230108:0310,0.0,0.0,0.0,9.88,4.34,0.0
20230108:0410,0.0,0.0,0.0,9.87,4.83,0.0
20230108:0510,0.0,0.0,0.0,9.52,4.62,0.0
20230108:0610,0.0,0.0,0.0,9.22,4.21,0.0
20230108:0710,0.0,0.0,0.0,9.76,3.72,0.0
20230108:0810,6.73,17.97,4.49,10.04,4.14,0.0
20230108:0910,23.46,40.68,13.26,10.5,4.97,0.0
20230108:1010,69.23,94.6,20.37,10.94,5.79,0.0
20230108:1110,47.68,70.0,25.23,11.38,6.14,0.0
20230108:1210,241.34,282.84,27.31,11.79,6.41,0.0
20230108:1310,124.43,156.57,26.31,12.24,6.97,0.0
20230108:1410,36.31,56.76,22.38,12.27,6.48,0.0
20230108:1510,69.19,94.95,16.0,12.26,6.0,0.0
20230108:1610,57.4,82.14,7.76,11.93,5.17,0.0
20230108:1710,0.0,0.0,0.0,11.8,5.31,0.0
20230108:1810,0.0,0.0,0.0,11.75,5.52,0.0
20230108:1910,0.0,0.0,0.0,11.87,5.93,0.0
20230108:2010,0.0,0.0,0.0,11.76,5.59,0.0
20230108:2110,0.0,0.0,0.0,11.6,4.83,0.0
20230108:2210,0.0,0.0,0.0,11.38,4.21,0.0
20230108:2310,0.0,0.0,0.0,11.2,3.66,0.0
20230109:0010,0.0,0.0,0.0,11.1,3.45,0.0
20230109:0110,0.0,0.0,0.0,11.01,3.17,0.0
20230109:0210,0.0,0.0,0.0,10.71,2.9,0.0
20230109:0310,0.0,0.0,0.0,10.5,3.03,0.0
20230109:0410,0.0,0.0,0.0,9.69,2.41,0.0
20230109:0510,0.0,0.0,0.0,9.8,2.21,0.0
20230109:0610,0.0,0.0,0.0,9.59,1.86,0.0
20230109:0710,0.0,0.0,0.0,10.06,2.14,0.0
20230109:0810,103.15,139.48,4.53,9.83,1.93,0.0
20230109:0910,338.86,395.3,13.32,10.1,1.66,0.0
20230109:1010,578.87,673.05,20.45,10.73,2.21,0.0
20230109:1110,691.49,807.14,25.34,11.26,3.03,0.0
20230109:1210,702.63,823.57,27.44,11.55,2.97,0.0
20230109:1310,668.05,783.64,26.46,12.14,2.83,0.0
20230109:1410,571.97,666.38,22.54,12.47,2.76,0.0
20230109:1510,465.2,542.01,16.17,12.59,2.62,0.0
20230109:1610,226.85,278.27,7.92,12.27,1.72,0.0
20230109:1710,0.0,0.0,0.0,11.05,1.17,0.0
20230109:1810,0.0,0.0,0.0,10.21,0.97,0.0
20230109:1910,0.0,0.0,0.0,10.69,0.83,0.0
20230109:2010,0.0,0.0,0.0,9.87,0.83,0.0
20230109:2110,0.0,0.0,0.0,8.96,0.9,0.0
20230109:2210,0.0,0.0,0.0,7.37,1.1,0.0
20230109:2310,0.0,0.0,0.0,6.54,1.03,0.0
20230110:0010,0.0,0.0,0.0,6.76,0.55,0.0
20230110:0110,0.0,0.0,0.0,6.17,0.21,0.0
20230110:0210,0.0,0.0,0.0,5.5,0.55,0.0
20230110:0310,0.0,0.0,0.0,4.83,0.62,0.0
20230110:0410,0.0,0.0,0.0,4.29,0.62,0.0
20230110:0510,0.0,0.0,0.0,2.96,1.17,0.0
20230110:0610,0.0,0.0,0.0,2.13,1.31,0.0
20230110:0710,0.0,0.0,0.0,1.5,1.31,0.0
20230110:0810,135.39,172.05,4.58,1.54,1.24,0.0
20230110:0910,347.46,396.07,13.38,3.58,0.69,0.0
20230110:1010,291.62,336.85,20.54,6.81,0.55,0.0
20230110:1110,307.92,358.5,25.46,8.95,0.76,0.0
20230110:1210,312.15,365.26,27.58,10.5,1.1,0.0
20230110:1310,255.16,302.07,26.62,11.67,1.52,0.0
20230110:1410,611.1,721.95,22.71,12.38,1.79,0.0
20230110:1510,470.01,550.67,16.34,12.64,2.0,0.0
20230110:1610,259.02,315.72,8.09,12.25,1.72,0.0
20230110:1710,0.0,0.0,0.0,10.94,1.86,0.0
20230110:1810,0.0,0.0,0.0,9.6,2.0,0.0
20230110:1910,0.0,0.0,0.0,8.59,2.0,0.0
20230110:2010,0.0,0.0,0.0,7.89,1.93,0.0
20230110:2110,0.0,0.0,0.0,7.19,1.93,0.0
20230110:2210,0.0,0.0,0.0,6.53,1.93,0.0
20230110:2310,0.0,0.0,0.0,5.62,1.86,0.0
20230111:0010,0.0,0.0,0.0,5.24,1.86,0.0
20230111:0110,0.0,0.0,0.0,5.65,1.72,0.0
20230111:0210,0.0,0.0,0.0,5.99,1.59,0.0
20230111:0310,0.0,0.0,0.0,6.08,1.31,0.0
20230111:0410,0.0,0.0,0.0,6.08,1.1,0.0
20230111:0510,0.0,0.0,0.0,6.13,0.9,0.0
20230111:0610,0.0,0.0,0.0,6.11,0.9,0.0
20230111:0710,0.0,0.0,0.0,5.9,1.1,0.0
20230111:0810,34.71,55.41,4.63,6.22,1.1,0.0
20230111:0910,42.02,62.43,13.45,6.84,1.03,0.0
20230111:1010,97.04,124.73,20.64,7.62,0.9,0.0
20230111:1110,132.17,163.74,25.58,8.17,1.03,0.0
20230111:1210,65.44,89.87,27.73,8.53,0.76,0.0
20230111:1310,140.63,174.05,26.79,9.01,0.48,0.0
20230111:1410,103.31,133.06,22.89,9.87,0.48,0.0
20230111:1510,232.09,274.88,16.52,10.34,0.97,0.0
20230111:1610,103.27,134.52,8.27,10.29,1.17,0.0
20230111:1710,0.0,0.0,0.0,9.55,1.24,0.0
20230111:1810,0.0,0.0,0.0,8.36,1.38,0.0
20230111:1910,0.0,0.0,0.0,6.9,1.45,0.0
20230111:2010,0.0,0.0,0.0,5.84,1.38,0.0
20230111:2110,0.0,0.0,0.0,4.81,1.52,0.0
20230111:2210,0.0,0.0,0.0,4.08,1.52,0.0
20230111:2310,0.0,0.0,0.0,3.34,1.66,0.0
20230112:0010,0.0,0.0,0.0,2.92,1.59,0.0
20230112:0110,0.0,0.0,0.0,2.94,1.52,0.0
20230112:0210,0.0,0.0,0.0,3.18,1.59,0.0
20230112:0310,0.0,0.0,0.0,3.1,1.52,0.0
20230112:0410,0.0,0.0,0.0,2.74,1.45,0.0
20230112:0510,0.0,0.0,0.0,2.62,1.31,0.0
20230112:0610,0.0,0.0,0.0,2.44,1.17,0.0
20230112:0710,0.0,0.0,0.0,1.48,1.45,0.0
20230112:0810,121.1,155.29,4.68,1.21,1.17,0.0
20230112:0910,367.42,414.18,13.53,1.6,0.9,0.0
20230112:1010,542.95,615.93,20.74,2.67,0.76,0.0
20230112:1110,622.69,721.67,25.71,4.25,0.55,0.0
20230112:1210,732.57,875.9,27.88,6.33,0.48,0.0
20230112:1310,710.48,850.65,26.96,8.01,0.62,0.0
20230112:1410,622.28,732.57,23.07,9.12,1.03,0.0
20230112:1510,474.94,552.46,16.7,9.56,1.24,0.0
20230112:1610,190.2,232.36,8.45,9.39,1.31,0.0
20230112:1710,0.0,0.0,0.0,8.49,1.31,0.0
20230112:1810,0.0,0.0,0.0,7.17,1.52,0.0
20230112:1910,0.0,0.0,0.0,6.54,1.59,0.0
20230112:2010,0.0,0.0,0.0,5.64,1.66,0.0
20230112:2110,0.0,0.0,0.0,5.03,1.66,0.0
20230112:2210,0.0,0.0,0.0,4.49,1.66,0.0
20230112:2310,0.0,0.0,0.0,3.28,1.45,0.0
20230113:0010,0.0,0.0,0.0,3.87,1.1,0.0
20230113:0110,0.0,0.0,0.0,4.68,0.48,0.0
20230113:0210,0.0,0.0,0.0,4.3,0.28,0.0
20230113:0310,0.0,0.0,0.0,3.72,0.76,0.0
20230113:0410,0.0,0.0,0.0,3.12,0.76,0.0
20230113:0510,0.0,0.0,0.0,2.53,0.9,0.0
20230113:0610,0.0,0.0,0.0,2.5,1.17,0.0
20230113:0710,0.0,0.0,0.0,2.78,1.45,0.0
20230113:0810,161.81,203.72,4.74,3.13,1.59,0.0
20230113:0910,96.11,121.37,13.62,3.7,1.59,0.0
20230113:1010,511.24,580.78,20.85,4.64,1.17,0.0
20230113:1110,462.96,530.7,25.85,6.17,0.83,0.0
20230113:1210,684.71,821.1,28.05,7.86,0.34,0.0
20230113:1310,548.7,650.2,27.14,9.17,0.21,0.0
20230113:1410,621.32,741.51,23.26,10.07,0.55,0.0
20230113:1510,476.99,561.96,16.89,10.56,0.62,0.0
20230113:1610,278.53,337.24,8.63,10.45,0.69,0.0
20230113:1710,0.0,0.0,0.0,9.62,0.62,0.0
20230113:1810,0.0,0.0,0.0,7.93,0.83,0.0
20230113:1910,0.0,0.0,0.0,6.17,1.24,0.0
20230113:2010,0.0,0.0,0.0,5.12,1.24,0.0
20230113:2110,0.0,0.0,0.0,4.99,1.03,0.0
20230113:2210,0.0,0.0,0.0,4.65,1.03,0.0
20230113:2310,0.0,0.0,0.0,5.3,0.34,0.0
20230114:0010,0.0,0.0,0.0,2.97,1.52,0.0
20230114:0110,0.0,0.0,0.0,2.12,1.45,0.0
20230114:0210,0.0,0.0,0.0,0.99,1.38,0.0
20230114:0310,0.0,0.0,0.0,0.7,1.31,0.0
20230114:0410,0.0,0.0,0.0,0.1,0.97,0.0
20230114:0510,0.0,0.0,0.0,-0.11,1.03,0.0
20230114:0610,0.0,0.0,0.0,0.04,1.03,0.0
20230114:0710,0.0,0.0,0.0,0.71,1.17,0.0
20230114:0810,131.1,166.62,4.81,0.74,1.17,0.0
20230114:0910,373.81,420.22,13.71,1.29,1.03,0.0
20230114:1010,373.06,419.38,20.97,2.71,0.9,0.0
20230114:1110,545.34,625.58,25.99,4.4,0.62,0.0
20230114:1210,576.48,674.16,28.22,6.6,0.41,0.0
20230114:1310,676.18,807.14,27.32,8.58,0.62,0.0
20230114:1410,563.19,661.07,23.45,9.95,1.03,0.0
20230114:1510,371.32,432.58,17.08,10.71,1.31,0.0
20230114:1610,186.92,229.5,8.82,10.57,1.31,0.0
20230114:1710,0.0,0.0,0.0,9.57,1.38,0.0
20230114:1810,0.0,0.0,0.0,8.23,1.59,0.0
20230114:1910,0.0,0.0,0.0,7.16,1.52,0.0
20230114:2010,0.0,0.0,0.0,6.36,1.66,0.0
20230114:2110,0.0,0.0,0.0,5.54,1.72,0.0
20230114:2210,0.0,0.0,0.0,3.87,1.86,0.0
20230114:2310,0.0,0.0,0.0,3.33,1.86,0.0
20230115:0010,0.0,0.0,0.0,2.99,1.93,0.0
20230115:0110,0.0,0.0,0.0,2.82,2.0,0.0
20230115:0210,0.0,0.0,0.0,2.57,2.0,0.0
20230115:0310,0.0,0.0,0.0,2.33,2.07,0.0
20230115:0410,0.0,0.0,0.0,2.12,2.07,0.0
20230115:0510,0.0,0.0,0.0,2.3,2.0,0.0
20230115:0610,0.0,0.0,0.0,2.52,2.0,0.0
20230115:0710,0.0,0.0,0.0,3.14,1.59,0.0
20230115:0810,98.79,130.76,4.89,3.65,1.86,0.0
20230115:0910,77.46,101.49,13.81,4.8,2.41,0.0
20230115:1010,38.18,57.7,21.09,6.19,3.1,0.0
20230115:1110,119.99,149.67,26.15,8.07,3.52,0.0
20230115:1210,409.38,466.33,28.39,9.54,3.79,0.0
20230115:1310,254.23,297.0,27.52,10.49,3.79,0.0
20230115:1410,611.56,702.86,23.65,10.37,3.45,0.0
20230115:1510,390.07,447.05,17.27,10.08,3.24,0.0
20230115:1610,266.49,318.08,9.01,9.49,2.34,0.0
20230115:1710,0.0,0.0,0.0,8.25,2.07,0.0
20230115:1810,0.0,0.0,0.0,6.8,1.93,0.0
20230115:1910,0.0,0.0,0.0,5.9,1.86,0.0
20230115:2010,0.0,0.0,0.0,5.01,2.07,0.0
20230115:2110,0.0,0.0,0.0,4.05,2.07,0.0
20230115:2210,0.0,0.0,0.0,3.4,2.0,0.0
20230115:2310,0.0,0.0,0.0,2.71,2.07,0.0
20230116:0010,0.0,0.0,0.0,2.25,1.93,0.0
20230116:0110,0.0,0.0,0.0,2.1,2.14,0.0
20230116:0210,0.0,0.0,0.0,1.89,2.48,0.0
20230116:0310,0.0,0.0,0.0,1.84,2.9,0.0
20230116:0410,0.0,0.0,0.0,1.93,3.24,0.0
20230116:0510,0.0,0.0,0.0,2.21,3.72,0.0
20230116:0610,0.0,0.0,0.0,2.89,4.48,0.0
20230116:0710,0.0,0.0,0.0,3.94,5.1,0.0
20230116:0810,51.79,75.46,4.97,4.41,5.31,0.0
20230116:0910,85.23,109.66,13.91,4.89,5.52,0.0
20230116:1010,77.88,102.17,21.22,5.64,5.31,0.0
20230116:1110,94.97,121.09,26.31,6.44,7.03,0.0
20230116:1210,73.03,97.44,28.57,7.51,7.59,0.0
20230116:1310,46.81,68.11,27.72,8.3,7.79,0.0
20230116:1410,53.28,75.68,23.85,8.73,6.9,0.0
20230116:1510,22.93,39.73,17.48,8.76,6.83,0.0
20230116:1610,35.91,55.63,9.21,8.94,6.62,0.0
20230116:1710,0.0,0.0,0.0,8.7,6.21,0.0
20230116:1810,0.0,0.0,0.0,8.54,6.28,0.0
20230116:1910,0.0,0.0,0.0,8.92,6.9,0.0
20230116:2010,0.0,0.0,0.0,8.81,7.1,0.0
20230116:2110,0.0,0.0,0.0,8.64,7.1,0.0
20230116:2210,0.0,0.0,0.0,8.48,7.03,0.0
20230116:2310,0.0,0.0,0.0,8.32,6.83,0.0
20230117:0010,0.0,0.0,0.0,8.22,6.48,0.0
20230117:0110,0.0,0.0,0.0,8.2,6.41,0.0
20230117:0210,0.0,0.0,0.0,8.12,6.48,0.0
20230117:0310,0.0,0.0,0.0,8.08,6.41,0.0
20230117:0410,0.0,0.0,0.0,8.08,6.07,0.0
20230117:0510,0.0,0.0,0.0,8.25,6.0,0.0
20230117:0610,0.0,0.0,0.0,8.46,5.72,0.0
20230117:0710,0.0,0.0,0.0,8.4,5.66,0.0
20230117:0810,157.34,201.65,5.06,8.43,5.31,0.0
20230117:0910,219.38,256.21,14.02,8.38,4.83,0.0
20230117:1010,601.0,674.43,21.36,8.17,5.31,0.0
20230117:1110,553.9,622.7,26.47,9.18,5.79,0.0
20230117:1210,662.58,747.56,28.76,9.23,6.0,0.0
20230117:1310,627.58,705.48,27.92,9.41,6.55,0.0
20230117:1410,342.7,387.29,24.06,9.23,7.1,0.0
20230117:1510,416.96,468.33,17.68,8.96,6.76,0.0
20230117:1610,299.0,348.85,9.41,8.29,6.0,0.0
20230117:1710,0.0,0.0,0.0,7.33,5.17,0.0
20230117:1810,0.0,0.0,0.0,6.4,4.97,0.0
20230117:1910,0.0,0.0,0.0,5.23,3.52,0.0
20230117:2010,0.0,0.0,0.0,4.74,3.24,0.0
20230117:2110,0.0,0.0,0.0,4.22,3.38,0.0
20230117:2210,0.0,0.0,0.0,3.63,3.52,0.0
20230117:2310,0.0,0.0,0.0,3.16,3.59,0.0
20230118:0010,0.0,0.0,0.0,2.81,3.66,0.0
20230118:0110,0.0,0.0,0.0,2.08,3.52,0.0
20230118:0210,0.0,0.0,0.0,2.03,3.93,0.0
20230118:0310,0.0,0.0,0.0,1.91,3.93,0.0
20230118:0410,0.0,0.0,0.0,1.89,3.86,0.0
20230118:0510,0.0,0.0,0.0,1.55,3.79,0.0
20230118:0610,0.0,0.0,0.0,1.55,3.79,0.0
20230118:0710,0.0,0.0,0.0,1.52,3.86,0.0
20230118:0810,158.06,197.21,5.15,1.87,3.72,0.0
20230118:0910,460.8,514.75,14.14,3.09,3.17,0.0
20230118:1010,633.03,704.59,21.51,4.5,4.14,0.0
20230118:1110,393.83,439.4,26.64,5.49,4.41,0.0
20230118:1210,707.93,800.12,28.96,6.29,4.14,0.0
20230118:1310,649.37,733.7,28.13,6.8,3.93,0.0
20230118:1410,566.51,636.24,24.27,6.91,4.07,0.0
20230118:1510,508.45,568.84,17.89,6.43,4.41,0.0
20230118:1610,306.47,355.52,9.61,6.07,3.86,0.0
20230118:1710,0.0,0.0,0.0,5.25,3.45,0.0
20230118:1810,0.0,0.0,0.0,4.19,3.52,0.0
20230118:1910,0.0,0.0,0.0,3.84,3.72,0.0
20230118:2010,0.0,0.0,0.0,3.53,3.86,0.0
20230118:2110,0.0,0.0,0.0,3.21,3.45,0.0
20230118:2210,0.0,0.0,0.0,2.77,2.97,0.0
20230118:2310,0.0,0.0,0.0,2.29,2.55,0.0
20230119:0010,0.0,0.0,0.0,1.81,2.34,0.0
20230119:0110,0.0,0.0,0.0,1.41,2.28,0.0
20230119:0210,0.0,0.0,0.0,1.05,2.28,0.0
20230119:0310,0.0,0.0,0.0,0.96,2.28,0.0
20230119:0410,0.0,0.0,0.0,0.86,2.34,0.0
20230119:0510,0.0,0.0,0.0,0.71,2.48,0.0
20230119:0610,0.0,0.0,0.0,0.43,2.48,0.0
20230119:0710,0.0,0.0,0.0,0.56,2.28,0.0
20230119:0810,141.59,177.66,5.25,0.34,2.21,0.0
20230119:0910,422.15,472.39,14.26,1.83,1.93,0.0
20230119:1010,615.39,690.76,21.66,3.87,2.62,0.0
20230119:1110,701.42,797.07,26.82,5.37,2.9,0.0
20230119:1210,670.27,759.7,29.16,6.52,3.59,0.0
20230119:1310,570.43,641.94,28.35,7.12,4.07,0.0
20230119:1410,147.71,179.01,24.49,7.97,4.97,0.0
20230119:1510,139.07,169.27,18.11,7.98,5.17,0.0
20230119:1610,38.26,58.15,9.81,7.65,4.55,0.0
20230119:1710,0.0,0.0,0.0,6.72,4.62,0.0
20230119:1810,0.0,0.0,0.0,5.56,4.55,0.0
20230119:1910,0.0,0.0,0.0,5.64,4.83,0.0
20230119:2010,0.0,0.0,0.0,5.64,5.03,0.0
20230119:2110,0.0,0.0,0.0,5.83,4.97,0.0
20230119:2210,0.0,0.0,0.0,5.97,4.76,0.0
20230119:2310,0.0,0.0,0.0,6.21,4.41,0.0
20230120:0010,0.0,0.0,0.0,6.41,4.21,0.0
20230120:0110,0.0,0.0,0.0,6.52,4.07,0.0
20230120:0210,0.0,0.0,0.0,6.54,3.79,0.0
20230120:0310,0.0,0.0,0.0,6.5,3.52,0.0
20230120:0410,0.0,0.0,0.0,6.58,3.24,0.0
20230120:0510,0.0,0.0,0.0,6.86,3.1,0.0
20230120:0610,0.0,0.0,0.0,6.9,2.97,0.0
20230120:0710,0.0,0.0,0.0,7.6,2.69,0.0
20230120:0810,135.54,176.04,5.36,7.68,2.41,0.0
20230120:0910,401.21,462.18,14.39,8.41,2.14,0.0
20230120:1010,565.17,654.67,21.81,9.11,1.72,0.0
20230120:1110,660.28,777.18,27.01,10.37,1.79,0.0
20230120:1210,682.28,806.49,29.37,11.05,2.0,0.0
20230120:1310,396.52,461.21,28.57,11.49,1.93,0.0
20230120:1410,149.57,184.87,24.72,11.63,2.0,0.0
20230120:1510,205.48,245.49,18.33,11.42,2.07,0.0
20230120:1610,92.94,122.27,10.02,10.9,1.86,0.0
20230120:1710,0.0,0.0,0.0,9.91,1.59,0.0
20230120:1810,0.0,0.0,0.0,8.8,1.59,0.0
20230120:1910,0.0,0.0,0.0,9.48,1.24,0.0
20230120:2010,0.0,0.0,0.0,8.55,1.31,0.0
20230120:2110,0.0,0.0,0.0,8.11,1.24,0.0
20230120:2210,0.0,0.0,0.0,7.69,1.24,0.0
20230120:2310,0.0,0.0,0.0,6.84,1.38,0.0
20230121:0010,0.0,0.0,0.0,6.83,1.59,0.0
20230121:0110,0.0,0.0,0.0,6.63,1.72,0.0
20230121:0210,0.0,0.0,0.0,6.42,1.66,0.0
20230121:0310,0.0,0.0,0.0,5.76,1.66,0.0
20230121:0410,0.0,0.0,0.0,5.14,1.66,0.0
20230121:0510,0.0,0.0,0.0,4.77,1.52,0.0
20230121:0610,0.0,0.0,0.0,4.19,1.38,0.0
20230121:0710,0.0,0.0,0.0,4.65,1.24,0.0
20230121:0810,103.41,136.67,5.47,4.84,1.17,0.0
20230121:0910,415.73,475.95,14.53,5.63,1.31,0.0
20230121:1010,585.05,671.49,21.98,7.69,2.07,0.0
20230121:1110,686.39,788.87,27.2,8.72,3.31,0.0
20230121:1210,740.69,856.27,29.59,9.1,3.52,0.0
20230121:1310,690.96,798.41,28.8,9.43,3.24,0.0
20230121:1410,654.03,754.88,24.95,9.6,2.97,0.0
20230121:1510,497.44,569.16,18.55,9.51,3.03,0.0
20230121:1610,300.47,353.76,10.24,8.94,2.97,0.0
20230121:1710,0.0,0.0,0.0,7.74,2.48,0.0
20230121:1810,0.0,0.0,0.0,6.22,2.48,0.0
20230121:1910,0.0,0.0,0.0,5.5,2.76,0.0
20230121:2010,0.0,0.0,0.0,4.52,2.55,0.0
20230121:2110,0.0,0.0,0.0,3.68,2.48,0.0
20230121:2210,0.0,0.0,0.0,3.01,2.55,0.0
20230121:2310,0.0,0.0,0.0,2.43,2.48,0.0
20230122:0010,0.0,0.0,0.0,1.9,2.41,0.0
20230122:0110,0.0,0.0,0.0,1.35,2.34,0.0
20230122:0210,0.0,0.0,0.0,0.82,2.21,0.0
20230122:0310,0.0,0.0,0.0,0.3,2.0,0.0
20230122:0410,0.0,0.0,0.0,-0.17,1.93,0.0
20230122:0510,0.0,0.0,0.0,-0.66,1.93,0.0
20230122:0610,0.0,0.0,0.0,-1.13,1.93,0.0
20230122:0710,0.0,0.0,0.0,-1.22,1.86,0.0
20230122:0810,120.11,151.76,5.59,-1.26,1.86,0.0
20230122:0910,431.66,482.35,14.67,0.47,1.38,0.0
20230122:1010,616.81,694.47,22.15,3.21,2.14,0.0
20230122:1110,722.52,819.63,27.4,4.65,3.03,0.0
20230122:1210,782.23,895.53,29.81,5.84,3.38,0.0
20230122:1310,764.08,874.64,29.03,6.71,3.59,0.0
20230122:1410,693.2,787.97,25.18,7.26,3.79,0.0
20230122:1510,549.15,619.69,18.78,7.4,3.93,0.0
20230122:1610,329.5,382.38,10.45,7.03,3.59,0.0
20230122:1710,0.0,0.0,0.0,5.95,2.83,0.0
20230122:1810,0.0,0.0,0.0,4.49,2.69,0.0
20230122:1910,0.0,0.0,0.0,4.06,2.9,0.0
20230122:2010,0.0,0.0,0.0,3.11,2.62,0.0
20230122:2110,0.0,0.0,0.0,2.07,2.14,0.0
20230122:2210,0.0,0.0,0.0,1.13,1.72,0.0
20230122:2310,0.0,0.0,0.0,0.62,1.52,0.0
20230123:0010,0.0,0.0,0.0,0.15,1.59,0.0
20230123:0110,0.0,0.0,0.0,-0.43,1.72,0.0
20230123:0210,0.0,0.0,0.0,-0.49,1.45,0.0
20230123:0310,0.0,0.0,0.0,0.28,1.1,0.0
20230123:0410,0.0,0.0,0.0,1.1,0.83,0.0
20230123:0510,0.0,0.0,0.0,0.87,0.9,0.0
20230123:0610,0.0,0.0,0.0,-0.28,1.31,0.0
20230123:0710,0.0,0.0,0.0,-0.1,2.14,0.0
20230123:0810,112.38,143.91,5.71,0.57,2.14,0.0
20230123:0910,424.0,474.24,14.82,1.74,1.93,0.0
20230123:1010,611.58,685.79,22.32,3.62,2.62,0.0
20230123:1110,732.05,824.84,27.6,4.68,3.72,0.0
20230123:1210,776.3,879.78,30.04,5.75,4.21,0.0
20230123:1310,768.04,873.66,29.27,6.48,4.07,0.0
20230123:1410,694.94,786.13,25.42,6.98,4.14,0.0
20230123:1510,537.15,603.39,19.01,6.89,4.14,0.0
20230123:1610,324.93,375.3,10.67,6.24,3.79,0.0
20230123:1710,0.0,0.0,0.0,5.12,3.38,0.0
20230123:1810,0.0,0.0,0.0,4.12,3.24,0.0
20230123:1910,0.0,0.0,0.0,4.44,3.66,0.0
20230123:2010,0.0,0.0,0.0,3.94,3.66,0.0
20230123:2110,0.0,0.0,0.0,3.56,3.66,0.0
20230123:2210,0.0,0.0,0.0,2.99,3.52,0.0
20230123:2310,0.0,0.0,0.0,2.32,2.97,0.0
20230124:0010,0.0,0.0,0.0,1.72,2.48,0.0
20230124:0110,0.0,0.0,0.0,1.33,2.34,0.0
20230124:0210,0.0,0.0,0.0,0.94,2.28,0.0
20230124:0310,0.0,0.0,0.0,0.77,2.28,0.0
20230124:0410,0.0,0.0,0.0,0.41,2.14,0.0
20230124:0510,0.0,0.0,0.0,-0.03,2.07,0.0
20230124:0610,0.0,0.0,0.0,-0.18,2.14,0.0
20230124:0710,0.0,0.0,0.0,0.6,2.48,0.0
20230124:0810,39.7,59.59,5.84,0.59,2.28,0.0
20230124:0910,328.18,367.89,14.97,1.56,1.86,0.0
20230124:1010,251.59,284.95,22.51,2.88,2.76,0.0
20230124:1110,258.74,294.13,27.81,4.24,3.59,0.0
20230124:1210,444.34,496.87,30.27,5.09,3.45,0.0
20230124:1310,206.7,241.51,29.52,6.15,3.38,0.0
20230124:1410,261.9,301.11,25.67,6.82,2.97,0.0
20230124:1510,527.67,598.25,19.24,7.01,2.83,0.0
20230124:1610,323.41,376.45,10.89,6.96,2.62,0.0
20230124:1710,0.0,0.0,0.0,6.03,1.86,0.0
20230124:1810,0.0,0.0,0.0,4.53,1.86,0.0
20230124:1910,0.0,0.0,0.0,3.85,2.07,0.0
20230124:2010,0.0,0.0,0.0,3.04,2.48,0.0
20230124:2110,0.0,0.0,0.0,2.32,2.83,0.0
20230124:2210,0.0,0.0,0.0,1.78,2.97,0.0
20230124:2310,0.0,0.0,0.0,1.34,2.9,0.0
20230125:0010,0.0,0.0,0.0,0.72,2.83,0.0
20230125:0110,0.0,0.0,0.0,0.24,2.69,0.0
20230125:0210,0.0,0.0,0.0,-0.07,2.62,0.0
20230125:0310,0.0,0.0,0.0,-0.31,2.48,0.0
20230125:0410,0.0,0.0,0.0,-0.43,2.34,0.0
20230125:0510,0.0,0.0,0.0,-0.57,2.34,0.0
20230125:0610,0.0,0.0,0.0,-0.67,2.28,0.0
20230125:0710,0.0,0.0,0.0,-0.76,2.34,0.0
20230125:0810,131.01,163.63,5.98,-0.62,2.41,0.0
20230125:0910,438.07,487.4,15.13,0.94,2.14,0.0
20230125:1010,621.34,696.76,22.7,3.19,2.48,0.0
20230125:1110,717.55,823.33,28.03,5.07,2.21,0.0
20230125:1210,769.98,900.49,30.51,6.67,2.0,0.0
20230125:1310,740.8,866.17,29.77,7.83,2.14,0.0
20230125:1410,672.15,780.74,25.92,8.61,2.21,0.0
20230125:1510,525.63,605.87,19.48,9.03,2.07,0.0
20230125:1610,308.6,364.59,11.12,9.01,1.66,0.0
20230125:1710,0.0,0.0,0.0,8.06,1.52,0.0
20230125:1810,0.0,0.0,0.0,6.28,2.0,0.0
20230125:1910,0.0,0.0,0.0,5.22,2.07,0.0
20230125:2010,0.0,0.0,0.0,4.25,2.07,0.0
20230125:2110,0.0,0.0,0.0,3.19,2.14,0.0
20230125:2210,0.0,0.0,0.0,2.19,2.07,0.0
20230125:2310,0.0,0.0,0.0,1.41,1.93,0.0
20230126:0010,0.0,0.0,0.0,0.71,1.45,0.0
20230126:0110,0.0,0.0,0.0,0.82,1.1,0.0
20230126:0210,0.0,0.0,0.0,0.03,1.52,0.0
20230126:0310,0.0,0.0,0.0,-0.15,1.52,0.0
20230126:0410,0.0,0.0,0.0,0.75,1.59,0.0
20230126:0510,0.0,0.0,0.0,0.84,1.72,0.0
20230126:0610,0.0,0.0,0.0,1.18,1.72,0.0
20230126:0710,0.0,0.0,0.0,1.77,2.14,0.0
20230126:0810,167.91,207.57,6.12,1.64,2.14,0.0
20230126:0910,430.3,483.8,15.3,2.67,1.79,0.0
20230126:1010,510.19,573.46,22.89,4.81,2.34,0.0
20230126:1110,445.24,501.07,28.25,5.87,2.83,0.0
20230126:1210,765.52,879.33,30.75,7.11,3.45,0.0
20230126:1310,765.6,883.2,30.02,8.03,3.45,0.0
20230126:1410,686.81,788.21,26.17,8.5,3.31,0.0
20230126:1510,500.47,569.7,19.72,8.45,3.03,0.0
20230126:1610,328.41,383.76,11.35,8.39,2.83,0.0
20230126:1710,0.0,2.84,1.63,7.5,2.34,0.0
20230126:1810,0.0,0.0,0.0,6.14,2.41,0.0
20230126:1910,0.0,0.0,0.0,5.64,2.9,0.0
20230126:2010,0.0,0.0,0.0,4.97,2.76,0.0
20230126:2110,0.0,0.0,0.0,4.7,2.55,0.0
20230126:2210,0.0,0.0,0.0,4.1,2.21,0.0
20230126:2310,0.0,0.0,0.0,3.31,2.14,0.0
20230127:0010,0.0,0.0,0.0,2.69,2.14,0.0
20230127:0110,0.0,0.0,0.0,2.26,2.07,0.0
20230127:0210,0.0,0.0,0.0,1.89,1.93,0.0
20230127:0310,0.0,0.0,0.0,1.3,1.79,0.0
20230127:0410,0.0,0.0,0.0,1.27,1.52,0.0
20230127:0510,0.0,0.0,0.0,1.01,1.52,0.0
20230127:0610,0.0,0.0,0.0,1.13,1.59,0.0
20230127:0710,0.0,0.0,0.0,1.46,1.86,0.0
20230127:0810,176.83,217.56,6.27,1.44,2.0,0.0
20230127:0910,448.79,504.67,15.47,3.18,2.14,0.0
20230127:1010,623.93,705.12,23.09,5.13,2.69,0.0
20230127:1110,739.49,832.8,28.48,7.01,5.31,0.0
20230127:1210,239.01,276.92,31.01,8.02,5.72,0.0
20230127:1310,519.35,584.3,30.28,8.52,5.31,0.0
20230127:1410,369.79,418.3,26.43,8.55,5.03,0.0
20230127:1510,421.48,474.61,19.97,8.25,4.97,0.0
20230127:1610,248.4,290.11,11.58,7.56,4.69,0.0
20230127:1710,0.0,3.78,1.85,6.28,3.93,0.0
20230127:1810,0.0,0.0,0.0,4.88,3.72,0.0
20230127:1910,0.0,0.0,0.0,4.19,3.79,0.0
20230127:2010,0.0,0.0,0.0,3.46,3.59,0.0
20230127:2110,0.0,0.0,0.0,2.88,3.38,0.0
20230127:2210,0.0,0.0,0.0,2.51,3.1,0.0
20230127:2310,0.0,0.0,0.0,2.47,2.83,0.0
20230128:0010,0.0,0.0,0.0,2.15,2.55,0.0
20230128:0110,0.0,0.0,0.0,2.1,2.34,0.0
20230128:0210,0.0,0.0,0.0,1.91,2.28,0.0
20230128:0310,0.0,0.0,0.0,1.83,2.07,0.0
20230128:0410,0.0,0.0,0.0,1.68,2.0,0.0
20230128:0510,0.0,0.0,0.0,1.22,2.0,0.0
20230128:0610,0.0,0.0,0.0,1.27,2.14,0.0
20230128:0710,0.0,0.0,0.0,1.01,2.34,0.0
20230128:0810,177.7,217.93,6.42,0.98,2.07,0.0
20230128:0910,438.46,492.77,15.65,2.33,1.66,0.0
20230128:1010,617.64,696.78,23.3,4.46,2.48,0.0
20230128:1110,750.95,844.56,28.72,5.99,4.9,0.0
20230128:1210,800.6,908.17,31.26,7.7,5.52,0.0
20230128:1310,775.88,882.73,30.55,8.92,5.66,0.0
20230128:1410,701.65,796.05,26.69,9.14,5.24,0.0
20230128:1510,544.91,616.36,20.22,9.13,4.76,0.0
20230128:1610,333.13,387.17,11.81,8.58,3.93,0.0
20230128:1710,0.41,6.62,2.06,7.17,3.03,0.0
20230128:1810,0.0,0.0,0.0,5.53,2.62,0.0
20230128:1910,0.0,0.0,0.0,4.97,3.17,0.0
20230128:2010,0.0,0.0,0.0,4.2,3.1,0.0
20230128:2110,0.0,0.0,0.0,3.5,2.83,0.0
20230128:2210,0.0,0.0,0.0,2.82,2.55,0.0
20230128:2310,0.0,0.0,0.0,2.34,2.34,0.0
20230129:0010,0.0,0.0,0.0,1.86,2.21,0.0
20230129:0110,0.0,0.0,0.0,1.27,2.07,0.0
20230129:0210,0.0,0.0,0.0,0.79,1.86,0.0
20230129:0310,0.0,0.0,0.0,0.21,1.72,0.0
20230129:0410,0.0,0.0,0.0,-0.27,1.72,0.0
20230129:0510,0.0,0.0,0.0,-0.49,1.86,0.0
20230129:0610,0.0,0.0,0.0,-0.49,2.0,0.0
20230129:0710,0.0,0.0,0.0,-0.8,2.21,0.0
20230129:0810,184.19,223.45,6.58,-0.73,2.28,0.0
20230129:0910,448.3,499.17,15.83,1.14,2.14,0.0
20230129:1010,629.31,698.12,23.51,2.89,3.59,0.0
20230129:1110,752.34,845.79,28.96,4.05,3.86,0.0
20230129:1210,803.29,917.76,31.53,5.02,3.38,0.0
20230129:1310,778.59,892.41,30.82,5.74,3.17,0.0
20230129:1410,711.51,812.52,26.95,6.68,3.17,0.0
20230129:1510,556.26,631.39,20.47,7.1,2.9,0.0
20230129:1610,341.66,396.3,12.04,6.62,2.21,0.0
20230129:1710,1.29,8.51,2.28,5.41,1.93,0.0
20230129:1810,0.0,0.0,0.0,3.52,2.34,0.0
20230129:1910,0.0,0.0,0.0,2.55,2.48,0.0
20230129:2010,0.0,0.0,0.0,1.84,2.76,0.0
20230129:2110,0.0,0.0,0.0,1.26,2.83,0.0
20230129:2210,0.0,0.0,0.0,0.66,2.69,0.0
20230129:2310,0.0,0.0,0.0,0.14,2.55,0.0
20230130:0010,0.0,0.0,0.0,-0.32,2.28,0.0
20230130:0110,0.0,0.0,0.0,-0.76,2.07,0.0
20230130:0210,0.0,0.0,0.0,-1.14,1.86,0.0
20230130:0310,0.0,0.0,0.0,-1.49,1.72,0.0
20230130:0410,0.0,0.0,0.0,-1.86,1.66,0.0
20230130:0510,0.0,0.0,0.0,-2.02,1.72,0.0
20230130:0610,0.0,0.0,0.0,-1.99,1.72,0.0
20230130:0710,0.0,0.0,0.0,-2.28,1.86,0.0
20230130:0810,186.83,225.15,6.75,-2.17,1.72,0.0
20230130:0910,445.48,495.45,16.02,-0.05,1.59,0.0
20230130:1010,621.84,704.6,23.73,2.48,1.38,0.0
20230130:1110,737.46,860.64,29.21,4.45,1.17,0.0
20230130:1210,762.59,910.8,31.79,5.73,0.69,0.0
20230130:1310,753.54,907.12,31.09,6.59,0.48,0.0
20230130:1410,688.7,820.29,27.22,7.13,0.48,0.0
20230130:1510,536.86,626.68,20.72,7.3,0.48,0.0
20230130:1610,342.36,402.66,12.28,7.09,0.55,0.0
20230130:1710,1.75,9.46,2.5,6.37,0.21,0.0
20230130:1810,0.0,0.0,0.0,5.12,0.48,0.0
20230130:1910,0.0,0.0,0.0,2.76,1.31,0.0
20230130:2010,0.0,0.0,0.0,2.4,1.17,0.0
20230130:2110,0.0,0.0,0.0,2.66,0.97,0.0
20230130:2210,0.0,0.0,0.0,2.48,0.76,0.0
20230130:2310,0.0,0.0,0.0,1.94,0.34,0.0
20230131:0010,0.0,0.0,0.0,1.38,0.41,0.0
20230131:0110,0.0,0.0,0.0,0.8,0.69,0.0
20230131:0210,0.0,0.0,0.0,-0.01,0.76,0.0
20230131:0310,0.0,0.0,0.0,-0.44,0.76,0.0
20230131:0410,0.0,0.0,0.0,-1.58,1.1,0.0
20230131:0510,0.0,0.0,0.0,-2.36,1.31,0.0
20230131:0610,0.0,0.0,0.0,-2.54,1.31,0.0
20230131:0710,0.0,0.0,0.0,-2.77,1.38,0.0
20230131:0810,198.36,238.11,6.92,-2.82,1.17,0.0
20230131:0910,448.73,504.12,16.22,0.01,0.62,0.0
20230131:1010,615.97,709.3,23.95,3.17,0.55,0.0
20230131:1110,705.74,837.76,29.46,5.49,0.41,0.0
20230131:1210,745.22,909.24,32.07,7.09,0.07,0.0
20230131:1310,753.77,921.16,31.37,8.25,0.28,0.0
20230131:1410,677.49,813.46,27.49,8.98,0.48,0.0
20230131:1510,545.14,643.56,20.98,9.36,0.48,0.0
20230131:1610,344.63,408.01,12.52,9.0,0.76,0.0
20230131:1710,5.06,16.06,2.73,7.62,1.59,0.0
20230131:1810,0.0,0.0,0.0,5.65,1.79,0.0
20230131:1910,0.0,0.0,0.0,4.04,1.24,0.0
20230131:2010,0.0,0.0,0.0,4.61,0.69,0.0
20230131:2110,0.0,0.0,0.0,1.54,1.38,0.0
20230131:2210,0.0,0.0,0.0,0.38,1.86,0.0
20230131:2310,0.0,0.0,0.0,-0.04,2.07,0.0
20230201:0010,0.0,0.0,0.0,-0.18,2.14,0.0
20230201:0110,0.0,0.0,0.0,-0.13,2.21,0.0
20230201:0210,0.0,0.0,0.0,-0.52,2.28,0.0
20230201:0310,0.0,0.0,0.0,-0.4,2.34,0.0
20230201:0410,0.0,0.0,0.0,-0.36,2.34,0.0
20230201:0510,0.0,0.0,0.0,-0.24,2.41,0.0
20230201:0610,0.0,0.0,0.0,-0.23,2.41,0.0
20230201:0710,0.0,0.0,0.0,-0.54,2.21,0.0
20230201:0810,184.26,223.19,7.09,-0.45,2.21,0.0
20230201:0910,438.66,491.17,16.42,1.98,1.86,0.0
20230201:1010,598.06,676.93,24.19,5.22,2.41,0.0
20230201:1110,716.08,824.28,29.72,7.3,2.9,0.0
20230201:1210,755.2,881.43,32.35,8.74,2.83,0.0
20230201:1310,754.17,886.95,31.66,9.78,2.62,0.0
20230201:1410,688.89,806.96,27.77,10.47,2.48,0.0
20230201:1510,535.68,621.65,21.24,10.72,2.28,0.0
20230201:1610,322.73,381.61,12.76,10.45,1.79,0.0
20230201:1710,6.03,17.6,2.95,9.12,1.93,0.0
20230201:1810,0.0,0.0,0.0,6.89,2.34,0.0
20230201:1910,0.0,0.0,0.0,6.38,2.07,0.0
20230201:2010,0.0,0.0,0.0,4.81,2.21,0.0
20230201:2110,0.0,0.0,0.0,3.87,2.48,0.0
20230201:2210,0.0,0.0,0.0,3.34,2.62,0.0
20230201:2310,0.0,0.0,0.0,2.68,2.69,0.0
20230202:0010,0.0,0.0,0.0,2.13,2.69,0.0
20230202:0110,0.0,0.0,0.0,1.65,2.62,0.0
20230202:0210,0.0,0.0,0.0,1.23,2.55,0.0
20230202:0310,0.0,0.0,0.0,0.86,2.48,0.0
20230202:0410,0.0,0.0,0.0,0.53,2.41,0.0
20230202:0510,0.0,0.0,0.0,0.22,2.28,0.0
20230202:0610,0.0,0.0,0.0,-0.05,2.14,0.0
20230202:0710,0.0,0.0,0.0,-0.52,2.07,0.0
20230202:0810,191.12,230.94,7.27,-0.57,1.86,0.0
20230202:0910,435.72,488.63,16.63,1.6,1.45,0.0
20230202:1010,609.54,698.15,24.42,4.69,1.31,0.0
20230202:1110,717.46,848.42,29.98,7.46,1.17,0.0
20230202:1210,741.25,892.52,32.63,9.56,1.1,0.0
20230202:1310,743.19,905.28,31.95,10.87,0.9,0.0
20230202:1410,670.28,810.96,28.05,11.69,0.76,0.0
20230202:1510,525.12,624.38,21.5,12.07,0.76,0.0
20230202:1610,334.32,401.02,13.0,12.0,0.76,0.0
20230202:1710,7.0,19.18,3.18,11.3,0.62,0.0
20230202:1810,0.0,0.0,0.0,10.45,0.41,0.0
20230202:1910,0.0,0.0,0.0,9.78,0.48,0.0
20230202:2010,0.0,0.0,0.0,8.86,0.55,0.0
20230202:2110,0.0,0.0,0.0,7.83,0.97,0.0
20230202:2210,0.0,0.0,0.0,4.33,1.31,0.0
20230202:2310,0.0,0.0,0.0,2.04,1.66,0.0
20230203:0010,0.0,0.0,0.0,1.03,1.79,0.0
20230203:0110,0.0,0.0,0.0,0.39,1.79,0.0
20230203:0210,0.0,0.0,0.0,-0.31,1.72,0.0
20230203:0310,0.0,0.0,0.0,-0.76,1.72,0.0
20230203:0410,0.0,0.0,0.0,-1.07,1.66,0.0
20230203:0510,0.0,0.0,0.0,-1.08,1.66,0.0
20230203:0610,0.0,0.0,0.0,-2.21,1.72,0.0
20230203:0710,0.0,0.0,0.0,-2.42,1.72,0.0
20230203:0810,200.45,239.8,7.46,-2.19,1.59,0.0
20230203:0910,449.83,505.77,16.84,1.47,1.17,0.0
20230203:1010,617.27,712.19,24.66,5.06,1.03,0.0
20230203:1110,724.76,864.92,30.25,8.07,0.97,0.0
20230203:1210,749.79,914.93,32.92,10.51,0.83,0.0
20230203:1310,733.66,898.39,32.24,12.31,0.97,0.0
20230203:1410,669.34,813.4,28.33,13.48,1.03,0.0
20230203:1510,537.18,644.05,21.77,14.0,0.97,0.0
20230203:1610,334.98,405.45,13.25,13.86,0.69,0.0
20230203:1710,11.49,26.5,3.4,13.22,0.21,0.0
20230203:1810,0.0,0.0,0.0,12.17,0.14,0.0
20230203:1910,0.0,0.0,0.0,11.3,0.0,0.0
20230203:2010,0.0,0.0,0.0,10.19,0.48,0.0
20230203:2110,0.0,0.0,0.0,7.46,1.1,0.0
20230203:2210,0.0,0.0,0.0,3.24,1.66,0.0
20230203:2310,0.0,0.0,0.0,1.77,1.93,0.0
20230204:0010,0.0,0.0,0.0,0.94,1.86,0.0
20230204:0110,0.0,0.0,0.0,0.12,1.79,0.0
20230204:0210,0.0,0.0,0.0,-0.45,1.79,0.0
20230204:0310,0.0,0.0,0.0,-0.89,1.72,0.0
20230204:0410,0.0,0.0,0.0,-2.12,1.66,0.0
20230204:0510,0.0,0.0,0.0,-2.35,1.66,0.0
20230204:0610,0.0,0.0,0.0,-2.53,1.66,0.0
20230204:0710,0.0,0.0,0.0,-2.73,1.45,0.0
20230204:0810,215.44,257.0,7.66,-2.19,1.17,0.0
20230204:0910,475.49,537.92,17.06,1.29,0.69,0.0
20230204:1010,637.67,744.13,24.91,5.28,0.62,0.0
20230204:1110,747.55,909.42,30.53,8.35,0.41,0.0
20230204:1210,765.29,954.76,33.21,10.78,0.21,0.0
20230204:1310,746.8,930.07,32.54,12.67,0.48,0.0
20230204:1410,665.95,815.41,28.62,14.15,0.83,0.0
20230204:1510,536.39,646.51,22.03,15.02,0.97,0.0
20230204:1610,332.86,405.09,13.5,15.1,0.69,0.0
20230204:1710,11.79,26.93,3.63,14.32,0.55,0.0
20230204:1810,0.0,0.0,0.0,12.67,0.97,0.0
20230204:1910,0.0,0.0,0.0,8.31,1.86,0.0
20230204:2010,0.0,0.0,0.0,6.22,2.14,0.0
20230204:2110,0.0,0.0,0.0,4.62,2.14,0.0
20230204:2210,0.0,0.0,0.0,3.13,2.07,0.0
20230204:2310,0.0,0.0,0.0,2.16,2.07,0.0
20230205:0010,0.0,0.0,0.0,1.46,2.14,0.0
20230205:0110,0.0,0.0,0.0,0.99,2.28,0.0
20230205:0210,0.0,0.0,0.0,0.76,2.34,0.0
20230205:0310,0.0,0.0,0.0,0.46,2.34,0.0
20230205:0410,0.0,0.0,0.0,0.17,2.28,0.0
20230205:0510,0.0,0.0,0.0,0.04,2.41,0.0
20230205:0610,0.0,0.0,0.0,0.09,2.48,0.0
20230205:0710,0.0,0.0,0.0,0.49,2.62,0.0
20230205:0810,204.08,245.84,7.85,0.87,2.55,0.0
20230205:0910,436.37,490.07,17.28,3.36,2.28,0.0
20230205:1010,621.64,709.55,25.16,6.87,2.62,0.0
20230205:1110,722.01,845.55,30.81,9.71,2.62,0.0
20230205:1210,750.36,896.78,33.51,12.1,2.41,0.0
20230205:1310,745.37,902.1,32.84,13.88,2.14,0.0
20230205:1410,676.55,818.85,28.91,14.96,1.79,0.0
20230205:1510,539.01,644.6,22.3,15.42,1.72,0.0
20230205:1610,348.94,421.54,13.74,15.21,1.59,0.0
20230205:1710,18.41,36.93,3.86,13.82,1.72,0.0
20230205:1810,0.0,0.0,0.0,11.44,2.28,0.0
20230205:1910,0.0,0.0,0.0,9.81,2.48,0.0
20230205:2010,0.0,0.0,0.0,8.53,2.76,0.0
20230205:2110,0.0,0.0,0.0,7.4,2.83,0.0
20230205:2210,0.0,0.0,0.0,6.24,2.69,0.0
20230205:2310,0.0,0.0,0.0,5.29,2.76,0.0
20230206:0010,0.0,0.0,0.0,4.62,2.83,0.0
20230206:0110,0.0,0.0,0.0,3.99,2.76,0.0
20230206:0210,0.0,0.0,0.0,3.41,2.76,0.0
20230206:0310,0.0,0.0,0.0,2.69,2.48,0.0
20230206:0410,0.0,0.0,0.0,2.13,2.34,0.0
20230206:0510,0.0,0.0,0.0,1.52,2.07,0.0
20230206:0610,0.0,0.0,0.0,0.75,1.79,0.0
20230206:0710,0.0,0.0,0.0,0.38,2.07,0.0
20230206:0810,211.9,254.61,8.06,0.41,2.07,0.0
20230206:0910,444.37,499.47,17.51,3.23,2.07,0.0
20230206:1010,625.46,709.19,25.42,6.21,2.97,0.0
20230206:1110,737.81,845.33,31.09,8.01,3.93,0.0
20230206:1210,777.53,895.21,33.82,8.91,4.41,0.0
20230206:1310,775.11,894.66,33.15,9.65,4.48,0.0
20230206:1410,687.86,790.03,29.2,10.3,4.41,0.0
20230206:1510,558.68,638.86,22.58,10.88,4.41,0.0
20230206:1610,308.23,360.62,13.99,10.46,3.72,0.0
20230206:1710,16.35,33.0,4.09,9.55,3.31,0.0
20230206:1810,0.0,0.0,0.0,7.54,3.17,0.0
20230206:1910,0.0,0.0,0.0,6.24,3.03,0.0
20230206:2010,0.0,0.0,0.0,5.56,1.86,0.0
20230206:2110,0.0,0.0,0.0,4.76,1.72,0.0
20230206:2210,0.0,0.0,0.0,3.83,1.93,0.0
20230206:2310,0.0,0.0,0.0,2.95,2.07,0.0
20230207:0010,0.0,0.0,0.0,2.39,2.14,0.0
20230207:0110,0.0,0.0,0.0,1.78,2.14,0.0
20230207:0210,0.0,0.0,0.0,1.33,2.14,0.0
20230207:0310,0.0,0.0,0.0,0.67,2.0,0.0
20230207:0410,0.0,0.0,0.0,0.05,1.93,0.0
20230207:0510,0.0,0.0,0.0,-0.46,1.93,0.0
20230207:0610,0.0,0.0,0.0,-0.94,1.86,0.0
20230207:0710,0.0,0.0,0.0,-0.99,1.86,0.0
20230207:0810,117.1,146.46,8.27,-0.46,1.79,0.0
20230207:0910,113.88,139.79,17.74,2.28,1.72,0.0
20230207:1010,61.69,84.19,25.68,4.75,1.79,0.0
20230207:1110,302.3,347.06,31.38,6.33,1.72,0.0
20230207:1210,676.17,789.95,34.12,7.69,1.72,0.0
20230207:1310,549.72,636.74,33.46,8.61,1.72,0.0
20230207:1410,135.9,168.33,29.5,8.93,1.52,0.0
20230207:1510,311.03,359.58,22.85,8.88,1.79,0.0
20230207:1610,249.52,294.13,14.24,8.86,2.07,0.0
20230207:1710,3.83,13.24,4.32,8.4,1.86,0.0
20230207:1810,0.0,0.0,0.0,7.23,1.59,0.0
20230207:1910,0.0,0.0,0.0,5.75,2.28,0.0
20230207:2010,0.0,0.0,0.0,5.0,2.21,0.0
20230207:2110,0.0,0.0,0.0,4.03,2.21,0.0
20230207:2210,0.0,0.0,0.0,3.35,2.34,0.0
20230207:2310,0.0,0.0,0.0,2.78,2.55,0.0
20230208:0010,0.0,0.0,0.0,2.28,2.76,0.0
20230208:0110,0.0,0.0,0.0,1.75,2.97,0.0
20230208:0210,0.0,0.0,0.0,1.47,3.03,0.0
20230208:0310,0.0,0.0,0.0,1.36,2.83,0.0
20230208:0410,0.0,0.0,0.0,1.11,2.62,0.0
20230208:0510,0.0,0.0,0.0,0.9,2.48,0.0
20230208:0610,0.0,0.0,0.0,0.66,2.41,0.0
20230208:0710,0.0,0.0,0.0,0.62,2.76,0.0
20230208:0810,167.55,203.96,8.48,1.15,2.69,0.0
20230208:0910,394.81,442.5,17.98,3.24,2.41,0.0
20230208:1010,346.44,391.6,25.95,5.65,2.62,0.0
20230208:1110,709.82,822.41,31.68,7.69,2.48,0.0
20230208:1210,185.82,222.92,34.44,9.39,2.9,0.0
20230208:1310,181.41,219.17,33.77,10.39,2.62,0.0
20230208:1410,120.49,152.3,29.8,10.79,2.41,0.0
20230208:1510,168.94,205.01,23.12,10.8,2.62,0.0
20230208:1610,140.47,174.14,14.5,10.51,2.69,0.0
20230208:1710,13.94,29.16,4.55,9.61,1.79,0.0
20230208:1810,0.0,0.0,0.0,8.41,1.31,0.0
20230208:1910,0.0,0.0,0.0,7.23,1.38,0.0
20230208:2010,0.0,0.0,0.0,6.19,1.24,0.0
20230208:2110,0.0,0.0,0.0,5.16,1.38,0.0
20230208:2210,0.0,0.0,0.0,4.73,1.45,0.0
20230208:2310,0.0,0.0,0.0,4.76,1.17,0.0
20230209:0010,0.0,0.0,0.0,4.75,0.97,0.0
20230209:0110,0.0,0.0,0.0,4.67,0.9,0.0
20230209:0210,0.0,0.0,0.0,4.43,0.97,0.0
20230209:0310,0.0,0.0,0.0,3.73,1.17,0.0
20230209:0410,0.0,0.0,0.0,3.09,1.31,0.0
20230209:0510,0.0,0.0,0.0,2.99,1.1,0.0
20230209:0610,0.0,0.0,0.0,2.89,1.1,0.0
20230209:0710,0.0,0.0,0.0,3.23,1.38,0.0
20230209:0810,203.66,248.69,8.7,3.66,1.38,0.0
20230209:0910,144.77,174.43,18.23,4.64,1.52,0.0
20230209:1010,371.92,420.46,26.22,5.04,1.86,0.0
20230209:1110,154.81,186.22,31.98,5.57,2.14,0.0
20230209:1210,393.97,448.83,34.75,6.4,2.0,0.0
20230209:1310,625.85,722.5,34.09,7.19,2.0,0.0
20230209:1410,568.47,655.85,30.1,8.26,1.93,0.0
20230209:1510,542.25,626.75,23.4,8.7,1.72,0.0
20230209:1610,192.37,230.68,14.75,8.89,1.72,0.0
20230209:1710,90.34,131.42,4.79,8.59,1.31,0.0
20230209:1810,0.0,0.0,0.0,7.52,1.38,0.0
20230209:1910,0.0,0.0,0.0,6.28,1.59,0.0
20230209:2010,0.0,0.0,0.0,4.78,1.86,0.0
20230209:2110,0.0,0.0,0.0,3.57,1.93,0.0
20230209:2210,0.0,0.0,0.0,2.64,2.0,0.0
20230209:2310,0.0,0.0,0.0,2.02,1.79,0.0
20230210:0010,0.0,0.0,0.0,1.7,1.72,0.0
20230210:0110,0.0,0.0,0.0,1.33,1.66,0.0
20230210:0210,0.0,0.0,0.0,1.18,1.52,0.0
20230210:0310,0.0,0.0,0.0,1.01,1.66,0.0
20230210:0410,0.0,0.0,0.0,0.79,1.72,0.0
20230210:0510,0.0,0.0,0.0,0.86,1.72,0.0
20230210:0610,0.0,0.0,0.0,0.76,1.72,0.0
20230210:0710,0.0,0.0,0.0,0.91,2.0,0.0
20230210:0810,234.33,280.35,8.92,1.09,1.93,0.0
20230210:0910,441.26,497.15,18.48,3.26,1.72,0.0
20230210:1010,519.41,587.49,26.5,5.39,2.14,0.0
20230210:1110,550.92,628.18,32.28,7.02,2.48,0.0
20230210:1210,513.22,587.81,35.08,8.08,2.48,0.0
20230210:1310,777.21,914.93,34.41,8.87,2.48,0.0
20230210:1410,717.98,838.88,30.4,9.2,2.48,0.0
20230210:1510,580.53,669.53,23.68,9.69,2.69,0.0
20230210:1610,374.31,436.17,15.0,9.56,2.62,0.0
20230210:1710,91.84,132.75,5.02,8.85,2.0,0.0
20230210:1810,0.0,0.0,0.0,7.28,1.93,0.0
20230210:1910,0.0,0.0,0.0,5.89,1.93,0.0
20230210:2010,0.0,0.0,0.0,4.4,1.72,0.0
20230210:2110,0.0,0.0,0.0,2.99,1.59,0.0
20230210:2210,0.0,0.0,0.0,2.05,1.66,0.0
20230210:2310,0.0,0.0,0.0,1.57,2.0,0.0
20230211:0010,0.0,0.0,0.0,1.28,2.14,0.0
20230211:0110,0.0,0.0,0.0,1.2,2.21,0.0
20230211:0210,0.0,0.0,0.0,0.72,2.28,0.0
20230211:0310,0.0,0.0,0.0,0.34,2.14,0.0
20230211:0410,0.0,0.0,0.0,-0.04,1.93,0.0
20230211:0510,0.0,0.0,0.0,-1.24,1.93,0.0
20230211:0610,0.0,0.0,0.0,-0.85,1.93,0.0
20230211:0710,0.0,0.0,0.0,-1.28,2.14,0.0
20230211:0810,235.32,279.1,9.15,-0.5,1.93,0.0
20230211:0910,485.3,544.42,18.73,2.42,1.93,0.0
20230211:1010,688.16,778.83,26.78,4.47,2.83,0.0
20230211:1110,806.89,931.06,32.59,5.65,2.9,0.0
20230211:1210,833.81,975.4,35.4,7.18,2.83,0.0
20230211:1310,794.8,930.12,34.73,8.42,2.9,0.0
20230211:1410,742.98,864.05,30.71,9.55,3.24,0.0
20230211:1510,604.99,694.8,23.96,10.09,3.59,0.0
20230211:1610,389.03,451.65,15.26,9.92,3.52,0.0
20230211:1710,105.45,149.97,5.25,9.13,2.48,0.0
20230211:1810,0.0,0.0,0.0,7.66,1.93,0.0
20230211:1910,0.0,0.0,0.0,6.63,2.0,0.0
20230211:2010,0.0,0.0,0.0,5.38,2.0,0.0
20230211:2110,0.0,0.0,0.0,4.45,2.14,0.0
20230211:2210,0.0,0.0,0.0,3.69,2.34,0.0
20230211:2310,0.0,0.0,0.0,3.0,2.41,0.0
20230212:0010,0.0,0.0,0.0,2.32,2.41,0.0
20230212:0110,0.0,0.0,0.0,1.78,2.34,0.0
20230212:0210,0.0,0.0,0.0,1.4,2.28,0.0
20230212:0310,0.0,0.0,0.0,0.56,2.07,0.0
20230212:0410,0.0,0.0,0.0,-0.13,1.93,0.0
20230212:0510,0.0,0.0,0.0,-0.53,1.79,0.0
20230212:0610,0.0,0.0,0.0,-0.68,1.86,0.0
20230212:0710,0.0,0.0,0.0,1.1,2.14,0.0
20230212:0810,223.57,267.81,9.38,1.65,2.14,0.0
20230212:0910,472.09,530.34,18.99,3.5,2.28,0.0
20230212:1010,618.97,699.78,27.07,5.03,2.62,0.0
20230212:1110,759.51,876.18,32.91,6.56,2.83,0.0
20230212:1210,761.55,891.52,35.73,7.91,2.41,0.0
20230212:1310,732.58,861.08,35.06,9.05,2.28,0.0
20230212:1410,605.24,705.21,31.02,10.18,2.21,0.0
20230212:1510,399.57,463.24,24.24,11.05,2.14,0.0
20230212:1610,228.72,273.39,15.51,11.23,2.07,0.0
20230212:1710,77.14,113.71,5.49,10.79,1.24,0.0
20230212:1810,0.0,0.0,0.0,8.97,1.03,0.0
20230212:1910,0.0,0.0,0.0,7.94,1.52,0.0
20230212:2010,0.0,0.0,0.0,7.3,2.07,0.0
20230212:2110,0.0,0.0,0.0,6.58,2.48,0.0
20230212:2210,0.0,0.0,0.0,5.98,2.48,0.0
20230212:2310,0.0,0.0,0.0,5.23,2.28,0.0
20230213:0010,0.0,0.0,0.0,4.54,2.07,0.0
20230213:0110,0.0,0.0,0.0,3.59,1.93,0.0
20230213:0210,0.0,0.0,0.0,2.69,1.93,0.0
20230213:0310,0.0,0.0,0.0,2.01,1.86,0.0
20230213:0410,0.0,0.0,0.0,1.66,1.86,0.0
20230213:0510,0.0,0.0,0.0,1.06,1.86,0.0
20230213:0610,0.0,0.0,0.0,-0.23,1.86,0.0
20230213:0710,0.0,0.0,0.0,-0.3,2.0,0.0
20230213:0810,227.92,271.24,9.62,0.36,1.86,0.0
20230213:0910,445.43,501.93,19.25,3.88,2.0,0.0
20230213:1010,627.19,713.61,27.36,6.49,2.76,0.0
20230213:1110,725.69,840.27,33.22,8.12,2.9,0.0
20230213:1210,550.56,633.65,36.06,9.65,3.03,0.0
20230213:1310,753.08,890.25,35.39,11.15,2.83,0.0
20230213:1410,697.62,822.84,31.33,12.0,2.69,0.0
20230213:1510,572.5,668.95,24.53,12.51,2.69,0.0
20230213:1610,371.98,439.11,15.77,12.71,2.76,0.0
20230213:1710,109.82,156.58,5.72,11.98,2.0,0.0
20230213:1810,0.0,0.0,0.0,10.36,2.0,0.0
20230213:1910,0.0,0.0,0.0,8.39,2.0,0.0
20230213:2010,0.0,0.0,0.0,7.19,2.34,0.0
20230213:2110,0.0,0.0,0.0,6.47,2.48,0.0
20230213:2210,0.0,0.0,0.0,5.7,2.34,0.0
20230213:2310,0.0,0.0,0.0,5.02,2.21,0.0
20230214:0010,0.0,0.0,0.0,4.51,2.14,0.0
20230214:0110,0.0,0.0,0.0,4.0,2.07,0.0
20230214:0210,0.0,0.0,0.0,3.68,2.0,0.0
20230214:0310,0.0,0.0,0.0,3.26,2.0,0.0
20230214:0410,0.0,0.0,0.0,3.4,2.0,0.0
20230214:0510,0.0,0.0,0.0,3.5,2.07,0.0
20230214:0610,0.0,0.0,0.0,3.52,2.07,0.0
20230214:0710,0.0,0.0,0.0,4.16,2.07,0.0
20230214:0810,74.23,99.49,9.86,4.55,2.07,0.0
20230214:0910,412.15,467.12,19.52,5.64,2.28,0.0
20230214:1010,313.51,357.43,27.65,6.87,2.97,0.0
20230214:1110,626.31,719.1,33.55,8.08,2.83,0.0
20230214:1210,420.59,483.7,36.4,9.26,2.55,0.0
20230214:1310,480.37,554.94,35.73,10.36,2.62,0.0
20230214:1410,218.17,259.95,31.64,11.11,2.76,0.0
20230214:1510,240.64,284.29,24.81,11.52,2.83,0.0
20230214:1610,103.28,133.32,16.03,11.51,3.03,0.0
20230214:1710,39.94,63.94,5.96,10.89,2.55,0.0
20230214:1810,0.0,0.0,0.0,9.55,2.55,0.0
20230214:1910,0.0,0.0,0.0,9.13,2.76,0.0
20230214:2010,0.0,0.0,0.0,8.6,2.76,0.0
20230214:2110,0.0,0.0,0.0,8.23,2.69,0.0
20230214:2210,0.0,0.0,0.0,7.91,2.48,0.0
20230214:2310,0.0,0.0,0.0,7.29,2.34,0.0
20230215:0010,0.0,0.0,0.0,6.69,2.21,0.0
20230215:0110,0.0,0.0,0.0,6.31,2.14,0.0
20230215:0210,0.0,0.0,0.0,5.71,2.07,0.0
20230215:0310,0.0,0.0,0.0,5.07,2.0,0.0
20230215:0410,0.0,0.0,0.0,4.85,1.93,0.0
20230215:0510,0.0,0.0,0.0,4.45,2.0,0.0
20230215:0610,0.0,0.0,0.0,4.69,1.93,0.0
20230215:0710,0.0,0.0,0.0,4.28,2.07,0.0
20230215:0810,240.31,290.48,10.11,4.81,2.0,0.0
20230215:0910,421.22,478.55,19.79,5.99,2.14,0.0
20230215:1010,620.94,710.2,27.95,7.12,2.48,0.0
20230215:1110,733.81,858.51,33.87,8.61,2.34,0.0
20230215:1210,792.68,946.36,36.74,10.11,2.14,0.0
20230215:1310,777.79,937.56,36.06,11.46,1.86,0.0
20230215:1410,655.11,779.79,31.96,12.33,1.79,0.0
20230215:1510,501.63,588.69,25.1,12.78,1.93,0.0
20230215:1610,325.42,386.73,16.28,12.83,1.86,0.0
20230215:1710,114.0,160.37,6.19,12.09,1.72,0.0
20230215:1810,0.0,0.0,0.0,10.27,2.34,0.0
20230215:1910,0.0,0.0,0.0,10.04,2.0,0.0
20230215:2010,0.0,0.0,0.0,9.02,1.79,0.0
20230215:2110,0.0,0.0,0.0,8.07,1.59,0.0
20230215:2210,0.0,0.0,0.0,7.31,1.52,0.0
20230215:2310,0.0,0.0,0.0,6.95,1.45,0.0
20230216:0010,0.0,0.0,0.0,6.57,1.45,0.0
20230216:0110,0.0,0.0,0.0,5.99,1.38,0.0
20230216:0210,0.0,0.0,0.0,4.96,1.52,0.0
20230216:0310,0.0,0.0,0.0,3.83,1.66,0.0
20230216:0410,0.0,0.0,0.0,3.08,1.66,0.0
20230216:0510,0.0,0.0,0.0,2.66,1.72,0.0
20230216:0610,0.0,0.0,0.0,2.19,1.66,0.0
20230216:0710,0.0,0.0,0.0,1.76,1.66,0.0
20230216:0810,249.26,297.71,10.36,2.06,1.38,0.0
20230216:0910,467.77,534.06,20.07,5.21,1.31,0.0
20230216:1010,636.8,743.68,28.26,8.25,1.45,0.0
20230216:1110,742.49,889.32,34.2,10.66,1.66,0.0
20230216:1210,758.21,917.56,37.09,12.28,1.79,0.0
20230216:1310,771.82,939.48,36.4,13.55,1.93,0.0
20230216:1410,688.44,828.45,32.27,14.35,2.07,0.0
20230216:1510,572.78,680.8,25.38,14.74,2.14,0.0
20230216:1610,376.06,449.67,16.54,14.68,2.07,0.0
20230216:1710,124.05,174.24,6.42,13.93,1.45,0.0
20230216:1810,0.0,0.0,0.0,12.16,2.07,0.0
20230216:1910,0.0,0.0,0.0,10.29,2.14,0.0
20230216:2010,0.0,0.0,0.0,8.61,2.28,0.0
20230216:2110,0.0,0.0,0.0,7.39,2.41,0.0
20230216:2210,0.0,0.0,0.0,6.34,2.41,0.0
20230216:2310,0.0,0.0,0.0,5.33,2.28,0.0
20230217:0010,0.0,0.0,0.0,4.45,2.21,0.0
20230217:0110,0.0,0.0,0.0,3.73,2.07,0.0
20230217:0210,0.0,0.0,0.0,3.19,2.07,0.0
20230217:0310,0.0,0.0,0.0,2.64,2.14,0.0
20230217:0410,0.0,0.0,0.0,2.17,2.14,0.0
20230217:0510,0.0,0.0,0.0,1.65,2.0,0.0
20230217:0610,0.0,0.0,0.0,1.19,2.0,0.0
20230217:0710,0.0,0.0,0.0,1.17,2.41,0.0
20230217:0810,261.56,309.86,10.62,1.76,2.28,0.0
20230217:0910,505.76,572.31,20.35,4.72,2.21,0.0
20230217:1010,684.4,797.52,28.57,8.25,2.0,0.0
20230217:1110,761.92,913.57,34.54,11.16,1.93,0.0
20230217:1210,815.89,994.31,37.44,13.05,2.14,0.0
20230217:1310,820.69,1003.74,36.74,14.29,2.34,0.0
20230217:1410,733.34,883.65,32.59,15.15,2.69,0.0
20230217:1510,602.06,714.89,25.67,15.58,2.9,0.0
20230217:1610,398.44,475.97,16.8,15.54,2.83,0.0
20230217:1710,136.09,189.82,6.66,14.56,2.07,0.0
20230217:1810,0.0,0.0,0.0,12.3,2.28,0.0
20230217:1910,0.0,0.0,0.0,10.55,2.07,0.0
20230217:2010,0.0,0.0,0.0,8.97,2.14,0.0
20230217:2110,0.0,0.0,0.0,8.12,2.41,0.0
20230217:2210,0.0,0.0,0.0,7.42,2.55,0.0
20230217:2310,0.0,0.0,0.0,6.58,2.48,0.0
20230218:0010,0.0,0.0,0.0,5.72,2.41,0.0
20230218:0110,0.0,0.0,0.0,4.78,2.21,0.0
20230218:0210,0.0,0.0,0.0,4.02,2.14,0.0
20230218:0310,0.0,0.0,0.0,3.53,2.14,0.0
20230218:0410,0.0,0.0,0.0,3.26,2.14,0.0
20230218:0510,0.0,0.0,0.0,3.21,2.07,0.0
20230218:0610,0.0,0.0,0.0,3.27,2.07,0.0
20230218:0710,0.0,0.0,0.0,3.47,2.14,0.0
20230218:0810,65.32,88.69,10.88,3.85,1.86,0.0
20230218:0910,128.44,158.41,20.63,6.93,1.79,0.0
20230218:1010,94.5,122.98,28.88,9.93,1.86,0.0
20230218:1110,655.19,778.28,34.88,12.09,1.93,0.0
20230218:1210,331.08,391.99,37.79,13.51,1.93,0.0
20230218:1310,351.14,417.12,37.09,14.74,2.0,0.0
20230218:1410,305.59,365.44,32.91,15.62,2.0,0.0
20230218:1510,521.41,622.36,25.96,15.96,1.93,0.0
20230218:1610,306.6,370.19,17.06,16.12,1.86,0.0
20230218:1710,125.18,176.44,6.89,15.36,1.38,0.0
20230218:1810,0.0,0.0,0.0,13.53,2.0,0.0
20230218:1910,0.0,0.0,0.0,11.68,1.86,0.0
20230218:2010,0.0,0.0,0.0,10.66,2.0,0.0
20230218:2110,0.0,0.0,0.0,9.72,2.14,0.0
20230218:2210,0.0,0.0,0.0,9.0,2.14,0.0
20230218:2310,0.0,0.0,0.0,8.27,2.07,0.0
20230219:0010,0.0,0.0,0.0,7.38,1.93,0.0
20230219:0110,0.0,0.0,0.0,6.58,1.93,0.0
20230219:0210,0.0,0.0,0.0,5.81,2.0,0.0
20230219:0310,0.0,0.0,0.0,5.17,1.93,0.0
20230219:0410,0.0,0.0,0.0,4.56,1.93,0.0
20230219:0510,0.0,0.0,0.0,4.11,1.93,0.0
20230219:0610,0.0,0.0,0.0,3.75,1.93,0.0
20230219:0710,0.0,0.0,0.0,3.47,1.86,0.0
20230219:0810,234.28,281.6,11.14,4.05,1.66,0.0
20230219:0910,394.33,454.79,20.92,8.38,1.59,0.0
20230219:1010,590.07,694.93,29.2,11.83,1.79,0.0
20230219:1110,737.07,892.22,35.22,14.4,2.14,0.0
20230219:1210,783.32,965.54,38.14,16.2,2.14,0.0
20230219:1310,735.49,906.83,37.44,17.57,2.14,0.0
20230219:1410,601.35,730.71,33.23,18.45,2.21,0.0
20230219:1510,416.59,500.63,26.24,18.9,2.34,0.0
20230219:1610,354.33,431.08,17.31,18.83,2.34,0.0
20230219:1710,57.64,88.45,7.13,18.04,1.66,0.0
20230219:1810,0.0,0.0,0.0,15.92,2.07,0.0
20230219:1910,0.0,0.0,0.0,14.01,2.14,0.0
20230219:2010,0.0,0.0,0.0,12.47,2.14,0.0
20230219:2110,0.0,0.0,0.0,11.34,2.21,0.0
20230219:2210,0.0,0.0,0.0,10.81,2.34,0.0
20230219:2310,0.0,0.0,0.0,9.88,2.41,0.0
20230220:0010,0.0,0.0,0.0,9.02,2.34,0.0
20230220:0110,0.0,0.0,0.0,8.12,2.28,0.0
20230220:0210,0.0,0.0,0.0,7.26,2.21,0.0
20230220:0310,0.0,0.0,0.0,6.74,2.14,0.0
20230220:0410,0.0,0.0,0.0,5.89,2.07,0.0
20230220:0510,0.0,0.0,0.0,5.25,2.07,0.0
20230220:0610,0.0,0.0,0.0,4.74,2.07,0.0
20230220:0710,0.0,0.0,0.0,5.27,2.21,0.0
20230220:0810,209.87,254.23,11.41,5.56,1.93,0.0
20230220:0910,424.47,492.21,21.21,9.59,1.66,0.0
20230220:1010,527.35,622.8,29.52,13.18,1.72,0.0
20230220:1110,730.28,890.59,35.56,15.45,2.0,0.0
20230220:1210,774.5,956.57,38.5,17.37,2.34,0.0
20230220:1310,733.92,903.14,37.79,18.91,2.76,0.0
20230220:1410,455.52,548.19,33.55,19.76,3.03,0.0
20230220:1510,493.32,593.1,26.53,20.02,3.24,0.0
20230220:1610,146.52,187.74,17.57,19.79,3.38,0.0
20230220:1710,45.35,72.04,7.36,18.67,2.62,0.0
20230220:1810,0.0,0.0,0.0,16.65,2.55,0.0
20230220:1910,0.0,0.0,0.0,15.01,2.48,0.0
20230220:2010,0.0,0.0,0.0,14.09,2.83,0.0
20230220:2110,0.0,0.0,0.0,13.25,3.1,0.0
20230220:2210,0.0,0.0,0.0,12.17,2.97,0.0
20230220:2310,0.0,0.0,0.0,11.1,2.55,0.0
20230221:0010,0.0,0.0,0.0,10.01,2.07,0.0
20230221:0110,0.0,0.0,0.0,9.05,1.66,0.0
20230221:0210,0.0,0.0,0.0,8.25,1.66,0.0
20230221:0310,0.0,0.0,0.0,7.67,1.72,0.0
20230221:0410,0.0,0.0,0.0,6.79,1.59,0.0
20230221:0510,0.0,0.0,0.0,6.11,1.52,0.0
20230221:0610,0.0,0.0,0.0,5.44,1.45,0.0
20230221:0710,0.0,0.0,0.0,4.63,1.59,0.0
20230221:0810,113.0,143.62,11.68,5.74,1.38,0.0
20230221:0910,197.77,236.92,21.51,9.69,1.1,0.0
20230221:1010,609.33,728.84,29.84,12.46,1.1,0.0
20230221:1110,683.75,841.86,35.91,14.1,0.76,0.0
20230221:1210,711.27,896.59,38.86,15.89,0.48,0.0
20230221:1310,740.14,931.94,38.14,16.98,0.97,0.0
20230221:1410,445.42,537.26,33.88,17.9,1.66,0.0
20230221:1510,486.32,582.01,26.82,18.03,2.55,0.0
20230221:1610,373.97,448.39,17.83,17.35,3.52,0.0
20230221:1710,24.8,43.83,7.59,16.3,3.17,0.0
20230221:1810,0.0,0.0,0.0,14.86,2.41,0.0
20230221:1910,0.0,0.0,0.0,13.92,2.41,0.0
20230221:2010,0.0,0.0,0.0,12.63,2.41,0.0
20230221:2110,0.0,0.0,0.0,11.54,2.21,0.0
20230221:2210,0.0,0.0,0.0,10.4,2.0,0.0
20230221:2310,0.0,0.0,0.0,9.62,1.79,0.0
20230222:0010,0.0,0.0,0.0,8.55,1.72,0.0
20230222:0110,0.0,0.0,0.0,7.74,1.45,0.0
20230222:0210,0.0,0.0,0.0,6.77,1.24,0.0
20230222:0310,0.0,0.0,0.0,6.81,0.9,0.0
20230222:0410,0.0,0.0,0.0,7.08,0.41,0.0
20230222:0510,0.0,0.0,0.0,6.64,0.07,0.0
20230222:0610,0.0,0.0,0.0,6.19,0.55,0.0
20230222:0710,0.0,0.0,0.0,5.36,0.9,0.0
20230222:0810,261.71,317.08,11.96,5.92,0.69,0.0
20230222:0910,462.33,539.07,21.81,8.33,0.69,0.0
20230222:1010,631.04,757.46,30.17,10.91,0.62,0.0
20230222:1110,742.52,926.22,36.27,12.92,0.41,0.0
20230222:1210,779.6,982.31,39.23,14.38,0.69,0.0
20230222:1310,784.18,971.6,38.49,15.42,1.66,0.0
20230222:1410,698.33,847.14,34.2,16.04,2.21,0.0
20230222:1510,578.05,691.42,27.11,16.26,2.28,0.0
20230222:1610,360.73,432.11,18.09,15.84,2.41,0.0
20230222:1710,130.78,181.53,7.83,15.38,2.28,0.0
20230222:1810,0.0,0.0,0.0,14.37,2.07,0.0
20230222:1910,0.0,0.0,0.0,13.25,2.07,0.0
20230222:2010,0.0,0.0,0.0,11.95,2.41,0.0
20230222:2110,0.0,0.0,0.0,11.04,2.34,0.0
20230222:2210,0.0,0.0,0.0,10.32,2.14,0.0
20230222:2310,0.0,0.0,0.0,9.42,2.0,0.0
20230223:0010,0.0,0.0,0.0,8.46,2.0,0.0
20230223:0110,0.0,0.0,0.0,7.76,1.79,0.0
20230223:0210,0.0,0.0,0.0,7.34,1.66,0.0
20230223:0310,0.0,0.0,0.0,6.67,1.52,0.0
20230223:0410,0.0,0.0,0.0,6.24,1.52,0.0
20230223:0510,0.0,0.0,0.0,6.07,1.59,0.0
20230223:0610,0.0,0.0,0.0,5.94,1.59,0.0
20230223:0710,0.0,0.0,0.0,5.99,1.86,0.0
20230223:0810,15.73,30.27,12.24,6.51,1.72,0.0
20230223:0910,270.93,313.76,22.11,7.83,2.28,0.0
20230223:1010,223.34,262.71,30.5,8.62,2.76,0.0
20230223:1110,257.3,300.48,36.62,8.89,2.97,0.0
20230223:1210,36.94,56.76,39.6,8.57,3.24,0.0
20230223:1310,36.08,55.81,38.85,8.93,3.59,0.0
20230223:1410,720.88,831.17,34.53,8.91,3.59,0.0
20230223:1510,474.48,539.35,27.4,8.86,3.59,0.0
20230223:1610,398.98,457.57,18.34,8.45,3.86,0.0
20230223:1710,157.24,207.81,8.06,7.64,3.72,0.0
20230223:1810,0.0,0.0,0.0,6.49,3.1,0.0
20230223:1910,0.0,0.0,0.0,4.89,3.17,0.0
20230223:2010,0.0,0.0,0.0,4.42,2.76,0.0
20230223:2110,0.0,0.0,0.0,3.92,2.28,0.0
20230223:2210,0.0,0.0,0.0,3.51,2.07,0.0
20230223:2310,0.0,0.0,0.0,3.13,1.72,0.0
20230224:0010,0.0,0.0,0.0,2.38,1.45,0.0
20230224:0110,0.0,0.0,0.0,1.7,1.1,0.0
20230224:0210,0.0,0.0,0.0,2.36,0.69,0.0
20230224:0310,0.0,0.0,0.0,1.84,0.76,0.0
20230224:0410,0.0,0.0,0.0,0.76,1.03,0.0
20230224:0510,0.0,0.0,0.0,-0.18,1.24,0.0
20230224:0610,0.0,0.0,0.0,-0.89,1.52,0.0
20230224:0710,0.0,3.78,1.74,-1.29,1.66,0.0
20230224:0810,294.58,343.7,12.52,-0.47,1.31,0.0
20230224:0910,542.56,613.15,22.41,2.38,1.38,0.0
20230224:1010,692.39,805.13,30.83,4.55,1.03,0.0
20230224:1110,783.49,954.45,36.98,6.34,0.28,0.0
20230224:1210,775.82,949.23,39.97,7.73,0.41,0.0
20230224:1310,820.98,1005.31,39.2,8.79,0.9,0.0
20230224:1410,748.69,897.81,34.85,9.48,1.31,0.0
20230224:1510,646.58,762.51,27.69,9.76,1.45,0.0
20230224:1610,435.75,510.74,18.6,9.75,1.59,0.0
20230224:1710,168.1,223.97,8.29,9.44,1.66,0.0
20230224:1810,0.0,0.0,0.0,8.41,1.72,0.0
20230224:1910,0.0,0.0,0.0,7.22,1.93,0.0
20230224:2010,0.0,0.0,0.0,5.96,2.14,0.0
20230224:2110,0.0,0.0,0.0,4.95,2.21,0.0
20230224:2210,0.0,0.0,0.0,4.03,2.07,0.0
20230224:2310,0.0,0.0,0.0,2.93,1.72,0.0
20230225:0010,0.0,0.0,0.0,1.92,1.52,0.0
20230225:0110,0.0,0.0,0.0,1.22,1.38,0.0
20230225:0210,0.0,0.0,0.0,0.7,1.24,0.0
20230225:0310,0.0,0.0,0.0,0.94,0.97,0.0
20230225:0410,0.0,0.0,0.0,0.85,0.76,0.0
20230225:0510,0.0,0.0,0.0,0.58,0.76,0.0
20230225:0610,0.0,0.0,0.0,0.29,0.69,0.0
20230225:0710,0.07,5.68,2.01,-0.66,0.97,0.0
20230225:0810,293.66,345.06,12.81,0.06,0.48,0.0
20230225:0910,529.35,608.31,22.72,2.9,0.28,0.0
20230225:1010,695.23,813.58,31.17,5.19,0.9,0.0
20230225:1110,802.71,950.33,37.34,6.89,1.72,0.0
20230225:1210,808.41,959.69,40.34,8.02,2.07,0.0
20230225:1310,721.66,851.53,39.56,8.71,1.93,0.0
20230225:1410,225.13,266.84,35.18,9.24,1.79,0.0
20230225:1510,87.05,114.46,27.98,9.59,1.93,0.0
20230225:1610,76.12,102.09,18.86,9.43,2.07,0.0
20230225:1710,15.58,30.27,8.52,8.36,2.28,0.0
20230225:1810,0.0,0.0,0.0,6.95,1.79,0.0
20230225:1910,0.0,0.0,0.0,5.55,2.14,0.0
20230225:2010,0.0,0.0,0.0,4.56,1.86,0.0
20230225:2110,0.0,0.0,0.0,3.61,1.72,0.0
20230225:2210,0.0,0.0,0.0,2.58,1.52,0.0
20230225:2310,0.0,0.0,0.0,1.54,1.45,0.0
20230226:0010,0.0,0.0,0.0,0.48,1.52,0.0
20230226:0110,0.0,0.0,0.0,-0.21,1.45,0.0
20230226:0210,0.0,0.0,0.0,-0.71,1.38,0.0
20230226:0310,0.0,0.0,0.0,-1.09,1.31,0.0
20230226:0410,0.0,0.0,0.0,-1.04,1.17,0.0
20230226:0510,0.0,0.0,0.0,-0.94,1.03,0.0
20230226:0610,0.0,0.0,0.0,-0.96,1.03,0.0
20230226:0710,0.47,6.62,2.28,-0.82,0.48,0.0
20230226:0810,290.36,340.72,13.1,-0.16,0.34,0.0
20230226:0910,533.8,608.46,23.04,3.29,0.97,0.0
20230226:1010,675.47,777.03,31.51,5.64,1.93,0.0
20230226:1110,829.91,972.93,37.71,7.17,2.62,0.0
20230226:1210,853.08,994.56,40.71,9.31,4.28,0.0
20230226:1310,831.93,969.47,39.92,10.26,4.55,0.0
20230226:1410,770.58,890.55,35.51,10.48,4.69,0.0
20230226:1510,652.12,744.22,28.27,9.94,4.69,0.0
20230226:1610,440.42,505.15,19.11,9.26,4.48,0.0
20230226:1710,173.64,227.98,8.75,8.42,4.14,0.0
20230226:1810,0.0,0.0,0.0,7.17,3.17,0.0
20230226:1910,0.0,0.0,0.0,6.51,3.1,0.0
20230226:2010,0.0,0.0,0.0,5.45,3.03,0.0
20230226:2110,0.0,0.0,0.0,4.39,3.1,0.0
20230226:2210,0.0,0.0,0.0,3.47,3.38,0.0
20230226:2310,0.0,0.0,0.0,2.56,2.97,0.0
20230227:0010,0.0,0.0,0.0,1.6,2.28,0.0
20230227:0110,0.0,0.0,0.0,0.71,1.86,0.0
20230227:0210,0.0,0.0,0.0,-0.08,1.66,0.0
20230227:0310,0.0,0.0,0.0,-0.64,1.66,0.0
20230227:0410,0.0,0.0,0.0,-1.03,1.79,0.0
20230227:0510,0.0,0.0,0.0,-1.38,1.93,0.0
20230227:0610,0.0,0.0,0.0,-1.63,1.93,0.0
20230227:0710,3.19,12.95,2.56,-1.93,2.07,0.0
20230227:0810,313.34,362.84,13.39,-0.74,1.66,0.0
20230227:0910,554.46,612.67,23.35,1.57,3.45,0.0
20230227:1010,678.47,752.18,31.85,3.12,4.48,0.0
20230227:1110,838.4,947.07,38.08,4.18,4.55,0.0
20230227:1210,889.09,1015.11,41.09,5.26,4.69,0.0
20230227:1310,905.57,1037.26,40.29,5.84,4.76,0.0
20230227:1410,807.28,915.62,35.84,6.4,4.9,0.0
20230227:1510,571.74,638.76,28.56,6.53,5.1,0.0
20230227:1610,431.09,486.45,19.37,6.27,5.03,0.0
20230227:1710,185.48,238.92,8.98,5.66,4.76,0.0
20230227:1810,0.0,0.0,0.0,4.67,3.86,0.0
20230227:1910,0.0,0.0,0.0,3.79,3.03,0.0
20230227:2010,0.0,0.0,0.0,2.62,2.62,0.0
20230227:2110,0.0,0.0,0.0,1.63,2.48,0.0
20230227:2210,0.0,0.0,0.0,0.8,2.28,0.0
20230227:2310,0.0,0.0,0.0,0.12,2.21,0.0
20230228:0010,0.0,0.0,0.0,-0.46,2.14,0.0
20230228:0110,0.0,0.0,0.0,-1.14,1.86,0.0
20230228:0210,0.0,0.0,0.0,-1.5,1.24,0.0
20230228:0310,0.0,0.0,0.0,-0.18,0.62,0.0
20230228:0410,0.0,0.0,0.0,-1.42,1.03,0.0
20230228:0510,0.0,0.0,0.0,-1.64,0.97,0.0
20230228:0610,0.0,0.0,0.0,-1.08,0.76,0.0
20230228:0710,4.82,15.5,2.84,-1.06,0.9,0.0
20230228:0810,314.68,366.11,13.69,-0.8,0.76,0.0
20230228:0910,547.03,618.72,23.67,2.21,1.24,0.0
20230228:1010,736.25,842.38,32.2,3.75,2.14,0.0
20230228:1110,834.45,974.92,38.45,5.27,2.28,0.0
20230228:1210,812.08,954.23,41.47,6.69,2.34,0.0
20230228:1310,857.89,1019.01,40.65,8.15,2.48,0.0
20230228:1410,790.25,928.23,36.16,9.52,2.97,0.0
20230228:1510,651.91,752.5,28.84,9.75,3.24,0.0
20230228:1610,445.41,513.49,19.62,9.24,3.45,0.0
20230228:1710,183.3,239.23,9.21,8.06,3.38,0.0
20230228:1810,0.0,0.0,0.0,5.82,2.97,0.0
20230228:1910,0.0,0.0,0.0,4.02,2.76,0.0
20230228:2010,0.0,0.0,0.0,2.74,2.48,0.0
20230228:2110,0.0,0.0,0.0,1.74,2.34,0.0
20230228:2210,0.0,0.0,0.0,0.97,2.41,0.0
20230228:2310,0.0,0.0,0.0,0.41,2.41,0.0
20230301:0010,0.0,0.0,0.0,-0.08,2.28,0.0
20230301:0110,0.0,0.0,0.0,-0.51,2.21,0.0
20230301:0210,0.0,0.0,0.0,-1.02,1.93,0.0
20230301:0310,0.0,0.0,0.0,-1.52,1.66,0.0
20230301:0410,0.0,0.0,0.0,-2.11,1.38,0.0
20230301:0510,0.0,0.0,0.0,-2.17,1.17,0.0
20230301:0610,0.0,0.0,0.0,-2.73,1.45,0.0
20230301:0710,4.75,15.24,3.12,-1.86,0.83,0.0
20230301:0810,221.95,259.82,13.99,-0.73,0.34,0.0
20230301:0910,494.31,556.29,23.99,1.61,1.1,0.0
20230301:1010,570.91,642.15,32.55,3.03,2.07,0.0
20230301:1110,503.02,568.91,38.82,4.27,2.0,0.0
20230301:1210,554.98,633.34,41.85,5.15,1.93,0.0
20230301:1310,477.36,544.75,41.01,6.12,2.0,0.0
20230301:1410,736.66,859.6,36.49,6.92,2.07,0.0
20230301:1510,641.93,739.5,29.13,7.52,2.34,0.0
20230301:1610,431.38,495.7,19.87,7.62,2.69,0.0
20230301:1710,104.82,139.94,9.44,7.34,2.69,0.0
20230301:1810,0.0,0.0,0.0,5.94,2.14,0.0
20230301:1910,0.0,0.0,0.0,3.53,0.62,0.0
20230301:2010,0.0,0.0,0.0,3.28,0.62,0.0
20230301:2110,0.0,0.0,0.0,1.77,1.03,0.0
20230301:2210,0.0,0.0,0.0,0.03,1.59,0.0
20230301:2310,0.0,0.0,0.0,-0.71,1.59,0.0
20230302:0010,0.0,0.0,0.0,-0.72,1.38,0.0
20230302:0110,0.0,0.0,0.0,-0.6,1.1,0.0
20230302:0210,0.0,0.0,0.0,-0.66,0.97,0.0
20230302:0310,0.0,0.0,0.0,-1.35,1.1,0.0
20230302:0410,0.0,0.0,0.0,-1.7,1.17,0.0
20230302:0510,0.0,0.0,0.0,-1.93,1.17,0.0
20230302:0610,0.0,0.0,0.0,-2.29,1.24,0.0
20230302:0710,7.87,20.62,3.41,-2.62,1.24,0.0
20230302:0810,294.43,341.07,14.29,-0.95,0.83,0.0
20230302:0910,515.0,582.55,24.32,2.24,1.03,0.0
20230302:1010,694.38,805.07,32.9,4.24,1.17,0.0
20230302:1110,802.05,953.71,39.2,5.65,1.24,0.0
20230302:1210,732.44,868.12,42.24,6.97,1.31,0.0
20230302:1310,821.73,989.11,41.38,8.13,1.52,0.0
20230302:1410,762.34,910.86,36.82,9.2,1.59,0.0
20230302:1510,625.27,733.36,29.42,9.66,1.66,0.0
20230302:1610,427.24,499.43,20.13,9.84,1.79,0.0
20230302:1710,170.57,224.48,9.67,9.42,1.59,0.0
20230302:1810,0.0,0.0,0.0,8.05,1.79,0.0
20230302:1910,0.0,0.0,0.0,6.96,1.86,0.0
20230302:2010,0.0,0.0,0.0,5.15,1.79,0.0
20230302:2110,0.0,0.0,0.0,3.38,1.66,0.0
20230302:2210,0.0,0.0,0.0,2.02,1.45,0.0
20230302:2310,0.0,0.0,0.0,0.94,1.31,0.0
20230303:0010,0.0,0.0,0.0,0.05,1.24,0.0
20230303:0110,0.0,0.0,0.0,-0.65,1.24,0.0
20230303:0210,0.0,0.0,0.0,-1.35,1.31,0.0
20230303:0310,0.0,0.0,0.0,-1.87,1.38,0.0
20230303:0410,0.0,0.0,0.0,-2.1,1.52,0.0
20230303:0510,0.0,0.0,0.0,-2.12,1.59,0.0
20230303:0610,0.0,0.0,0.0,-2.21,1.52,0.0
20230303:0710,9.75,23.1,3.7,-2.42,1.52,0.0
20230303:0810,297.46,344.47,14.59,-0.46,1.03,0.0
20230303:0910,522.78,594.83,24.64,3.15,0.97,0.0
20230303:1010,689.66,808.81,33.25,6.05,1.03,0.0
20230303:1110,791.52,957.24,39.57,7.87,0.97,0.0
20230303:1210,747.17,910.63,42.62,9.14,0.69,0.0
20230303:1310,815.83,1017.45,41.75,10.22,0.55,0.0
20230303:1410,753.1,925.01,37.15,11.21,0.76,0.0
20230303:1510,616.48,735.99,29.71,11.87,1.17,0.0
20230303:1610,416.71,494.84,20.38,12.02,1.17,0.0
20230303:1710,167.3,223.39,9.9,11.57,0.48,0.0
20230303:1810,0.0,0.0,0.0,10.62,0.55,0.0
20230303:1910,0.0,0.0,0.0,8.15,2.0,0.0
20230303:2010,0.0,0.0,0.0,6.13,2.28,0.0
20230303:2110,0.0,0.0,0.0,4.81,2.62,0.0
20230303:2210,0.0,0.0,0.0,3.98,2.69,0.0
20230303:2310,0.0,0.0,0.0,3.27,2.62,0.0
20230304:0010,0.0,0.0,0.0,2.55,2.55,0.0
20230304:0110,0.0,0.0,0.0,1.87,2.41,0.0
20230304:0210,0.0,0.0,0.0,1.29,2.28,0.0
20230304:0310,0.0,0.0,0.0,0.76,2.14,0.0
20230304:0410,0.0,0.0,0.0,0.29,2.07,0.0
20230304:0510,0.0,0.0,0.0,-0.07,2.07,0.0
20230304:0610,0.0,0.0,0.0,-0.39,1.93,0.0
20230304:0710,12.89,28.05,3.99,-0.92,1.72,0.0
20230304:0810,298.36,346.08,14.9,0.59,1.38,0.0
20230304:0910,537.39,610.71,24.97,4.07,1.52,0.0
20230304:1010,689.25,802.72,33.61,6.79,1.66,0.0
20230304:1110,780.48,941.22,39.96,8.61,1.17,0.0
20230304:1210,685.85,829.83,43.01,10.06,0.76,0.0
20230304:1310,793.04,996.06,42.12,11.21,0.34,0.0
20230304:1410,721.18,898.88,37.48,11.96,0.14,0.0
20230304:1510,590.6,714.16,29.99,12.38,0.41,0.0
20230304:1610,406.21,486.76,20.63,12.45,0.48,0.0
20230304:1710,163.81,219.23,10.12,12.08,0.34,0.0
20230304:1810,0.0,0.0,0.0,11.28,0.48,0.0
20230304:1910,0.0,0.0,0.0,9.96,0.83,0.0
20230304:2010,0.0,0.0,0.0,7.41,1.38,0.0
20230304:2110,0.0,0.0,0.0,5.43,1.72,0.0
20230304:2210,0.0,0.0,0.0,4.11,1.66,0.0
20230304:2310,0.0,0.0,0.0,2.89,1.59,0.0
20230305:0010,0.0,0.0,0.0,1.76,1.59,0.0
20230305:0110,0.0,0.0,0.0,0.71,1.52,0.0
20230305:0210,0.0,0.0,0.0,-0.04,1.31,0.0
20230305:0310,0.0,0.0,0.0,-0.73,1.38,0.0
20230305:0410,0.0,0.0,0.0,-1.1,1.45,0.0
20230305:0510,0.0,0.0,0.0,-1.29,1.45,0.0
20230305:0610,0.0,0.0,0.0,-1.34,1.38,0.0
20230305:0710,2.93,11.35,4.29,-1.24,1.38,0.0
20230305:0810,136.11,164.85,15.21,0.89,0.83,0.0
20230305:0910,273.89,315.68,25.31,4.48,0.48,0.0
20230305:1010,296.26,346.45,33.97,7.64,0.28,0.0
20230305:1110,274.05,323.94,40.34,10.03,1.03,0.0
20230305:1210,391.43,460.16,43.4,11.6,1.59,0.0
20230305:1310,211.2,254.12,42.48,11.66,2.28,0.0
20230305:1410,93.15,122.03,37.81,11.39,2.76,0.0
20230305:1510,51.93,74.73,30.28,10.15,2.62,0.0
20230305:1610,58.67,82.3,20.88,9.37,2.0,0.0
20230305:1710,8.06,19.87,10.35,8.4,1.17,0.0
20230305:1810,0.0,0.0,0.0,7.19,0.9,0.0
20230305:1910,0.0,0.0,0.0,6.16,0.48,0.0
20230305:2010,0.0,0.0,0.0,5.87,0.62,0.0
20230305:2110,0.0,0.0,0.0,5.52,0.76,0.0
20230305:2210,0.0,0.0,0.0,5.34,0.97,0.0
20230305:2310,0.0,0.0,0.0,5.14,1.17,0.0
20230306:0010,0.0,0.0,0.0,4.59,1.17,0.0
20230306:0110,0.0,0.0,0.0,3.84,1.17,0.0
20230306:0210,0.0,0.0,0.0,2.96,1.45,0.0
20230306:0310,0.0,0.0,0.0,2.33,1.31,0.0
20230306:0410,0.0,0.0,0.0,2.39,1.17,0.0
20230306:0510,0.0,0.0,0.0,2.24,1.52,0.0
20230306:0610,0.0,0.0,0.0,2.68,1.72,0.0
20230306:0710,4.53,14.19,4.59,3.68,1.72,0.0
20230306:0810,168.49,202.83,15.52,4.7,2.21,0.0
20230306:0910,249.89,287.64,25.64,5.88,3.03,0.0
20230306:1010,479.54,542.83,34.33,7.66,3.66,0.0
20230306:1110,634.72,728.85,40.72,9.45,3.93,0.0
20230306:1210,758.96,887.87,43.79,11.07,4.0,0.0
20230306:1310,678.94,795.13,42.85,12.34,3.79,0.0
20230306:1410,541.12,630.33,38.14,13.23,3.72,0.0
20230306:1510,627.36,733.18,30.56,13.4,3.66,0.0
20230306:1610,422.11,494.54,21.13,13.42,3.93,0.0
20230306:1710,32.06,51.97,10.57,12.98,3.93,0.0
20230306:1810,0.0,0.0,0.0,11.84,3.31,0.0
20230306:1910,0.0,0.0,0.0,10.33,2.76,0.0
20230306:2010,0.0,0.0,0.0,9.46,2.34,0.0
20230306:2110,0.0,0.0,0.0,8.8,2.0,0.0
20230306:2210,0.0,0.0,0.0,8.62,1.59,0.0
20230306:2310,0.0,0.0,0.0,8.34,1.45,0.0
20230307:0010,0.0,0.0,0.0,8.33,1.52,0.0
20230307:0110,0.0,0.0,0.0,8.28,1.52,0.0
20230307:0210,0.0,0.0,0.0,8.33,1.52,0.0
20230307:0310,0.0,0.0,0.0,8.36,1.66,0.0
20230307:0410,0.0,0.0,0.0,8.41,1.86,0.0
20230307:0510,0.0,0.0,0.0,8.56,2.48,0.0
20230307:0610,0.0,0.0,0.0,8.59,3.38,0.0
20230307:0710,11.07,24.75,4.89,8.18,4.41,0.0
20230307:0810,109.02,138.32,15.84,8.06,4.28,0.0
20230307:0910,233.39,271.77,25.97,8.47,4.76,0.0
20230307:1010,609.29,691.82,34.69,9.38,4.9,0.0
20230307:1110,776.52,901.9,41.11,11.28,4.83,0.0
20230307:1210,783.89,921.2,44.18,13.08,4.83,0.0
20230307:1310,817.32,967.27,43.22,13.65,4.62,0.0
20230307:1410,734.38,864.85,38.46,14.52,4.55,0.0
20230307:1510,591.97,691.43,30.85,14.85,4.34,0.0
20230307:1610,357.48,421.77,21.37,15.01,4.41,0.0
20230307:1710,107.99,147.06,10.79,14.28,3.79,0.0
20230307:1810,0.0,0.0,0.0,13.13,3.93,0.0
20230307:1910,0.0,0.0,0.0,11.38,4.69,0.0
20230307:2010,0.0,0.0,0.0,10.64,4.14,0.0
20230307:2110,0.0,0.0,0.0,10.16,3.59,0.0
20230307:2210,0.0,0.0,0.0,9.57,3.31,0.0
20230307:2310,0.0,0.0,0.0,9.12,3.03,0.0
20230308:0010,0.0,0.0,0.0,8.89,2.83,0.0
20230308:0110,0.0,0.0,0.0,8.7,2.76,0.0
20230308:0210,0.0,0.0,0.0,8.57,2.55,0.0
20230308:0310,0.0,0.0,0.0,8.97,2.34,0.0
20230308:0410,0.0,0.0,0.0,9.21,2.28,0.0
20230308:0510,0.0,0.0,0.0,9.56,2.41,0.0
20230308:0610,0.0,0.0,0.0,9.95,2.76,0.0
20230308:0710,1.69,9.46,5.19,10.65,3.45,0.0
20230308:0810,50.09,72.84,16.15,11.18,3.86,0.0
20230308:0910,161.38,196.92,26.31,11.59,5.03,0.0
20230308:1010,436.4,500.97,35.05,13.13,6.55,0.0
20230308:1110,416.82,482.11,41.5,14.25,7.03,0.0
20230308:1210,548.23,635.87,44.57,15.1,6.69,0.0
20230308:1310,385.9,452.67,43.59,16.63,7.1,0.0
20230308:1410,203.46,248.95,38.79,17.49,7.31,0.0
20230308:1510,105.01,138.11,31.13,17.37,7.17,0.0
20230308:1610,195.15,239.06,21.62,16.98,6.48,0.0
20230308:1710,79.76,112.07,11.02,15.68,5.24,0.0
20230308:1810,0.0,0.0,0.0,14.31,4.21,0.0
20230308:1910,0.0,0.0,0.0,13.44,3.86,0.0
20230308:2010,0.0,0.0,0.0,13.1,3.66,0.0
20230308:2110,0.0,0.0,0.0,12.82,3.45,0.0
20230308:2210,0.0,0.0,0.0,12.36,3.31,0.0
20230308:2310,0.0,0.0,0.0,12.03,3.38,0.0
20230309:0010,0.0,0.0,0.0,11.69,3.31,0.0
20230309:0110,0.0,0.0,0.0,11.4,3.38,0.0
20230309:0210,0.0,0.0,0.0,11.26,3.38,0.0
20230309:0310,0.0,0.0,0.0,11.1,3.38,0.0
20230309:0410,0.0,0.0,0.0,11.07,3.38,0.0
20230309:0510,0.0,0.0,0.0,10.99,3.45,0.0
20230309:0610,0.0,0.0,0.0,10.85,3.59,0.0
20230309:0710,10.84,24.57,5.49,10.75,4.0,0.0
20230309:0810,237.93,286.27,16.47,10.93,4.21,0.0
20230309:0910,329.84,380.92,26.65,11.41,4.97,0.0
20230309:1010,647.94,744.86,35.42,12.32,5.45,0.0
20230309:1110,227.56,273.11,41.88,14.44,5.79,0.0
20230309:1210,533.8,621.87,44.97,16.1,6.83,0.0
20230309:1310,575.53,671.87,43.96,16.72,7.03,0.0
20230309:1410,777.49,914.21,39.12,17.07,7.03,0.0
20230309:1510,622.62,722.89,31.41,16.81,7.45,0.0
20230309:1610,360.8,425.02,21.87,16.43,6.9,0.0
20230309:1710,124.56,167.77,11.24,15.2,5.72,0.0
20230309:1810,0.0,0.0,0.0,13.85,5.03,0.0
20230309:1910,0.0,0.0,0.0,13.78,3.52,0.0
20230309:2010,0.0,0.0,0.0,12.46,3.38,0.0
20230309:2110,0.0,0.0,0.0,11.52,3.24,0.0
20230309:2210,0.0,0.0,0.0,10.86,3.17,0.0
20230309:2310,0.0,0.0,0.0,10.45,3.31,0.0
20230310:0010,0.0,0.0,0.0,10.2,3.45,0.0
20230310:0110,0.0,0.0,0.0,9.97,3.59,0.0
20230310:0210,0.0,0.0,0.0,9.48,3.52,0.0
20230310:0310,0.0,0.0,0.0,9.11,3.31,0.0
20230310:0410,0.0,0.0,0.0,8.51,3.03,0.0
20230310:0510,0.0,0.0,0.0,8.23,2.76,0.0
20230310:0610,0.0,0.0,0.0,8.03,2.69,0.0
20230310:0710,52.1,88.93,5.8,7.79,2.69,0.0
20230310:0810,297.07,353.14,16.79,8.73,2.76,0.0
20230310:0910,523.54,603.59,26.99,10.51,3.1,0.0
20230310:1010,665.57,780.49,35.79,12.62,3.24,0.0
20230310:1110,656.69,779.68,42.27,14.51,3.24,0.0
20230310:1210,816.25,995.55,45.36,16.17,3.24,0.0
20230310:1310,825.23,1012.89,44.33,17.55,3.38,0.0
20230310:1410,740.29,901.67,39.44,18.67,3.45,0.0
20230310:1510,573.2,688.92,31.69,19.36,3.45,0.0
20230310:1610,392.46,473.96,22.11,19.51,3.66,0.0
20230310:1710,153.25,208.79,11.46,18.93,3.59,0.0
20230310:1810,0.0,0.0,0.0,17.18,2.97,0.0
20230310:1910,0.0,0.0,0.0,15.26,3.66,0.0
20230310:2010,0.0,0.0,0.0,14.0,3.59,0.0
20230310:2110,0.0,0.0,0.0,13.01,3.24,0.0
20230310:2210,0.0,0.0,0.0,12.21,3.03,0.0
20230310:2310,0.0,0.0,0.0,11.52,2.9,0.0
20230311:0010,0.0,0.0,0.0,10.91,2.69,0.0
20230311:0110,0.0,0.0,0.0,10.32,2.55,0.0
20230311:0210,0.0,0.0,0.0,9.79,2.41,0.0
20230311:0310,0.0,0.0,0.0,9.29,2.28,0.0
20230311:0410,0.0,0.0,0.0,8.86,2.21,0.0
20230311:0510,0.0,0.0,0.0,8.37,2.0,0.0
20230311:0610,0.0,0.0,0.0,7.93,1.79,0.0
20230311:0710,43.85,74.53,6.1,8.54,2.0,0.0
20230311:0810,91.55,119.86,17.11,9.93,2.34,0.0
20230311:0910,297.7,349.42,27.33,12.16,2.76,0.0
20230311:1010,630.94,744.68,36.16,14.65,3.38,0.0
20230311:1110,734.89,883.02,42.67,16.47,3.72,0.0
20230311:1210,630.47,756.94,45.76,17.94,3.86,0.0
20230311:1310,751.02,916.84,44.71,19.25,3.86,0.0
20230311:1410,711.71,870.21,39.77,20.31,3.59,0.0
20230311:1510,511.02,617.69,31.97,21.26,3.59,0.0
20230311:1610,365.32,446.08,22.35,21.7,3.66,0.0
20230311:1710,166.09,227.98,11.67,20.8,2.9,0.0
20230311:1810,0.0,0.0,0.0,18.95,1.79,0.0
20230311:1910,0.0,0.0,0.0,16.6,2.07,0.0
20230311:2010,0.0,0.0,0.0,15.2,1.86,0.0
20230311:2110,0.0,0.0,0.0,13.89,1.72,0.0
20230311:2210,0.0,0.0,0.0,12.71,1.72,0.0
20230311:2310,0.0,0.0,0.0,11.71,1.72,0.0
20230312:0010,0.0,0.0,0.0,10.77,1.72,0.0
20230312:0110,0.0,0.0,0.0,9.95,1.72,0.0
20230312:0210,0.0,0.0,0.0,9.15,1.52,0.0
20230312:0310,0.0,0.0,0.0,9.22,1.1,0.0
20230312:0410,0.0,0.0,0.0,10.08,0.69,0.0
20230312:0510,0.0,0.0,0.0,9.65,0.48,0.0
20230312:0610,0.0,0.0,0.0,8.54,0.9,0.0
20230312:0710,57.86,96.38,6.41,7.69,0.97,0.0
20230312:0810,306.77,370.41,17.43,9.57,0.55,0.0
20230312:0910,510.1,611.55,27.68,12.7,0.48,0.0
20230312:1010,670.57,830.01,36.53,15.1,0.62,0.0
20230312:1110,747.64,950.52,43.06,17.02,0.69,0.0
20230312:1210,791.54,1019.07,46.16,18.6,0.97,0.0
20230312:1310,801.46,1029.3,45.08,20.02,1.45,0.0
20230312:1410,732.84,925.29,40.09,20.92,1.79,0.0
20230312:1510,455.09,557.89,32.25,21.52,1.86,0.0
20230312:1610,216.25,271.49,22.59,21.63,1.93,0.0
20230312:1710,151.35,208.96,11.89,21.18,1.86,0.0
20230312:1810,0.0,0.0,0.0,19.88,1.59,0.0
20230312:1910,0.0,0.0,0.0,17.85,1.52,0.0
20230312:2010,0.0,0.0,0.0,16.16,1.45,0.0
20230312:2110,0.0,0.0,0.0,15.22,1.38,0.0
20230312:2210,0.0,0.0,0.0,14.26,1.38,0.0
20230312:2310,0.0,0.0,0.0,12.69,1.59,0.0
20230313:0010,0.0,0.0,0.0,11.61,1.59,0.0
20230313:0110,0.0,0.0,0.0,10.89,1.52,0.0
20230313:0210,0.0,0.0,0.0,11.03,1.17,0.0
20230313:0310,0.0,0.0,0.0,10.44,1.31,0.0
20230313:0410,0.0,0.0,0.0,9.43,1.45,0.0
20230313:0510,0.0,0.0,0.0,8.81,1.59,0.0
20230313:0610,0.0,0.0,0.0,7.79,1.72,0.0
20230313:0710,66.74,109.02,6.73,7.69,1.72,0.0
20230313:0810,298.94,360.01,17.76,10.66,1.45,0.0
20230313:0910,525.15,624.6,28.02,15.48,2.34,0.0
20230313:1010,696.74,835.46,36.9,17.54,3.86,0.0
20230313:1110,759.55,919.81,43.45,19.24,4.69,0.0
20230313:1210,863.22,1055.47,46.56,20.44,5.59,0.0
20230313:1310,846.22,1026.82,45.45,20.84,6.48,0.0
20230313:1410,758.03,908.52,40.42,20.73,6.83,0.0
20230313:1510,579.19,682.97,32.52,19.94,7.31,0.0
20230313:1610,410.13,486.83,22.83,18.89,7.24,0.0
20230313:1710,173.84,232.65,12.11,17.67,6.48,0.0
20230313:1810,0.0,0.0,0.0,16.15,5.24,0.0
20230313:1910,0.0,0.0,0.0,14.65,4.48,0.0
20230313:2010,0.0,0.0,0.0,13.54,3.45,0.0
20230313:2110,0.0,0.0,0.0,12.54,2.76,0.0
20230313:2210,0.0,0.0,0.0,11.92,2.48,0.0
20230313:2310,0.0,0.0,0.0,10.87,2.28,0.0
20230314:0010,0.0,0.0,0.0,10.04,2.21,0.0
20230314:0110,0.0,0.0,0.0,9.28,2.14,0.0
20230314:0210,0.0,0.0,0.0,8.36,2.0,0.0
20230314:0310,0.0,0.0,0.0,7.54,1.93,0.0
20230314:0410,0.0,0.0,0.0,6.93,1.86,0.0
20230314:0510,0.0,0.0,0.0,6.2,1.79,0.0
20230314:0610,0.0,0.0,0.0,5.52,1.66,0.0
20230314:0710,68.55,108.96,7.04,5.32,1.17,0.0
20230314:0810,316.69,377.03,18.08,7.57,0.83,0.0
20230314:0910,533.64,620.25,28.37,9.98,2.0,0.0
20230314:1010,710.95,843.7,37.27,11.38,2.21,0.0
20230314:1110,821.77,999.94,43.85,12.87,2.28,0.0
20230314:1210,862.77,1063.25,46.95,14.39,2.48,0.0
20230314:1310,847.09,1046.98,45.82,15.68,2.55,0.0
20230314:1410,735.59,897.08,40.74,16.6,2.55,0.0
20230314:1510,505.13,603.86,32.8,17.17,2.55,0.0
20230314:1610,281.92,341.25,23.07,17.29,2.62,0.0
20230314:1710,91.3,126.17,12.32,16.68,2.69,0.0
20230314:1810,0.0,0.0,0.0,15.37,2.21,0.0
20230314:1910,0.0,0.0,0.0,14.06,1.38,0.0
20230314:2010,0.0,0.0,0.0,12.4,1.24,0.0
20230314:2110,0.0,0.0,0.0,10.84,1.38,0.0
20230314:2210,0.0,0.0,0.0,9.54,1.38,0.0
20230314:2310,0.0,0.0,0.0,8.42,1.38,0.0
20230315:0010,0.0,0.0,0.0,7.45,1.45,0.0
20230315:0110,0.0,0.0,0.0,6.53,1.59,0.0
20230315:0210,0.0,0.0,0.0,5.8,1.59,0.0
20230315:0310,0.0,0.0,0.0,5.25,1.59,0.0
20230315:0410,0.0,0.0,0.0,4.86,1.66,0.0
20230315:0510,0.0,0.0,0.0,4.54,1.72,0.0
20230315:0610,0.0,0.0,0.0,4.2,1.66,0.0
20230315:0710,77.88,122.19,7.35,3.92,1.52,0.0
20230315:0810,324.94,384.13,18.41,6.89,1.24,0.0
20230315:0910,531.88,627.1,28.71,10.78,1.1,0.0
20230315:1010,687.82,840.46,37.64,13.47,0.97,0.0
20230315:1110,765.6,970.49,44.24,15.4,0.62,0.0
20230315:1210,801.73,1038.71,47.35,17.08,0.55,0.0
20230315:1310,779.96,1008.8,46.19,18.47,0.69,0.0
20230315:1410,715.47,915.76,41.06,19.47,0.69,0.0
20230315:1510,563.93,705.02,33.07,20.1,0.62,0.0
20230315:1610,396.62,493.0,23.31,20.25,0.55,0.0
20230315:1710,171.92,235.99,12.54,19.95,0.62,0.0
20230315:1810,0.0,0.0,0.0,18.71,0.76,0.0
20230315:1910,0.0,0.0,0.0,17.68,0.76,0.0
20230315:2010,0.0,0.0,0.0,14.48,1.45,0.0
20230315:2110,0.0,0.0,0.0,12.83,2.0,0.0
20230315:2210,0.0,0.0,0.0,11.04,1.93,0.0
20230315:2310,0.0,0.0,0.0,9.57,1.72,0.0
20230316:0010,0.0,0.0,0.0,8.46,1.52,0.0
20230316:0110,0.0,0.0,0.0,7.63,1.45,0.0
20230316:0210,0.0,0.0,0.0,7.0,1.59,0.0
20230316:0310,0.0,0.0,0.0,6.59,1.72,0.0
20230316:0410,0.0,0.0,0.0,6.25,1.79,0.0
20230316:0510,0.0,0.0,0.0,5.8,1.72,0.0
20230316:0610,0.0,0.0,0.0,5.32,1.66,0.0
20230316:0710,80.89,126.26,7.67,5.24,1.38,0.0
20230316:0810,327.46,390.47,18.73,8.44,0.97,0.0
20230316:0910,533.2,638.79,29.06,13.71,1.03,0.0
20230316:1010,692.83,853.19,38.01,16.7,1.52,0.0
20230316:1110,785.3,996.77,44.64,19.09,1.59,0.0
20230316:1210,821.14,1058.63,47.75,21.15,1.79,0.0
20230316:1310,813.77,1048.46,46.56,22.64,2.14,0.0
20230316:1410,449.33,554.76,41.38,23.39,2.48,0.0
20230316:1510,340.2,419.8,33.34,23.71,2.76,0.0
20230316:1610,244.79,307.08,23.54,23.65,2.69,0.0
20230316:1710,134.05,185.98,12.75,22.96,2.0,0.0
20230316:1810,0.0,0.0,0.0,20.72,1.72,0.0
20230316:1910,0.0,0.0,0.0,18.44,1.93,0.0
20230316:2010,0.0,0.0,0.0,16.24,1.93,0.0
20230316:2110,0.0,0.0,0.0,14.25,1.79,0.0
20230316:2210,0.0,0.0,0.0,12.94,1.66,0.0
20230316:2310,0.0,0.0,0.0,12.17,2.07,0.0
20230317:0010,0.0,0.0,0.0,12.34,2.34,0.0
20230317:0110,0.0,0.0,0.0,12.27,2.62,0.0
20230317:0210,0.0,0.0,0.0,11.87,2.69,0.0
20230317:0310,0.0,0.0,0.0,11.3,2.62,0.0
20230317:0410,0.0,0.0,0.0,10.82,2.62,0.0
20230317:0510,0.0,0.0,0.0,10.37,2.69,0.0
20230317:0610,0.0,0.0,0.0,9.99,2.76,0.0
20230317:0710,11.98,25.54,7.98,9.65,2.76,0.0
20230317:0810,73.82,99.85,19.06,10.44,2.83,0.0
20230317:0910,446.59,513.32,29.41,11.46,4.28,0.0
20230317:1010,273.27,322.72,38.39,12.97,4.21,0.0
20230317:1110,655.53,770.77,45.04,14.5,4.48,0.0
20230317:1210,748.36,889.35,48.15,15.63,4.9,0.0
20230317:1310,707.52,838.42,46.93,16.71,5.52,0.0
20230317:1410,762.93,906.48,41.7,17.15,5.52,0.0
20230317:1510,622.87,732.26,33.61,17.16,5.45,0.0
20230317:1610,336.6,399.36,23.78,16.57,5.38,0.0
20230317:1710,89.12,122.21,12.96,15.59,5.03,0.0
20230317:1810,0.0,0.95,1.67,14.49,4.0,0.0
20230317:1910,0.0,0.0,0.0,13.4,3.93,0.0
20230317:2010,0.0,0.0,0.0,12.53,3.59,0.0
20230317:2110,0.0,0.0,0.0,11.77,3.17,0.0
20230317:2210,0.0,0.0,0.0,11.08,3.03,0.0
20230317:2310,0.0,0.0,0.0,10.39,2.97,0.0
20230318:0010,0.0,0.0,0.0,9.86,2.69,0.0
20230318:0110,0.0,0.0,0.0,9.42,2.41,0.0
20230318:0210,0.0,0.0,0.0,8.89,2.21,0.0
20230318:0310,0.0,0.0,0.0,8.35,2.14,0.0
20230318:0410,0.0,0.0,0.0,7.97,2.07,0.0
20230318:0510,0.0,0.0,0.0,7.55,1.93,0.0
20230318:0610,0.0,0.0,0.0,7.2,1.72,0.0
20230318:0710,82.97,128.18,8.3,6.9,1.52,0.0
20230318:0810,328.01,388.1,19.39,8.49,1.86,0.0
20230318:0910,532.92,620.97,29.76,10.42,1.93,0.0
20230318:1010,662.87,787.04,38.76,12.28,2.14,0.0
20230318:1110,369.42,437.04,45.44,13.78,2.34,0.0
20230318:1210,215.12,262.1,48.55,14.73,2.41,0.0
20230318:1310,296.06,354.37,47.3,15.13,2.76,0.0
20230318:1410,634.66,758.99,42.02,15.34,2.76,0.0
20230318:1510,419.36,496.18,33.88,15.73,2.83,0.0
20230318:1610,339.4,405.5,24.01,15.68,2.62,0.0
20230318:1710,83.66,115.54,13.17,15.34,2.62,0.0
20230318:1810,0.0,4.73,1.87,14.57,2.21,0.0
20230318:1910,0.0,0.0,0.0,13.4,1.66,0.0
20230318:2010,0.0,0.0,0.0,12.42,1.72,0.0
20230318:2110,0.0,0.0,0.0,11.54,1.86,0.0
20230318:2210,0.0,0.0,0.0,10.87,1.86,0.0
20230318:2310,0.0,0.0,0.0,9.72,1.72,0.0
20230319:0010,0.0,0.0,0.0,8.72,1.52,0.0
20230319:0110,0.0,0.0,0.0,7.9,1.38,0.0
20230319:0210,0.0,0.0,0.0,7.11,1.45,0.0
20230319:0310,0.0,0.0,0.0,6.48,1.59,0.0
20230319:0410,0.0,0.0,0.0,5.92,1.59,0.0
20230319:0510,0.0,0.0,0.0,5.47,1.59,0.0
20230319:0610,0.0,0.0,0.0,5.08,1.66,0.0
20230319:0710,94.52,143.74,8.61,4.9,1.38,0.0
20230319:0810,340.34,402.94,19.72,8.01,1.31,0.0
20230319:0910,549.66,645.04,30.1,11.11,1.72,0.0
20230319:1010,722.79,867.59,39.14,13.41,2.28,0.0
20230319:1110,823.26,1015.43,45.83,15.02,2.21,0.0
20230319:1210,857.29,1077.08,48.95,16.25,2.0,0.0
20230319:1310,827.4,1040.18,47.66,17.4,2.0,0.0
20230319:1410,761.66,947.78,42.33,17.98,2.0,0.0
20230319:1510,615.39,753.41,34.15,18.49,1.79,0.0
20230319:1610,424.65,518.83,24.24,18.59,1.52,0.0
20230319:1710,188.59,255.34,13.38,18.31,1.31,0.0
20230319:1810,0.34,6.62,2.07,17.38,1.03,0.0
20230319:1910,0.0,0.0,0.0,15.76,0.9,0.0
20230319:2010,0.0,0.0,0.0,14.91,0.97,0.0
20230319:2110,0.0,0.0,0.0,13.8,1.1,0.0
20230319:2210,0.0,0.0,0.0,11.38,1.38,0.0
20230319:2310,0.0,0.0,0.0,9.34,1.59,0.0
20230320:0010,0.0,0.0,0.0,8.12,1.66,0.0
20230320:0110,0.0,0.0,0.0,7.14,1.59,0.0
20230320:0210,0.0,0.0,0.0,6.32,1.66,0.0
20230320:0310,0.0,0.0,0.0,5.62,1.66,0.0
20230320:0410,0.0,0.0,0.0,5.07,1.66,0.0
20230320:0510,0.0,0.0,0.0,4.5,1.59,0.0
20230320:0610,0.0,0.0,0.0,4.02,1.45,0.0
20230320:0710,91.05,135.11,8.93,3.91,1.17,0.0
20230320:0810,340.8,403.91,20.05,7.32,0.69,0.0
20230320:0910,493.9,587.44,30.45,11.31,0.48,0.0
20230320:1010,701.19,879.65,39.51,14.3,0.21,0.0
20230320:1110,784.81,1010.73,46.23,16.52,0.48,0.0
20230320:1210,817.02,1059.04,49.35,18.21,0.9,0.0
20230320:1310,810.43,1046.17,48.03,19.48,1.24,0.0
20230320:1410,698.6,880.33,42.65,20.33,1.52,0.0
20230320:1510,462.64,566.79,34.41,20.77,1.72,0.0
20230320:1610,399.01,491.04,24.47,20.78,1.79,0.0
20230320:1710,187.35,255.61,13.59,20.36,1.66,0.0
20230320:1810,0.0,5.68,2.27,18.98,1.45,0.0
20230320:1910,0.0,0.0,0.0,16.9,1.93,0.0
20230320:2010,0.0,0.0,0.0,15.11,2.14,0.0
20230320:2110,0.0,0.0,0.0,13.55,2.14,0.0
20230320:2210,0.0,0.0,0.0,11.88,1.93,0.0
20230320:2310,0.0,0.0,0.0,10.6,1.59,0.0
20230321:0010,0.0,0.0,0.0,10.38,1.24,0.0
20230321:0110,0.0,0.0,0.0,10.58,0.9,0.0
20230321:0210,0.0,0.0,0.0,10.51,0.62,0.0
20230321:0310,0.0,0.0,0.0,9.36,0.76,0.0
20230321:0410,0.0,0.0,0.0,7.95,1.1,0.0
20230321:0510,0.0,0.0,0.0,7.06,1.24,0.0
20230321:0610,0.0,0.0,0.0,6.5,1.17,0.0
20230321:0710,0.0,0.0,0.0,5.7,1.1,0.0
20230321:0810,0.0,0.0,0.0,8.62,0.69,0.0
20230321:0910,523.75,627.31,30.8,12.41,0.55,0.0
20230321:1010,712.62,895.32,39.88,15.19,0.41,0.0
20230321:1110,799.57,1039.6,46.63,17.55,0.48,0.0
20230321:1210,839.86,1101.23,49.75,19.27,0.9,0.0
20230321:1310,821.34,1064.83,48.4,20.46,1.38,0.0
20230321:1410,745.16,947.63,42.96,21.18,1.66,0.0
20230321:1510,602.3,749.14,34.68,21.58,1.72,0.0
20230321:1610,422.24,521.84,24.7,21.58,1.86,0.0
20230321:1710,184.97,253.16,13.79,21.12,1.72,0.0
20230321:1810,1.12,8.51,2.46,19.77,1.17,0.0
20230321:1910,0.0,0.0,0.0,17.96,2.14,0.0
20230321:2010,0.0,0.0,0.0,16.33,2.55,0.0
20230321:2110,0.0,0.0,0.0,14.89,2.48,0.0
20230321:2210,0.0,0.0,0.0,13.53,2.14,0.0
20230321:2310,0.0,0.0,0.0,12.09,1.86,0.0
20230322:0010,0.0,0.0,0.0,10.68,1.66,0.0
20230322:0110,0.0,0.0,0.0,9.66,1.38,0.0
20230322:0210,0.0,0.0,0.0,9.43,1.1,0.0
20230322:0310,0.0,0.0,0.0,9.55,0.9,0.0
20230322:0410,0.0,0.0,0.0,9.28,0.76,0.0
20230322:0510,0.0,0.0,0.0,8.24,1.17,0.0
20230322:0610,0.0,0.0,0.0,7.49,1.24,0.0
20230322:0710,0.0,0.0,0.0,6.64,1.24,0.0
20230322:0810,355.27,426.21,20.7,10.02,0.69,0.0
20230322:0910,557.59,674.72,31.15,13.63,0.55,0.0
20230322:1010,711.87,885.34,40.26,16.37,1.1,0.0
20230322:1110,823.41,1039.63,47.03,18.66,2.07,0.0
20230322:1210,870.54,1104.31,50.15,20.36,2.83,0.0
20230322:1310,844.75,1067.93,48.76,21.6,3.17,0.0
20230322:1410,757.59,945.01,43.27,22.36,3.38,0.0
20230322:1510,589.7,722.01,34.94,22.69,3.52,0.0
20230322:1610,405.32,496.91,24.93,22.55,3.59,0.0
20230322:1710,172.19,234.71,14.0,21.84,3.59,0.0
20230322:1810,0.7,7.57,2.66,20.35,2.9,0.0
20230322:1910,0.0,0.0,0.0,18.17,2.83,0.0
20230322:2010,0.0,0.0,0.0,16.56,2.69,0.0
20230322:2110,0.0,0.0,0.0,15.31,2.48,0.0
20230322:2210,0.0,0.0,0.0,14.26,2.28,0.0
20230322:2310,0.0,0.0,0.0,13.47,2.21,0.0
20230323:0010,0.0,0.0,0.0,12.6,2.21,0.0
20230323:0110,0.0,0.0,0.0,11.72,2.21,0.0
20230323:0210,0.0,0.0,0.0,10.85,2.14,0.0
20230323:0310,0.0,0.0,0.0,10.07,2.0,0.0
20230323:0410,0.0,0.0,0.0,9.11,1.86,0.0
20230323:0510,0.0,0.0,0.0,8.12,1.72,0.0
20230323:0610,0.0,0.0,0.0,7.51,1.59,0.0
20230323:0710,103.44,153.66,9.88,7.69,1.66,0.0
20230323:0810,352.02,422.76,21.03,11.22,1.1,0.0
20230323:0910,559.35,669.37,31.5,15.02,1.79,0.0
20230323:1010,715.94,871.29,40.63,17.42,2.76,0.0
20230323:1110,820.58,1016.88,47.42,19.32,3.38,0.0
20230323:1210,878.3,1101.6,50.55,20.85,3.79,0.0
20230323:1310,834.55,1042.5,49.13,21.97,4.07,0.0
20230323:1410,751.72,928.06,43.58,22.61,4.34,0.0
20230323:1510,617.45,751.11,35.2,22.75,4.55,0.0
20230323:1610,425.67,518.1,25.15,22.22,4.69,0.0
20230323:1710,113.49,155.49,14.2,20.98,4.14,0.0
20230323:1810,2.14,11.36,2.86,19.58,3.17,0.0
20230323:1910,0.0,0.0,0.0,17.48,2.9,0.0
20230323:2010,0.0,0.0,0.0,16.32,2.76,0.0
20230323:2110,0.0,0.0,0.0,15.03,2.62,0.0
20230323:2210,0.0,0.0,0.0,13.91,2.62,0.0
20230323:2310,0.0,0.0,0.0,13.01,2.69,0.0
20230324:0010,0.0,0.0,0.0,12.27,2.76,0.0
20230324:0110,0.0,0.0,0.0,11.59,2.83,0.0
20230324:0210,0.0,0.0,0.0,10.94,2.83,0.0
20230324:0310,0.0,0.0,0.0,10.25,2.69,0.0
20230324:0410,0.0,0.0,0.0,9.65,2.55,0.0
20230324:0510,0.0,0.0,0.0,9.17,2.41,0.0
20230324:0610,0.0,0.0,0.0,8.67,2.14,0.0
20230324:0710,36.11,56.53,10.2,9.41,2.21,0.0
20230324:0810,219.52,263.56,21.36,10.74,2.55,0.0
20230324:0910,334.2,391.28,31.84,12.6,3.03,0.0
20230324:1010,174.45,215.18,41.01,14.5,3.31,0.0
20230324:1110,285.81,343.15,47.82,16.34,3.79,0.0
20230324:1210,335.99,403.34,50.95,17.87,4.07,0.0
20230324:1310,769.17,935.29,49.49,19.08,4.48,0.0
20230324:1410,753.88,910.99,43.89,19.44,4.83,0.0
20230324:1510,609.01,727.81,35.46,19.58,4.69,0.0
20230324:1610,421.05,504.06,25.37,18.94,4.83,0.0
20230324:1710,186.79,249.54,14.41,18.13,4.97,0.0
20230324:1810,2.68,12.23,3.05,16.44,4.62,0.0
20230324:1910,0.0,0.0,0.0,15.38,3.93,0.0
20230324:2010,0.0,0.0,0.0,14.02,3.59,0.0
20230324:2110,0.0,0.0,0.0,13.01,3.03,0.0
20230324:2210,0.0,0.0,0.0,12.21,2.48,0.0
20230324:2310,0.0,0.0,0.0,11.47,2.21,0.0
20230325:0010,0.0,0.0,0.0,10.85,2.0,0.0
20230325:0110,0.0,0.0,0.0,10.34,1.79,0.0
20230325:0210,0.0,0.0,0.0,10.19,1.52,0.0
20230325:0310,0.0,0.0,0.0,9.97,1.17,0.0
20230325:0410,0.0,0.0,0.0,9.52,0.83,0.0
20230325:0510,0.0,0.0,0.0,9.47,0.97,0.0
20230325:0610,0.0,0.0,0.0,9.42,1.24,0.0
20230325:0710,82.42,119.55,10.52,9.89,1.17,0.0
20230325:0810,204.09,247.08,21.69,10.56,1.17,0.0
20230325:0910,452.77,532.22,32.19,11.54,1.31,0.0
20230325:1010,693.71,836.07,41.38,12.95,1.66,0.0
20230325:1110,802.53,988.89,48.22,14.92,2.07,0.0
20230325:1210,883.22,1103.7,51.35,17.11,2.76,0.0
20230325:1310,817.58,1012.51,49.85,19.09,3.38,0.0
20230325:1410,760.6,934.18,44.2,20.35,3.79,0.0
20230325:1510,610.13,738.39,35.71,20.97,4.0,0.0
20230325:1610,422.06,512.3,25.59,21.09,4.14,0.0
20230325:1710,190.08,256.89,14.61,20.51,4.34,0.0
20230325:1810,4.25,15.76,3.25,19.25,4.0,0.0
20230325:1910,0.0,0.0,0.0,17.67,4.48,0.0
20230325:2010,0.0,0.0,0.0,16.4,4.48,0.0
20230325:2110,0.0,0.0,0.0,15.29,4.07,0.0
20230325:2210,0.0,0.0,0.0,14.37,3.66,0.0
20230325:2310,0.0,0.0,0.0,13.54,3.24,0.0
20230326:0010,0.0,0.0,0.0,12.82,2.97,0.0
20230326:0110,0.0,0.0,0.0,12.18,2.76,0.0
20230326:0210,0.0,0.0,0.0,11.54,2.55,0.0
20230326:0310,0.0,0.0,0.0,10.94,2.41,0.0
20230326:0410,0.0,0.0,0.0,10.29,2.21,0.0
20230326:0510,0.0,0.0,0.0,9.67,2.07,0.0
20230326:0610,0.0,0.0,0.0,9.24,1.93,0.0
20230326:0710,118.12,173.75,10.83,9.43,1.72,0.0
20230326:0810,352.99,420.4,22.01,11.61,2.21,0.0
20230326:0910,561.49,661.22,32.54,13.72,2.69,0.0
20230326:1010,685.1,820.01,41.75,15.8,3.24,0.0
20230326:1110,809.65,988.87,48.61,17.51,3.66,0.0
20230326:1210,867.64,1072.5,51.74,18.93,4.0,0.0
20230326:1310,836.17,1032.33,50.21,20.04,4.21,0.0
20230326:1410,758.85,928.68,44.5,20.92,4.41,0.0
20230326:1510,616.41,743.44,35.97,21.23,4.69,0.0
20230326:1610,428.17,517.46,25.81,20.8,4.76,0.0
20230326:1710,193.47,260.02,14.81,19.64,4.55,0.0
20230326:1810,4.81,16.58,3.44,18.03,3.72,0.0
20230326:1910,0.0,0.0,0.0,16.54,3.31,0.0
20230326:2010,0.0,0.0,0.0,14.89,2.97,0.0
20230326:2110,0.0,0.0,0.0,13.59,2.48,0.0
20230326:2210,0.0,0.0,0.0,12.34,1.93,0.0
20230326:2310,0.0,0.0,0.0,10.86,1.59,0.0
20230327:0010,0.0,0.0,0.0,9.79,1.59,0.0
20230327:0110,0.0,0.0,0.0,8.73,1.59,0.0
20230327:0210,0.0,0.0,0.0,7.69,1.59,0.0
20230327:0310,0.0,0.0,0.0,6.81,1.59,0.0
20230327:0410,0.0,0.0,0.0,6.11,1.66,0.0
20230327:0510,0.0,0.0,0.0,5.77,1.86,0.0
20230327:0610,0.0,0.0,0.0,5.19,1.93,0.0
20230327:0710,126.08,180.75,11.15,5.33,1.52,0.0
20230327:0810,367.21,432.2,22.34,8.76,1.86,0.0
20230327:0910,581.57,679.8,32.88,11.47,2.48,0.0
20230327:1010,734.38,887.92,42.12,13.51,2.0,0.0
20230327:1110,809.12,1018.88,49.01,15.3,1.24,0.0
20230327:1210,835.57,1081.88,52.14,16.86,0.83,0.0
20230327:1310,813.68,1060.22,50.57,18.17,0.69,0.0
20230327:1410,737.88,948.28,44.8,19.18,0.69,0.0
20230327:1510,614.32,773.59,36.22,19.84,0.62,0.0
20230327:1610,424.47,529.55,26.03,20.09,0.41,0.0
20230327:1710,194.25,265.88,15.01,19.97,0.21,0.0
20230327:1810,5.87,18.35,3.64,19.39,0.83,0.0
20230327:1910,0.0,0.0,0.0,17.81,1.72,0.0
20230327:2010,0.0,0.0,0.0,15.48,1.72,0.0
20230327:2110,0.0,0.0,0.0,14.02,1.45,0.0
20230327:2210,0.0,0.0,0.0,15.31,0.69,0.0
20230327:2310,0.0,0.0,0.0,14.44,0.62,0.0
20230328:0010,0.0,0.0,0.0,10.84,1.45,0.0
20230328:0110,0.0,0.0,0.0,8.92,1.66,0.0
20230328:0210,0.0,0.0,0.0,8.11,1.86,0.0
20230328:0310,0.0,0.0,0.0,7.41,1.86,0.0
20230328:0410,0.0,0.0,0.0,6.76,1.79,0.0
20230328:0510,0.0,0.0,0.0,6.14,1.79,0.0
20230328:0610,0.0,0.0,0.0,5.62,1.72,0.0
20230328:0710,126.2,180.48,11.47,5.62,1.31,0.0
20230328:0810,362.54,431.4,22.66,9.82,1.03,0.0
20230328:0910,558.7,673.2,33.22,13.93,0.9,0.0
20230328:1010,695.59,868.13,42.49,16.88,0.97,0.0
20230328:1110,789.11,1014.74,49.4,19.05,1.1,0.0
20230328:1210,820.23,1076.52,52.53,20.79,1.03,0.0
20230328:1310,791.44,1042.08,50.93,22.2,0.97,0.0
20230328:1410,726.88,948.5,45.1,23.19,0.9,0.0
20230328:1510,592.7,755.5,36.47,23.75,0.9,0.0
20230328:1610,423.86,535.58,26.25,23.85,0.9,0.0
20230328:1710,190.11,264.04,15.21,23.5,0.76,0.0
20230328:1810,6.9,20.72,3.83,22.76,0.48,0.0
20230328:1910,0.0,0.0,0.0,21.26,0.69,0.0
20230328:2010,0.0,0.0,0.0,20.21,0.76,0.0
20230328:2110,0.0,0.0,0.0,18.01,1.17,0.0
20230328:2210,0.0,0.0,0.0,15.47,1.52,0.0
20230328:2310,0.0,0.0,0.0,13.51,1.79,0.0
20230329:0010,0.0,0.0,0.0,12.23,2.0,0.0
20230329:0110,0.0,0.0,0.0,10.58,1.79,0.0
20230329:0210,0.0,0.0,0.0,9.8,1.79,0.0
20230329:0310,0.0,0.0,0.0,9.42,2.0,0.0
20230329:0410,0.0,0.0,0.0,8.73,1.93,0.0
20230329:0510,0.0,0.0,0.0,7.97,1.86,0.0
20230329:0610,0.0,0.0,0.0,7.37,1.79,0.0
20230329:0710,123.32,176.23,11.78,7.69,1.38,0.0
20230329:0810,364.15,438.33,22.99,12.3,1.03,0.0
20230329:0910,554.71,669.79,33.57,15.62,1.31,0.0
20230329:1010,695.41,872.3,42.86,18.35,1.1,0.0
20230329:1110,778.25,1012.92,49.8,20.88,0.97,0.0
20230329:1210,817.12,1080.14,52.93,23.07,1.24,0.0
20230329:1310,804.75,1051.52,51.28,24.76,2.0,0.0
20230329:1410,732.31,935.36,45.4,25.68,2.76,0.0
20230329:1510,594.61,743.99,36.72,26.03,3.1,0.0
20230329:1610,386.98,483.6,26.46,25.98,3.24,0.0
20230329:1710,164.85,227.5,15.4,25.38,3.45,0.0
20230329:1810,7.44,22.08,4.02,23.83,2.62,0.0
20230329:1910,0.0,0.0,0.0,21.33,2.55,0.0
20230329:2010,0.0,0.0,0.0,19.58,2.69,0.0
20230329:2110,0.0,0.0,0.0,18.19,2.55,0.0
20230329:2210,0.0,0.0,0.0,17.0,2.34,0.0
20230329:2310,0.0,0.0,0.0,16.11,2.41,0.0
20230330:0010,0.0,0.0,0.0,15.52,2.55,0.0
20230330:0110,0.0,0.0,0.0,15.2,2.76,0.0
20230330:0210,0.0,0.0,0.0,14.74,2.83,0.0
20230330:0310,0.0,0.0,0.0,14.15,2.76,0.0
20230330:0410,0.0,0.0,0.0,13.55,2.76,0.0
20230330:0510,0.0,0.0,0.0,12.85,2.76,0.0
20230330:0610,0.0,0.0,0.0,12.11,2.76,0.0
20230330:0710,127.09,184.6,12.09,12.18,2.55,0.0
20230330:0810,379.67,454.58,23.31,14.2,3.03,0.0
20230330:0910,414.97,490.61,33.91,16.29,3.59,0.0
20230330:1010,555.92,664.65,43.23,18.15,3.79,0.0
20230330:1110,500.24,601.37,50.19,19.59,4.21,0.0
20230330:1210,864.87,1071.26,53.32,21.05,4.76,0.0
20230330:1310,840.49,1041.38,51.64,22.31,5.03,0.0
20230330:1410,759.5,931.05,45.7,23.03,5.45,0.0
20230330:1510,608.29,735.53,36.97,23.17,5.72,0.0
20230330:1610,327.12,399.59,26.68,22.77,5.79,0.0
20230330:1710,124.4,168.59,15.6,21.66,5.72,0.0
20230330:1810,6.36,18.51,4.21,20.12,5.03,0.0
20230330:1910,0.0,0.0,0.0,18.25,4.76,0.0
20230330:2010,0.0,0.0,0.0,17.13,4.41,0.0
20230330:2110,0.0,0.0,0.0,16.29,4.07,0.0
20230330:2210,0.0,0.0,0.0,15.55,3.79,0.0
20230330:2310,0.0,0.0,0.0,15.06,3.66,0.0
20230331:0010,0.0,0.0,0.0,14.76,3.66,0.0
20230331:0110,0.0,0.0,0.0,14.45,3.72,0.0
20230331:0210,0.0,0.0,0.0,13.72,3.52,0.0
20230331:0310,0.0,0.0,0.0,13.12,3.31,0.0
20230331:0410,0.0,0.0,0.0,12.38,3.03,0.0
20230331:0510,0.0,0.0,0.0,11.62,2.83,0.0
20230331:0610,0.0,0.0,0.0,11.03,2.69,0.0
20230331:0710,69.75,98.71,12.41,11.4,2.83,0.0
20230331:0810,277.9,330.6,23.63,12.55,3.66,0.0
20230331:0910,556.75,650.64,34.25,14.26,3.86,0.0
20230331:1010,540.46,638.44,43.59,16.17,4.0,0.0
20230331:1110,687.43,826.13,50.58,17.82,4.28,0.0
20230331:1210,860.93,1055.28,53.71,19.29,4.76,0.0
20230331:1310,831.01,1014.16,51.99,20.25,5.31,0.0
20230331:1410,728.9,881.47,45.99,21.4,5.79,0.0
20230331:1510,589.98,708.84,37.21,22.13,5.79,0.0
20230331:1610,364.12,442.87,26.89,22.33,5.52,0.0
20230331:1710,82.15,115.55,15.79,21.74,4.55,0.0
20230331:1810,5.16,16.08,4.4,20.71,3.72,0.0
20230331:1910,0.0,0.0,0.0,18.47,4.55,0.0
20230331:2010,0.0,0.0,0.0,17.44,4.0,0.0
20230331:2110,0.0,0.0,0.0,16.55,3.24,0.0
20230331:2210,0.0,0.0,0.0,15.71,2.83,0.0
20230331:2310,0.0,0.0,0.0,14.81,2.69,0.0
20230401:0010,0.0,0.0,0.0,13.78,2.41,0.0
20230401:0110,0.0,0.0,0.0,12.94,2.55,0.0
20230401:0210,0.0,0.0,0.0,12.14,2.55,0.0
20230401:0310,0.0,0.0,0.0,11.27,2.28,0.0
20230401:0410,0.0,0.0,0.0,10.59,2.21,0.0
20230401:0510,0.0,0.0,0.0,10.09,2.07,0.0
20230401:0610,0.0,0.0,0.0,9.49,1.72,0.0
20230401:0710,123.74,174.63,12.72,9.72,1.03,0.0
20230401:0810,222.72,268.75,23.95,12.19,2.0,0.0
20230401:0910,406.03,476.73,34.59,13.7,2.76,0.0
20230401:1010,644.43,765.33,43.96,15.37,3.52,0.0
20230401:1110,598.74,711.42,50.97,17.08,4.62,0.0
20230401:1210,759.04,912.77,54.1,18.08,5.24,0.0
20230401:1310,745.86,894.15,52.34,18.57,5.72,0.0
20230401:1410,775.02,927.87,46.28,18.99,5.93,0.0
20230401:1510,623.29,738.56,37.45,19.25,5.93,0.0
20230401:1610,441.42,527.48,27.1,19.4,5.86,0.0
20230401:1710,192.57,256.4,15.99,18.28,5.72,0.0
20230401:1810,9.82,31.74,4.59,17.03,5.1,0.0
20230401:1910,0.0,0.0,0.0,16.35,4.28,0.0
20230401:2010,0.0,0.0,0.0,15.21,3.93,0.0
20230401:2110,0.0,0.0,0.0,14.21,3.66,0.0
20230401:2210,0.0,0.0,0.0,13.44,3.52,0.0
20230401:2310,0.0,0.0,0.0,12.5,3.38,0.0
20230402:0010,0.0,0.0,0.0,11.31,3.03,0.0
20230402:0110,0.0,0.0,0.0,10.15,2.34,0.0
20230402:0210,0.0,0.0,0.0,9.11,1.66,0.0
20230402:0310,0.0,0.0,0.0,7.79,1.17,0.0
20230402:0410,0.0,0.0,0.0,7.03,0.97,0.0
20230402:0510,0.0,0.0,0.0,7.22,0.69,0.0
20230402:0610,0.0,0.0,0.0,7.08,0.48,0.0
20230402:0710,147.7,206.58,13.03,6.02,0.76,0.0
20230402:0810,383.87,452.02,24.27,8.83,1.45,0.0
20230402:0910,605.92,708.48,34.92,10.54,2.21,0.0
20230402:1010,760.17,905.53,44.32,12.32,2.83,0.0
20230402:1110,853.63,1038.82,51.36,14.03,3.03,0.0
20230402:1210,897.42,1105.48,54.49,15.42,3.24,0.0
20230402:1310,864.61,1067.72,52.69,16.7,3.17,0.0
20230402:1410,780.93,954.95,46.57,17.64,3.24,0.0
20230402:1510,644.97,775.57,37.69,18.2,3.52,0.0
20230402:1610,446.66,536.56,27.31,18.21,3.66,0.0
20230402:1710,203.63,271.19,16.18,17.66,3.79,0.0
20230402:1810,8.57,34.29,4.78,16.67,3.59,0.0
20230402:1910,0.0,0.0,0.0,15.29,2.62,0.0
20230402:2010,0.0,0.0,0.0,13.94,2.21,0.0
20230402:2110,0.0,0.0,0.0,12.71,2.14,0.0
20230402:2210,0.0,0.0,0.0,11.52,2.34,0.0
20230402:2310,0.0,0.0,0.0,10.5,2.55,0.0
20230403:0010,0.0,0.0,0.0,9.65,2.69,0.0
20230403:0110,0.0,0.0,0.0,8.8,2.69,0.0
20230403:0210,0.0,0.0,0.0,7.93,2.55,0.0
20230403:0310,0.0,0.0,0.0,7.09,2.41,0.0
20230403:0410,0.0,0.0,0.0,6.29,2.28,0.0
20230403:0510,0.0,0.0,0.0,5.54,2.14,0.0
20230403:0610,0.0,3.62,1.92,4.85,1.93,0.0
20230403:0710,149.66,206.24,13.33,5.24,1.59,0.0
20230403:0810,393.45,458.66,24.59,7.76,2.07,0.0
20230403:0910,601.89,703.79,35.26,10.27,2.07,0.0
20230403:1010,745.16,902.13,44.68,12.48,1.72,0.0
20230403:1110,834.54,1046.29,51.74,14.47,1.45,0.0
20230403:1210,877.26,1132.8,54.88,16.15,1.1,0.0
20230403:1310,820.74,1062.87,53.03,17.53,0.83,0.0
20230403:1410,732.84,937.75,46.86,18.54,0.69,0.0
20230403:1510,581.26,727.0,37.93,19.1,0.55,0.0
20230403:1610,391.37,485.13,27.52,19.23,0.41,0.0
20230403:1710,195.47,265.56,16.37,19.03,0.21,0.0
20230403:1810,10.37,34.53,4.97,18.5,0.34,0.0
20230403:1910,0.0,0.0,0.0,17.57,0.9,0.0
20230403:2010,0.0,0.0,0.0,16.71,0.62,0.0
20230403:2110,0.0,0.0,0.0,16.14,0.21,0.0
20230403:2210,0.0,0.0,0.0,13.06,1.17,0.0
20230403:2310,0.0,0.0,0.0,12.07,1.93,0.0
20230404:0010,0.0,0.0,0.0,11.52,2.55,0.0
20230404:0110,0.0,0.0,0.0,10.97,3.1,0.0
20230404:0210,0.0,0.0,0.0,10.22,3.31,0.0
20230404:0310,0.0,0.0,0.0,9.5,3.31,0.0
20230404:0410,0.0,0.0,0.0,8.92,3.31,0.0
20230404:0510,0.0,0.0,0.0,8.35,3.17,0.0
20230404:0610,0.28,6.34,2.23,7.76,3.1,0.0
20230404:0710,153.73,213.65,13.64,8.21,2.9,0.0
20230404:0810,399.16,466.11,24.9,10.35,3.79,0.0
20230404:0910,618.17,719.21,35.59,12.74,4.0,0.0
20230404:1010,771.24,920.21,45.04,15.03,4.0,0.0
20230404:1110,871.41,1066.59,52.13,16.93,3.93,0.0
20230404:1210,911.18,1132.99,55.26,18.41,3.86,0.0
20230404:1310,880.05,1095.21,53.38,19.48,3.86,0.0
20230404:1410,782.25,961.55,47.14,20.14,3.93,0.0
20230404:1510,642.02,777.01,38.17,20.44,4.07,0.0
20230404:1610,441.72,534.86,27.72,20.4,4.14,0.0
20230404:1710,206.53,277.93,16.56,19.92,4.21,0.0
20230404:1810,9.51,35.69,5.16,18.94,3.66,0.0
20230404:1910,0.0,0.0,0.0,17.16,2.83,0.0
20230404:2010,0.0,0.0,0.0,15.41,3.03,0.0
20230404:2110,0.0,0.0,0.0,14.05,3.38,0.0
20230404:2210,0.0,0.0,0.0,12.89,3.59,0.0
20230404:2310,0.0,0.0,0.0,11.67,3.52,0.0
20230405:0010,0.0,0.0,0.0,10.41,3.24,0.0
20230405:0110,0.0,0.0,0.0,9.18,2.97,0.0
20230405:0210,0.0,0.0,0.0,8.13,2.76,0.0
20230405:0310,0.0,0.0,0.0,7.28,2.76,0.0
20230405:0410,0.0,0.0,0.0,6.61,2.76,0.0
20230405:0510,0.0,0.0,0.0,6.0,2.69,0.0
20230405:0610,1.11,8.15,2.54,5.47,2.55,0.0
20230405:0710,161.69,221.85,13.94,5.94,2.07,0.0
20230405:0810,403.76,471.77,25.21,8.81,2.34,0.0
20230405:0910,626.35,738.89,35.92,11.97,2.28,0.0
20230405:1010,773.74,948.96,45.39,14.64,1.93,0.0
20230405:1110,854.14,1084.75,52.51,16.77,1.66,0.0
20230405:1210,882.78,1145.64,55.65,18.6,1.52,0.0
20230405:1310,845.09,1100.1,53.72,19.99,1.38,0.0
20230405:1410,763.74,983.79,47.43,20.94,1.24,0.0
20230405:1510,646.71,817.48,38.4,21.46,1.17,0.0
20230405:1610,440.14,548.31,27.93,21.63,1.31,0.0
20230405:1710,206.69,282.59,16.75,21.35,1.31,0.0
20230405:1810,13.85,35.49,5.34,20.66,0.97,0.0
20230405:1910,0.0,0.0,0.0,19.72,0.41,0.0
20230405:2010,0.0,0.0,0.0,18.94,0.41,0.0
20230405:2110,0.0,0.0,0.0,17.99,0.55,0.0
20230405:2210,0.0,0.0,0.0,15.45,1.17,0.0
20230405:2310,0.0,0.0,0.0,11.09,1.79,0.0
20230406:0010,0.0,0.0,0.0,10.16,2.21,0.0
20230406:0110,0.0,0.0,0.0,9.76,2.62,0.0
20230406:0210,0.0,0.0,0.0,9.27,2.76,0.0
20230406:0310,0.0,0.0,0.0,8.79,2.55,0.0
20230406:0410,0.0,0.0,0.0,8.22,2.41,0.0
20230406:0510,0.0,0.0,0.0,7.8,2.28,0.0
20230406:0610,1.53,9.05,2.84,7.5,2.07,0.0
20230406:0710,130.61,174.76,14.25,7.57,1.52,0.0
20230406:0810,394.59,467.98,25.52,10.74,1.52,0.0
20230406:0910,600.5,718.93,36.24,13.91,1.66,0.0
20230406:1010,740.39,918.12,45.75,16.52,1.59,0.0
20230406:1110,830.53,1061.73,52.89,18.81,1.66,0.0
20230406:1210,857.25,1121.27,56.03,20.64,1.45,0.0
20230406:1310,815.73,1070.38,54.06,21.88,1.24,0.0
20230406:1410,737.48,955.59,47.71,22.68,1.17,0.0
20230406:1510,606.34,767.47,38.64,23.12,1.24,0.0
20230406:1610,424.34,531.3,28.13,23.17,1.45,0.0
20230406:1710,198.55,273.16,16.94,22.84,1.59,0.0
20230406:1810,9.85,36.7,5.53,22.08,1.38,0.0
20230406:1910,0.0,0.0,0.0,20.66,0.9,0.0
20230406:2010,0.0,0.0,0.0,19.76,0.76,0.0
20230406:2110,0.0,0.0,0.0,19.36,0.48,0.0
20230406:2210,0.0,0.0,0.0,18.35,0.9,0.0
20230406:2310,0.0,0.0,0.0,13.33,2.21,0.0
20230407:0010,0.0,0.0,0.0,11.92,2.62,0.0
20230407:0110,0.0,0.0,0.0,11.28,2.69,0.0
20230407:0210,0.0,0.0,0.0,10.51,2.21,0.0
20230407:0310,0.0,0.0,0.0,9.49,2.07,0.0
20230407:0410,0.0,0.0,0.0,8.53,2.0,0.0
20230407:0510,0.0,0.0,0.0,7.71,2.0,0.0
20230407:0610,3.0,11.77,3.14,7.09,2.0,0.0
20230407:0710,159.96,219.58,14.55,7.51,1.38,0.0
20230407:0810,395.3,471.83,25.83,11.89,1.38,0.0
20230407:0910,597.97,722.42,36.57,14.73,1.31,0.0
20230407:1010,735.69,930.76,46.1,17.25,0.83,0.0
20230407:1110,808.77,1063.62,53.27,19.55,0.62,0.0
20230407:1210,838.93,1121.89,56.41,21.56,0.76,0.0
20230407:1310,815.87,1076.48,54.4,23.11,1.31,0.0
20230407:1410,745.49,966.9,47.99,23.95,1.52,0.0
20230407:1510,605.05,767.26,38.87,24.35,1.52,0.0
20230407:1610,408.43,514.46,28.33,24.38,1.38,0.0
20230407:1710,202.63,281.35,17.13,24.04,1.31,0.0
20230407:1810,15.48,36.96,5.72,23.26,1.03,0.0
20230407:1910,0.0,0.0,0.0,21.5,1.66,0.0
20230407:2010,0.0,0.0,0.0,19.17,1.86,0.0
20230407:2110,0.0,0.0,0.0,17.42,2.07,0.0
20230407:2210,0.0,0.0,0.0,15.68,1.93,0.0
20230407:2310,0.0,0.0,0.0,14.53,1.72,0.0
20230408:0010,0.0,0.0,0.0,14.8,1.31,0.0
20230408:0110,0.0,0.0,0.0,14.66,1.03,0.0
20230408:0210,0.0,0.0,0.0,13.65,0.97,0.0
20230408:0310,0.0,0.0,0.0,13.5,0.69,0.0
20230408:0410,0.0,0.0,0.0,12.86,0.55,0.0
20230408:0510,0.0,0.0,0.0,10.83,1.17,0.0
20230408:0610,4.56,14.48,3.44,8.73,1.59,0.0
20230408:0710,161.22,221.6,14.84,8.33,1.1,0.0
20230408:0810,387.84,469.84,26.13,13.68,0.69,0.0
20230408:0910,576.66,717.53,36.89,17.86,0.41,0.0
20230408:1010,707.85,924.27,46.45,20.74,0.21,0.0
20230408:1110,791.78,1055.72,53.65,22.89,0.69,0.0
20230408:1210,835.92,1125.58,56.79,24.28,1.03,0.0
20230408:1310,795.23,1067.31,54.73,25.14,0.97,0.0
20230408:1410,715.11,948.55,48.26,25.7,0.76,0.0
20230408:1510,588.65,764.89,39.09,25.98,0.55,0.0
20230408:1610,406.72,524.13,28.53,25.99,0.21,0.0
20230408:1710,194.28,273.21,17.31,25.64,0.28,0.0
20230408:1810,17.94,43.26,5.9,25.05,1.17,0.0
20230408:1910,0.0,0.0,0.0,23.01,2.14,0.0
20230408:2010,0.0,0.0,0.0,21.1,2.34,0.0
20230408:2110,0.0,0.0,0.0,19.58,2.48,0.0
20230408:2210,0.0,0.0,0.0,18.13,2.21,0.0
20230408:2310,0.0,0.0,0.0,16.39,1.79,0.0
20230409:0010,0.0,0.0,0.0,16.46,1.03,0.0
20230409:0110,0.0,0.0,0.0,15.84,0.69,0.0
20230409:0210,0.0,0.0,0.0,12.62,1.52,0.0
20230409:0310,0.0,0.0,0.0,11.42,1.59,0.0
20230409:0410,0.0,0.0,0.0,10.45,1.66,0.0
20230409:0510,0.0,0.0,0.0,9.72,1.66,0.0
20230409:0610,4.55,14.48,3.74,9.07,1.66,0.0
20230409:0710,152.85,208.84,15.14,9.9,1.03,0.0
20230409:0810,368.62,446.62,26.44,14.31,0.83,0.0
20230409:0910,569.63,703.78,37.21,17.76,0.69,0.0
20230409:1010,711.35,911.49,46.79,20.68,0.9,0.0
20230409:1110,804.68,1058.33,54.02,23.16,1.31,0.0
20230409:1210,842.7,1121.57,57.16,25.05,1.66,0.0
20230409:1310,806.26,1063.52,55.07,26.29,2.0,0.0
20230409:1410,727.0,938.49,48.53,27.13,2.55,0.0
20230409:1510,584.38,737.83,39.32,27.55,2.97,0.0
20230409:1610,426.38,536.81,28.73,27.32,3.31,0.0
20230409:1710,192.39,268.54,17.5,26.9,3.31,0.0
20230409:1810,16.38,44.67,6.09,26.01,2.62,0.0
20230409:1910,0.0,0.0,0.0,23.77,3.24,0.0
20230409:2010,0.0,0.0,0.0,22.07,3.38,0.0
20230409:2110,0.0,0.0,0.0,20.69,3.1,0.0
20230409:2210,0.0,0.0,0.0,19.43,2.69,0.0
20230409:2310,0.0,0.0,0.0,18.25,2.28,0.0
20230410:0010,0.0,0.0,0.0,17.06,2.0,0.0
20230410:0110,0.0,0.0,0.0,15.7,1.79,0.0
20230410:0210,0.0,0.0,0.0,14.5,1.52,0.0
20230410:0310,0.0,0.0,0.0,13.91,1.17,0.0
20230410:0410,0.0,0.0,0.0,14.88,0.55,0.0
20230410:0510,0.0,0.0,0.0,14.6,0.07,0.0
20230410:0610,4.41,14.48,4.03,13.93,0.48,0.0
20230410:0710,145.8,201.33,15.43,13.68,0.28,0.0
20230410:0810,331.34,408.92,26.74,16.6,0.0,0.0
20230410:0910,440.61,545.56,37.53,19.81,0.48,0.0
20230410:1010,674.68,865.69,47.14,22.28,0.97,0.0
20230410:1110,726.5,947.36,54.39,24.17,1.31,0.0
20230410:1210,844.37,1129.96,57.54,25.61,1.59,0.0
20230410:1310,730.51,955.45,55.4,26.72,1.93,0.0
20230410:1410,674.32,871.26,48.8,27.5,2.21,0.0
20230410:1510,567.08,721.74,39.54,27.83,2.28,0.0
20230410:1610,404.23,513.77,28.92,27.82,2.28,0.0
20230410:1710,171.25,238.26,17.68,27.34,2.07,0.0
20230410:1810,17.9,45.22,6.27,26.41,1.52,0.0
20230410:1910,0.0,0.0,0.0,24.16,1.72,0.0
20230410:2010,0.0,0.0,0.0,21.91,2.0,0.0
20230410:2110,0.0,0.0,0.0,19.8,1.86,0.0
20230410:2210,0.0,0.0,0.0,18.17,1.52,0.0
20230410:2310,0.0,0.0,0.0,16.99,1.31,0.0
20230411:0010,0.0,0.0,0.0,15.6,1.45,0.0
20230411:0110,0.0,0.0,0.0,14.22,1.66,0.0
20230411:0210,0.0,0.0,0.0,13.15,1.45,0.0
20230411:0310,0.0,0.0,0.0,12.29,1.45,0.0
20230411:0410,0.0,0.0,0.0,11.58,1.66,0.0
20230411:0510,0.0,0.0,0.0,11.01,1.79,0.0
20230411:0610,8.0,20.01,4.32,10.45,1.86,0.0
20230411:0710,165.73,228.68,15.72,11.44,1.52,0.0
20230411:0810,393.55,474.97,27.03,14.74,1.52,0.0
20230411:0910,581.89,715.48,37.84,17.73,1.03,0.0
20230411:1010,694.59,903.6,47.48,20.32,0.14,0.0
20230411:1110,800.88,1041.2,54.76,22.52,1.59,0.0
20230411:1210,847.22,1097.71,57.91,24.19,2.69,0.0
20230411:1310,831.04,1069.35,55.72,25.45,3.31,0.0
20230411:1410,736.11,931.92,49.07,26.32,3.72,0.0
20230411:1510,599.92,747.47,39.77,26.71,4.0,0.0
20230411:1610,417.83,521.51,29.12,26.67,4.21,0.0
20230411:1710,193.2,267.78,17.86,26.08,4.41,0.0
20230411:1810,16.65,47.42,6.45,24.85,4.14,0.0
20230411:1910,0.0,0.0,0.0,22.85,4.28,0.0
20230411:2010,0.0,0.0,0.0,21.22,4.28,0.0
20230411:2110,0.0,0.0,0.0,19.92,3.79,0.0
20230411:2210,0.0,0.0,0.0,18.85,3.31,0.0
20230411:2310,0.0,0.0,0.0,17.87,2.9,0.0
20230412:0010,0.0,0.0,0.0,16.91,2.62,0.0
20230412:0110,0.0,0.0,0.0,15.98,2.41,0.0
20230412:0210,0.0,0.0,0.0,15.08,2.28,0.0
20230412:0310,0.0,0.0,0.0,14.23,2.21,0.0
20230412:0410,0.0,0.0,0.0,13.45,2.07,0.0
20230412:0510,0.0,0.0,0.0,12.66,2.0,0.0
20230412:0610,9.19,21.94,4.61,11.97,1.93,0.0
20230412:0710,165.93,228.89,16.01,12.71,2.07,0.0
20230412:0810,395.59,473.2,27.33,14.88,2.76,0.0
20230412:0910,595.52,711.87,38.15,16.67,2.9,0.0
20230412:1010,737.43,902.35,47.81,18.33,2.97,0.0
20230412:1110,812.91,1009.69,55.12,19.94,3.45,0.0
20230412:1210,762.22,945.39,58.28,21.11,3.79,0.0
20230412:1310,420.89,512.55,56.05,21.85,4.21,0.0
20230412:1410,256.1,317.13,49.34,22.57,5.17,0.0
20230412:1510,323.39,393.01,39.99,21.73,5.38,0.0
20230412:1610,414.7,501.07,29.31,20.96,5.24,0.0
20230412:1710,103.93,140.53,18.04,20.13,4.97,0.0
20230412:1810,21.69,47.42,6.64,18.72,4.62,0.0
20230412:1910,0.0,0.0,0.0,16.85,4.62,0.0
20230412:2010,0.0,0.0,0.0,15.94,3.45,0.0
20230412:2110,0.0,0.0,0.0,15.06,3.38,0.0
20230412:2210,0.0,0.0,0.0,14.01,3.45,0.0
20230412:2310,0.0,0.0,0.0,13.0,3.45,0.0
20230413:0010,0.0,0.0,0.0,12.11,3.59,0.0
20230413:0110,0.0,0.0,0.0,11.22,3.72,0.0
20230413:0210,0.0,0.0,0.0,10.32,3.52,0.0
20230413:0310,0.0,0.0,0.0,9.61,3.03,0.0
20230413:0410,0.0,0.0,0.0,9.07,2.34,0.0
20230413:0510,0.0,0.0,0.0,8.41,2.21,0.0
20230413:0610,10.89,24.27,4.9,7.99,2.34,0.0
20230413:0710,173.77,232.95,16.29,8.21,2.83,0.0
20230413:0810,416.54,484.77,27.62,9.22,2.83,0.0
20230413:0910,626.31,729.68,38.46,10.72,2.76,0.0
20230413:1010,782.46,933.9,48.15,12.33,2.9,0.0
20230413:1110,883.55,1074.9,55.49,13.97,3.31,0.0
20230413:1210,915.38,1123.92,58.64,15.35,3.59,0.0
20230413:1310,887.24,1089.08,56.37,16.71,3.79,0.0
20230413:1410,789.82,960.85,49.6,17.65,3.72,0.0
20230413:1510,620.06,742.48,40.2,18.27,3.86,0.0
20230413:1610,211.76,261.01,29.5,18.38,4.07,0.0
20230413:1710,202.56,269.19,18.23,17.88,4.0,0.0
20230413:1810,22.11,42.05,6.82,16.88,3.66,0.0
20230413:1910,0.0,0.0,0.0,14.78,3.31,0.0
20230413:2010,0.0,0.0,0.0,13.59,3.17,0.0
20230413:2110,0.0,0.0,0.0,12.68,2.62,0.0
20230413:2210,0.0,0.0,0.0,11.92,2.07,0.0
20230413:2310,0.0,0.0,0.0,11.22,1.72,0.0
20230414:0010,0.0,0.0,0.0,10.64,2.0,0.0
20230414:0110,0.0,0.0,0.0,10.03,2.0,0.0
20230414:0210,0.0,0.0,0.0,9.54,1.93,0.0
20230414:0310,0.0,0.0,0.0,8.99,1.79,0.0
20230414:0410,0.0,0.0,0.0,8.69,1.72,0.0
20230414:0510,0.0,0.0,0.0,8.34,1.59,0.0
20230414:0610,11.83,25.56,5.18,7.88,1.52,0.0
20230414:0710,143.3,188.15,16.57,9.19,1.1,0.0
20230414:0810,388.13,459.17,27.9,11.56,1.93,0.0
20230414:0910,561.4,661.1,38.76,13.47,2.62,0.0
20230414:1010,588.52,700.25,48.48,15.66,3.24,0.0
20230414:1110,633.25,760.87,55.85,17.76,4.0,0.0
20230414:1210,820.81,1001.88,59.01,18.63,4.55,0.0
20230414:1310,756.53,916.19,56.69,18.77,4.76,0.0
20230414:1410,288.17,348.39,49.86,18.4,4.62,0.0
20230414:1510,534.29,635.3,40.42,19.24,5.17,0.0
20230414:1610,368.19,442.84,29.69,19.49,5.1,0.0
20230414:1710,178.2,236.49,18.41,19.52,5.1,0.0
20230414:1810,19.99,50.05,7.0,18.63,4.48,0.0
20230414:1910,0.0,0.0,0.0,17.81,3.66,0.0
20230414:2010,0.0,0.0,0.0,16.35,3.03,0.0
20230414:2110,0.0,0.0,0.0,15.33,2.83,0.0
20230414:2210,0.0,0.0,0.0,14.3,2.9,0.0
20230414:2310,0.0,0.0,0.0,13.41,2.83,0.0
20230415:0010,0.0,0.0,0.0,12.64,2.48,0.0
20230415:0110,0.0,0.0,0.0,11.85,2.14,0.0
20230415:0210,0.0,0.0,0.0,11.14,2.07,0.0
20230415:0310,0.0,0.0,0.0,10.45,1.93,0.0
20230415:0410,0.0,0.0,0.0,9.72,1.72,0.0
20230415:0510,0.0,0.0,0.0,9.03,1.66,0.0
20230415:0610,13.69,28.54,5.46,8.23,1.52,0.0
20230415:0710,178.9,243.18,16.85,10.0,1.03,0.0
20230415:0810,410.0,489.51,28.19,12.9,1.66,0.0
20230415:0910,607.97,730.4,39.06,14.73,1.72,0.0
20230415:1010,745.71,923.15,48.8,16.63,1.72,0.0
20230415:1110,832.47,1060.15,56.2,18.48,1.72,0.0
20230415:1210,863.53,1115.14,59.37,20.16,1.86,0.0
20230415:1310,832.85,1066.79,57.01,21.44,2.28,0.0
20230415:1410,752.08,946.3,50.12,22.3,2.69,0.0
20230415:1510,605.25,745.35,40.63,22.9,3.17,0.0
20230415:1610,429.03,527.12,29.88,23.0,3.86,0.0
20230415:1710,203.94,278.02,18.58,22.13,4.14,0.0
20230415:1810,19.71,50.86,7.18,21.1,3.93,0.0
20230415:1910,0.0,0.0,0.0,19.88,3.03,0.0
20230415:2010,0.0,0.0,0.0,18.34,2.62,0.0
20230415:2110,0.0,0.0,0.0,17.02,3.03,0.0
20230415:2210,0.0,0.0,0.0,15.75,3.52,0.0
20230415:2310,0.0,0.0,0.0,14.49,3.45,0.0
20230416:0010,0.0,0.0,0.0,13.38,3.17,0.0
20230416:0110,0.0,0.0,0.0,12.46,2.83,0.0
20230416:0210,0.0,0.0,0.0,11.69,2.55,0.0
20230416:0310,0.0,0.0,0.0,11.03,2.34,0.0
20230416:0410,0.0,0.0,0.0,10.45,2.14,0.0
20230416:0510,0.0,0.0,0.0,9.88,1.86,0.0
20230416:0610,16.83,32.93,5.74,9.35,1.59,0.0
20230416:0710,181.07,245.41,17.12,10.99,1.52,0.0
20230416:0810,418.17,495.46,28.47,12.85,2.62,0.0
20230416:0910,615.76,732.57,39.35,14.78,2.62,0.0
20230416:1010,758.09,928.79,49.13,16.9,2.55,0.0
20230416:1110,842.47,1060.64,56.56,19.03,2.55,0.0
20230416:1210,874.49,1120.59,59.72,20.97,2.55,0.0
20230416:1310,840.64,1078.42,57.32,22.56,2.62,0.0
20230416:1410,754.87,956.75,50.37,23.68,2.76,0.0
20230416:1510,616.09,766.77,40.84,24.28,2.97,0.0
20230416:1610,426.91,530.63,30.07,24.46,3.17,0.0
20230416:1710,200.36,275.92,18.76,24.13,3.31,0.0
20230416:1810,20.59,51.78,7.36,23.27,3.17,0.0
20230416:1910,0.0,0.0,0.0,21.53,2.48,0.0
20230416:2010,0.0,0.0,0.0,19.63,2.76,0.0
20230416:2110,0.0,0.0,0.0,18.12,2.97,0.0
20230416:2210,0.0,0.0,0.0,16.74,2.83,0.0
20230416:2310,0.0,0.0,0.0,15.44,2.62,0.0
20230417:0010,0.0,0.0,0.0,14.23,2.48,0.0
20230417:0110,0.0,0.0,0.0,13.15,2.48,0.0
20230417:0210,0.0,0.0,0.0,12.2,2.55,0.0
20230417:0310,0.0,0.0,0.0,11.38,2.41,0.0
20230417:0410,0.0,0.0,0.0,10.66,2.34,0.0
20230417:0510,0.0,0.0,0.0,9.96,2.28,0.0
20230417:0610,18.07,34.91,6.01,9.45,2.21,0.0
20230417:0710,186.1,250.92,17.4,10.56,1.86,0.0
20230417:0810,424.01,503.58,28.74,13.36,2.62,0.0
20230417:0910,621.57,743.1,39.65,15.88,2.76,0.0
20230417:1010,757.45,934.48,49.44,18.14,2.55,0.0
20230417:1110,847.26,1078.42,56.91,20.07,2.34,0.0
20230417:1210,871.79,1126.01,60.08,21.63,2.34,0.0
20230417:1310,842.91,1089.97,57.63,22.89,2.34,0.0
20230417:1410,750.1,956.13,50.63,23.77,2.41,0.0
20230417:1510,619.57,775.94,41.05,24.27,2.48,0.0
20230417:1610,430.29,537.4,30.25,24.34,2.48,0.0
20230417:1710,203.14,280.3,18.94,24.01,2.48,0.0
20230417:1810,21.17,53.36,7.54,23.26,2.28,0.0
20230417:1910,0.0,0.0,0.0,21.84,2.0,0.0
20230417:2010,0.0,0.0,0.0,19.69,2.21,0.0
20230417:2110,0.0,0.0,0.0,17.91,2.55,0.0
20230417:2210,0.0,0.0,0.0,16.49,3.1,0.0
20230417:2310,0.0,0.0,0.0,15.38,3.86,0.0
20230418:0010,0.0,0.0,0.0,14.09,4.0,0.0
20230418:0110,0.0,0.0,0.0,12.83,3.66,0.0
20230418:0210,0.0,0.0,0.0,11.79,3.31,0.0
20230418:0310,0.0,0.0,0.0,10.93,3.1,0.0
20230418:0410,0.0,0.0,0.0,10.22,3.03,0.0
20230418:0510,0.0,0.0,0.0,9.61,2.97,0.0
20230418:0610,12.71,32.4,6.28,9.26,2.83,0.0
20230418:0710,188.48,251.4,17.66,10.05,2.9,0.0
20230418:0810,427.69,504.09,29.02,12.29,2.97,0.0
20230418:0910,628.8,750.24,39.93,14.75,2.48,0.0
20230418:1010,760.31,942.81,49.76,16.86,1.86,0.0
20230418:1110,845.92,1086.63,57.25,18.82,1.59,0.0
20230418:1210,861.12,1128.07,60.43,20.45,1.38,0.0
20230418:1310,823.8,1085.93,57.94,21.73,1.1,0.0
20230418:1410,739.24,968.07,50.88,22.64,0.76,0.0
20230418:1510,607.95,781.72,41.26,23.18,0.48,0.0
20230418:1610,420.87,535.42,30.44,23.29,0.28,0.0
20230418:1710,201.97,280.83,19.11,23.03,0.21,0.0
20230418:1810,21.77,54.07,7.72,22.47,0.28,0.0
20230418:1910,0.0,0.0,0.0,21.33,0.34,0.0
20230418:2010,0.0,0.0,0.0,19.21,1.17,0.0
20230418:2110,0.0,0.0,0.0,17.27,1.59,0.0
20230418:2210,0.0,0.0,0.0,15.78,1.93,0.0
20230418:2310,0.0,0.0,0.0,14.54,2.28,0.0
20230419:0010,0.0,0.0,0.0,14.02,3.79,0.0
20230419:0110,0.0,0.0,0.0,12.83,3.59,0.0
20230419:0210,0.0,0.0,0.0,12.19,2.9,0.0
20230419:0310,0.0,0.0,0.0,11.65,2.21,0.0
20230419:0410,0.0,0.0,0.0,11.06,2.0,0.0
20230419:0510,0.0,0.0,0.0,10.66,2.07,0.0
20230419:0610,17.56,37.63,6.55,10.39,2.14,0.0
20230419:0710,159.49,208.14,17.93,11.23,2.28,0.0
20230419:0810,417.94,495.06,29.28,12.97,2.62,0.0
20230419:0910,618.71,740.24,40.22,15.22,2.34,0.0
20230419:1010,748.45,925.16,50.07,17.56,2.14,0.0
20230419:1110,824.95,1054.1,57.59,19.76,1.86,0.0
20230419:1210,845.94,1106.38,60.78,21.71,1.59,0.0
20230419:1310,781.96,1026.78,58.25,23.24,1.24,0.0
20230419:1410,669.53,869.05,51.12,24.24,0.97,0.0
20230419:1510,548.28,701.85,41.47,24.72,0.69,0.0
20230419:1610,256.72,327.84,30.62,24.78,0.48,0.0
20230419:1710,191.22,265.73,19.29,24.47,0.41,0.0
20230419:1810,28.07,53.72,7.9,23.8,0.34,0.0
20230419:1910,0.0,0.0,0.0,22.66,0.76,0.0
20230419:2010,0.0,0.0,0.0,20.74,1.38,0.0
20230419:2110,0.0,0.0,0.0,18.97,1.59,0.0
20230419:2210,0.0,0.0,0.0,17.53,1.59,0.0
20230419:2310,0.0,0.0,0.0,16.84,1.45,0.0
20230420:0010,0.0,0.0,0.0,17.0,1.17,0.0
20230420:0110,0.0,0.0,0.0,17.67,0.41,0.0
20230420:0210,0.0,0.0,0.0,13.99,1.72,0.0
20230420:0310,0.0,0.0,0.0,12.28,1.66,0.0
20230420:0410,0.0,0.0,0.0,11.47,1.66,0.0
20230420:0510,0.0,0.0,0.0,10.77,1.59,0.0
20230420:0610,16.33,37.81,6.81,10.25,1.45,0.0
20230420:0710,186.83,252.75,18.19,12.23,0.9,0.0
20230420:0810,408.07,497.85,29.55,15.74,0.76,0.0
20230420:0910,594.06,741.65,40.5,18.8,0.62,0.0
20230420:1010,723.99,936.02,50.38,21.45,0.83,0.0
20230420:1110,806.39,1066.16,57.93,23.64,1.24,0.0
20230420:1210,846.0,1124.4,61.12,25.27,1.79,0.0
20230420:1310,809.51,1063.05,58.55,26.41,2.28,0.0
20230420:1410,734.42,947.89,51.37,27.1,2.62,0.0
20230420:1510,602.0,761.08,41.67,27.36,2.9,0.0
20230420:1610,403.66,508.68,30.8,27.17,3.1,0.0
20230420:1710,156.05,213.03,19.46,26.58,3.1,0.0
20230420:1810,28.41,56.91,8.07,25.68,2.83,0.0
20230420:1910,0.0,0.0,0.0,23.89,2.97,0.0
20230420:2010,0.0,0.0,0.0,22.07,3.24,0.0
20230420:2110,0.0,0.0,0.0,20.58,2.97,0.0
20230420:2210,0.0,0.0,0.0,19.33,2.62,0.0
20230420:2310,0.0,0.0,0.0,18.22,2.28,0.0
20230421:0010,0.0,0.0,0.0,17.16,2.07,0.0
20230421:0110,0.0,0.0,0.0,16.08,1.93,0.0
20230421:0210,0.0,0.0,0.0,15.09,1.72,0.0
20230421:0310,0.0,0.0,0.0,13.75,1.45,0.0
20230421:0410,0.0,0.0,0.0,13.67,0.83,0.0
20230421:0510,0.0,0.0,0.0,13.93,0.48,0.0
20230421:0610,22.71,43.37,7.07,11.95,1.17,0.0
20230421:0710,177.76,239.68,18.44,13.66,0.55,0.0
20230421:0810,398.98,492.21,29.81,17.48,0.48,0.0
20230421:0910,584.48,732.88,40.77,20.64,0.83,0.0
20230421:1010,726.1,924.42,50.68,23.12,2.0,0.0
20230421:1110,831.72,1057.92,58.27,24.68,3.79,0.0
20230421:1210,842.19,1066.15,61.47,25.04,4.55,0.0
20230421:1310,619.68,768.54,58.85,25.54,5.03,0.0
20230421:1410,318.89,396.78,51.61,25.83,5.1,0.0
20230421:1510,254.1,318.87,41.87,25.65,5.17,0.0
20230421:1610,270.73,336.44,30.98,24.6,6.21,0.0
20230421:1710,131.48,175.29,19.63,22.16,5.66,0.0
20230421:1810,30.55,56.2,8.25,21.74,4.14,0.0
20230421:1910,0.0,0.0,0.0,20.89,3.17,0.0
20230421:2010,0.0,0.0,0.0,19.94,2.48,0.0
20230421:2110,0.0,0.0,0.0,18.99,2.55,0.0
20230421:2210,0.0,0.0,0.0,18.06,3.45,0.0
20230421:2310,0.0,0.0,0.0,16.83,3.86,0.0
20230422:0010,0.0,0.0,0.0,15.26,3.31,0.0
20230422:0110,0.0,0.0,0.0,13.55,2.41,0.0
20230422:0210,0.0,0.0,0.0,13.01,2.07,0.0
20230422:0310,0.0,0.0,0.0,12.55,2.0,0.0
20230422:0410,0.0,0.0,0.0,12.34,2.14,0.0
20230422:0510,0.0,0.0,0.0,12.32,2.83,0.0
20230422:0610,22.88,40.93,7.33,12.28,3.03,0.0
20230422:0710,59.43,84.19,18.7,12.57,2.62,0.0
20230422:0810,368.13,434.95,30.07,12.79,2.76,0.0
20230422:0910,518.15,608.5,41.04,13.46,2.83,0.0
20230422:1010,781.11,945.93,50.98,15.05,2.83,0.0
20230422:1110,838.1,1031.72,58.6,16.65,3.03,0.0
20230422:1210,878.37,1093.42,61.81,18.0,3.24,0.0
20230422:1310,795.03,982.68,59.14,18.8,3.24,0.0
20230422:1410,763.54,941.32,51.85,19.77,3.24,0.0
20230422:1510,624.62,759.44,42.07,19.86,3.03,0.0
20230422:1610,404.44,493.72,31.16,20.05,2.62,0.0
20230422:1710,207.2,281.95,19.81,19.79,1.79,0.0
20230422:1810,22.61,56.32,8.43,19.4,1.24,0.0
20230422:1910,0.0,0.0,0.0,17.86,2.62,0.0
20230422:2010,0.0,0.0,0.0,16.22,3.24,0.0
20230422:2110,0.0,0.0,0.0,14.94,3.31,0.0
20230422:2210,0.0,0.0,0.0,13.91,2.9,0.0
20230422:2310,0.0,0.0,0.0,13.07,2.34,0.0
20230423:0010,0.0,0.0,0.0,12.27,1.93,0.0
20230423:0110,0.0,0.0,0.0,11.35,1.66,0.0
20230423:0210,0.0,0.0,0.0,10.41,1.52,0.0
20230423:0310,0.0,0.0,0.0,9.74,1.31,0.0
20230423:0410,0.0,0.0,0.0,9.15,1.31,0.0
20230423:0510,0.0,0.0,0.0,8.64,1.24,0.0
20230423:0610,16.95,41.73,7.58,8.96,0.9,0.0
20230423:0710,195.09,261.91,18.94,10.98,0.48,0.0
20230423:0810,421.98,508.36,30.32,14.05,1.17,0.0
20230423:0910,619.05,749.47,41.31,16.15,1.79,0.0
20230423:1010,760.93,943.42,51.27,17.81,2.14,0.0
20230423:1110,851.5,1077.98,58.93,19.35,2.41,0.0
20230423:1210,876.53,1116.95,62.14,20.68,2.76,0.0
20230423:1310,855.79,1085.64,59.43,21.91,3.17,0.0
20230423:1410,760.33,951.65,52.08,22.91,3.38,0.0
20230423:1510,613.23,755.97,42.27,23.32,3.38,0.0
20230423:1610,409.16,506.28,31.34,23.87,3.45,0.0
20230423:1710,199.26,273.11,19.98,23.44,3.24,0.0
20230423:1810,31.76,58.25,8.6,22.41,2.55,0.0
20230423:1910,0.0,0.0,0.0,20.48,2.28,0.0
20230423:2010,0.0,0.0,0.0,18.63,2.0,0.0
20230423:2110,0.0,0.0,0.0,16.65,1.59,0.0
20230423:2210,0.0,0.0,0.0,15.51,1.38,0.0
20230423:2310,0.0,0.0,0.0,14.77,1.31,0.0
20230424:0010,0.0,0.0,0.0,14.03,1.31,0.0
20230424:0110,0.0,0.0,0.0,13.17,1.38,0.0
20230424:0210,0.0,0.0,0.0,12.59,1.24,0.0
20230424:0310,0.0,0.0,0.0,11.89,1.24,0.0
20230424:0410,0.0,0.0,0.0,10.86,1.45,0.0
20230424:0510,0.0,0.0,0.0,10.31,1.45,0.0
20230424:0610,18.26,44.13,7.83,10.08,1.31,0.0
20230424:0710,194.66,262.98,19.19,12.83,0.69,0.0
20230424:0810,413.23,503.93,30.57,16.22,0.97,0.0
20230424:0910,588.9,737.55,41.57,17.95,0.21,0.0
20230424:1010,718.54,912.17,51.56,19.64,1.1,0.0
20230424:1110,824.53,1060.43,59.25,21.23,1.93,0.0
20230424:1210,863.5,1120.56,62.47,22.61,2.28,0.0
20230424:1310,819.58,1060.96,59.72,23.71,2.28,0.0
20230424:1410,680.67,863.11,52.32,24.51,2.41,0.0
20230424:1510,575.73,719.33,42.46,25.07,2.69,0.0
20230424:1610,380.85,476.64,31.51,25.39,2.83,0.0
20230424:1710,123.45,168.0,20.15,25.08,2.62,0.0
20230424:1810,31.15,60.69,8.78,24.44,1.86,0.0
20230424:1910,0.0,0.0,0.0,22.35,2.41,0.0
20230424:2010,0.0,0.0,0.0,20.51,2.48,0.0
20230424:2110,0.0,0.0,0.0,19.18,2.34,0.0
20230424:2210,0.0,0.0,0.0,17.82,2.21,0.0
20230424:2310,0.0,0.0,0.0,16.51,2.0,0.0
20230425:0010,0.0,0.0,0.0,15.44,1.79,0.0
20230425:0110,0.0,0.0,0.0,14.4,1.45,0.0
20230425:0210,0.0,0.0,0.0,15.32,0.76,0.0
20230425:0310,0.0,0.0,0.0,15.0,0.34,0.0
20230425:0410,0.0,0.0,0.0,14.38,0.21,0.0
20230425:0510,0.0,0.0,0.0,13.91,0.21,0.0
20230425:0610,20.5,46.53,8.07,13.16,0.55,0.0
20230425:0710,189.94,258.02,19.43,14.34,0.21,0.0
20230425:0810,400.02,494.47,30.81,17.84,0.41,0.0
20230425:0910,594.89,739.25,41.83,20.33,1.31,0.0
20230425:1010,719.9,915.07,51.84,22.16,1.72,0.0
20230425:1110,795.19,1033.6,59.57,23.77,1.86,0.0
20230425:1210,817.83,1071.01,62.8,25.13,2.14,0.0
20230425:1310,801.21,1045.9,60.01,26.22,2.41,0.0
20230425:1410,714.15,915.98,52.55,27.15,2.83,0.0
20230425:1510,554.06,700.15,42.66,27.57,2.69,0.0
20230425:1610,385.31,489.77,31.69,27.75,2.28,0.0
20230425:1710,191.19,268.13,20.32,27.62,2.34,0.0
20230425:1810,25.31,59.4,8.95,26.59,1.93,0.0
20230425:1910,0.0,0.0,0.0,24.54,2.14,0.0
20230425:2010,0.0,0.0,0.0,22.56,2.28,0.0
20230425:2110,0.0,0.0,0.0,20.76,2.07,0.0
20230425:2210,0.0,0.0,0.0,18.91,1.66,0.0
20230425:2310,0.0,0.0,0.0,17.63,1.52,0.0
20230426:0010,0.0,0.0,0.0,16.42,1.45,0.0
20230426:0110,0.0,0.0,0.0,15.59,1.31,0.0
20230426:0210,0.0,0.0,0.0,16.08,0.9,0.0
20230426:0310,0.0,0.0,0.0,15.91,0.34,0.0
20230426:0410,0.0,0.0,0.0,14.47,0.76,0.0
20230426:0510,0.0,0.0,0.0,12.9,1.1,0.0
20230426:0610,18.84,47.14,8.31,12.33,1.03,0.0
20230426:0710,196.31,266.41,19.66,14.69,0.62,0.0
20230426:0810,413.01,511.6,31.05,18.59,0.62,0.0
20230426:0910,582.28,742.8,42.08,21.45,0.21,0.0
20230426:1010,715.87,931.23,52.12,23.68,1.03,0.0
20230426:1110,808.72,1058.06,59.88,25.37,2.14,0.0
20230426:1210,846.73,1107.4,63.13,26.68,2.97,0.0
20230426:1310,810.82,1051.46,60.29,27.71,3.45,0.0
20230426:1410,729.83,932.16,52.78,28.5,3.93,0.0
20230426:1510,607.4,764.65,42.85,28.89,4.21,0.0
20230426:1610,397.33,502.1,31.86,28.88,4.14,0.0
20230426:1710,185.21,256.82,20.48,28.5,3.86,0.0
20230426:1810,33.41,63.56,9.12,27.51,3.1,0.0
20230426:1910,0.0,0.0,0.0,25.42,2.83,0.0
20230426:2010,0.0,0.0,0.0,23.42,2.9,0.0
20230426:2110,0.0,0.0,0.0,21.97,2.76,0.0
20230426:2210,0.0,0.0,0.0,20.64,2.41,0.0
20230426:2310,0.0,0.0,0.0,19.14,1.93,0.0
20230427:0010,0.0,0.0,0.0,18.49,0.97,0.0
20230427:0110,0.0,0.0,0.0,19.0,0.07,0.0
20230427:0210,0.0,0.0,0.0,17.16,0.69,0.0
20230427:0310,0.0,0.0,0.0,16.25,1.03,0.0
20230427:0410,0.0,0.0,0.0,15.72,1.03,0.0
20230427:0510,0.0,0.0,0.0,14.77,1.31,0.0
20230427:0610,29.21,55.1,8.55,13.92,1.38,0.0
20230427:0710,179.66,239.0,19.89,15.85,1.03,0.0
20230427:0810,359.05,445.13,31.28,19.84,0.83,0.0
20230427:0910,535.25,678.1,42.33,22.87,0.62,0.0
20230427:1010,656.31,851.17,52.4,25.09,1.1,0.0
20230427:1110,750.4,989.84,60.19,27.51,1.86,0.0
20230427:1210,759.59,1004.98,63.45,29.09,2.34,0.0
20230427:1310,781.38,1038.87,60.57,30.34,2.55,0.0
20230427:1410,655.51,853.83,53.0,31.16,2.9,0.0
20230427:1510,583.36,751.72,43.04,31.6,3.03,0.0
20230427:1610,407.75,525.43,32.03,31.53,3.1,0.0
20230427:1710,195.27,278.63,20.65,31.04,2.9,0.0
20230427:1810,33.56,64.72,9.29,29.98,1.86,0.0
20230427:1910,0.0,0.0,0.0,28.09,1.03,0.0
20230427:2010,0.0,0.0,0.0,27.92,0.34,0.0
20230427:2110,0.0,0.0,0.0,25.35,1.03,0.0
20230427:2210,0.0,0.0,0.0,22.19,1.86,0.0
20230427:2310,0.0,0.0,0.0,20.48,1.86,0.0
20230428:0010,0.0,0.0,0.0,18.97,1.72,0.0
20230428:0110,0.0,0.0,0.0,18.07,1.86,0.0
20230428:0210,0.0,0.0,0.0,17.69,2.0,0.0
20230428:0310,0.0,0.0,0.0,17.23,2.14,0.0
20230428:0410,0.0,0.0,0.0,16.24,1.93,0.0
20230428:0510,0.0,0.0,0.0,15.48,1.79,0.0
20230428:0610,13.63,28.38,8.78,15.26,1.72,0.0
20230428:0710,72.86,102.06,20.12,17.7,1.31,0.0
20230428:0810,274.4,342.46,31.51,21.51,1.38,0.0
20230428:0910,403.74,507.12,42.57,24.26,1.1,0.0
20230428:1010,602.12,779.59,52.67,26.69,1.24,0.0
20230428:1110,773.99,1022.68,60.49,28.91,2.34,0.0
20230428:1210,829.67,1099.89,63.76,30.62,3.31,0.0
20230428:1310,796.01,1044.19,60.85,31.74,4.07,0.0
20230428:1410,688.46,887.52,53.22,32.33,4.62,0.0
20230428:1510,604.15,769.74,43.22,32.48,4.97,0.0
20230428:1610,199.08,261.96,32.2,32.08,4.9,0.0
20230428:1710,27.95,50.14,20.81,30.93,4.34,0.0
20230428:1810,34.92,62.01,9.46,29.6,3.24,0.0
20230428:1910,0.0,0.0,0.0,27.71,2.9,0.0
20230428:2010,0.0,0.0,0.0,26.16,2.34,0.0
20230428:2110,0.0,0.0,0.0,24.83,2.14,0.0
20230428:2210,0.0,0.0,0.0,23.85,2.28,0.0
20230428:2310,0.0,0.0,0.0,23.09,2.28,0.0
20230429:0010,0.0,0.0,0.0,22.12,2.21,0.0
20230429:0110,0.0,0.0,0.0,20.92,2.0,0.0
20230429:0210,0.0,0.0,0.0,19.78,2.0,0.0
20230429:0310,0.0,0.0,0.0,18.63,1.93,0.0
20230429:0410,0.0,0.0,0.0,17.34,1.72,0.0
20230429:0510,0.0,0.0,0.0,16.24,1.45,0.0
20230429:0610,33.43,59.2,9.01,16.17,1.1,0.0
20230429:0710,194.82,268.22,20.34,18.28,0.48,0.0
20230429:0810,310.07,386.56,31.74,21.34,1.03,0.0
20230429:0910,222.47,281.53,42.81,23.37,2.0,0.0
20230429:1010,63.87,93.65,52.93,24.17,3.1,0.0
20230429:1110,128.37,170.28,60.79,24.13,3.45,0.0
20230429:1210,447.42,554.86,64.08,24.41,3.45,0.0
20230429:1310,324.98,405.48,61.12,24.55,3.1,0.0
20230429:1410,547.51,686.36,53.44,25.2,2.69,0.0
20230429:1510,486.42,609.11,43.41,26.06,2.55,0.0
20230429:1610,364.65,460.22,32.37,25.98,2.07,0.0
20230429:1710,196.6,273.88,20.98,25.74,2.14,0.0
20230429:1810,25.54,62.23,9.63,24.27,3.03,0.0
20230429:1910,0.0,0.0,0.0,23.33,2.07,0.0
20230429:2010,0.0,0.0,0.0,22.02,1.72,0.0
20230429:2110,0.0,0.0,0.0,20.59,1.52,0.0
20230429:2210,0.0,0.0,0.0,19.37,1.66,0.0
20230429:2310,0.0,0.0,0.0,18.08,1.66,0.0
20230430:0010,0.0,0.0,0.0,16.77,1.59,0.0
20230430:0110,0.0,0.0,0.0,16.09,1.72,0.0
20230430:0210,0.0,0.0,0.0,15.37,2.07,0.0
20230430:0310,0.0,0.0,0.0,14.98,2.41,0.0
20230430:0410,0.0,0.0,0.0,14.69,2.62,0.0
20230430:0510,0.0,0.0,0.0,14.27,2.62,0.0
20230430:0610,35.76,58.91,9.23,14.19,2.62,0.0
20230430:0710,187.26,246.09,20.56,15.25,2.9,0.0
20230430:0810,424.92,509.95,31.96,16.89,3.24,0.0
20230430:0910,605.47,730.96,43.04,18.71,3.03,0.0
20230430:1010,713.7,883.06,53.19,20.39,2.83,0.0
20230430:1110,779.6,988.23,61.09,21.9,2.55,0.0
20230430:1210,781.46,1002.51,64.38,23.06,2.34,0.0
20230430:1310,678.6,863.67,61.39,24.08,2.28,0.0
20230430:1410,678.93,862.85,53.66,24.76,2.34,0.0
20230430:1510,349.78,437.08,43.59,25.32,2.55,0.0
20230430:1610,312.21,392.07,32.53,25.4,2.76,0.0
20230430:1710,143.25,193.01,21.14,25.08,2.9,0.0
20230430:1810,38.06,68.88,9.8,24.51,2.76,0.0
20230430:1910,0.0,0.0,0.0,23.01,2.55,0.0
20230430:2010,0.0,0.0,0.0,21.62,2.9,0.0
20230430:2110,0.0,0.0,0.0,20.5,3.38,0.0
20230430:2210,0.0,0.0,0.0,19.41,3.66,0.0
20230430:2310,0.0,0.0,0.0,18.35,3.79,0.0
20230501:0010,0.0,0.0,0.0,17.33,3.66,0.0
20230501:0110,0.0,0.0,0.0,16.3,3.38,0.0
20230501:0210,0.0,0.0,0.0,15.35,3.03,0.0
20230501:0310,0.0,0.0,0.0,14.5,2.76,0.0
20230501:0410,0.0,0.0,0.0,13.76,2.55,0.0
20230501:0510,0.0,0.0,0.0,13.07,2.48,0.0
20230501:0610,26.58,57.68,9.45,12.81,2.41,0.0
20230501:0710,207.31,276.07,20.77,14.01,1.93,0.0
20230501:0810,435.02,525.66,32.17,16.46,2.07,0.0
20230501:0910,616.38,756.34,43.27,19.06,1.93,0.0
20230501:1010,744.54,941.92,53.44,21.36,2.0,0.0
20230501:1110,825.24,1072.84,61.38,23.21,2.0,0.0
20230501:1210,844.2,1121.87,64.69,24.71,1.66,0.0
20230501:1310,813.45,1085.78,61.66,25.84,1.45,0.0
20230501:1410,709.67,932.57,53.87,26.64,1.31,0.0
20230501:1510,574.73,741.38,43.77,27.14,1.17,0.0
20230501:1610,287.08,368.27,32.7,27.32,1.17,0.0
20230501:1710,173.96,238.98,21.3,27.12,1.17,0.0
20230501:1810,27.59,65.44,9.97,26.5,1.1,0.0
20230501:1910,0.0,0.0,0.0,25.08,1.1,0.0
20230501:2010,0.0,0.0,0.0,23.1,1.52,0.0
20230501:2110,0.0,0.0,0.0,21.3,1.93,0.0
20230501:2210,0.0,0.0,0.0,19.86,2.21,0.0
20230501:2310,0.0,0.0,0.0,18.74,2.41,0.0
20230502:0010,0.0,0.0,0.0,17.75,2.83,0.0
20230502:0110,0.0,0.0,0.0,16.93,3.24,0.0
20230502:0210,0.0,0.0,0.0,16.12,3.24,0.0
20230502:0310,0.0,0.0,0.0,15.51,3.03,0.0
20230502:0410,0.0,0.0,0.0,14.9,2.69,0.0
20230502:0510,0.0,0.0,0.0,14.34,2.34,0.0
20230502:0610,29.38,60.88,9.66,14.13,2.14,0.0
20230502:0710,0.0,0.0,0.0,15.18,2.28,0.0
20230502:0810,424.35,516.91,32.38,18.22,2.07,0.0
20230502:0910,606.75,754.8,43.49,21.28,1.72,0.0
20230502:1010,720.01,933.38,53.69,23.68,1.24,0.0
20230502:1110,785.86,1056.05,61.66,25.42,0.9,0.0
20230502:1210,804.43,1103.83,64.99,26.78,0.69,0.0
20230502:1310,752.84,1029.8,61.92,27.82,0.55,0.0
20230502:1410,597.57,794.21,54.09,28.52,0.48,0.0
20230502:1510,408.32,529.96,43.95,28.8,0.41,0.0
20230502:1610,248.91,324.64,32.86,28.71,0.41,0.0
20230502:1710,122.47,169.59,21.47,28.25,0.48,0.0
20230502:1810,36.8,62.71,10.14,27.69,0.48,0.0
20230502:1910,0.0,0.0,0.0,25.82,0.83,0.0
20230502:2010,0.0,0.0,0.0,24.52,1.59,0.0
20230502:2110,0.0,0.0,0.0,22.54,1.86,0.0
20230502:2210,0.0,0.0,0.0,20.96,1.93,0.0
20230502:2310,0.0,0.0,0.0,19.07,1.72,0.0
20230503:0010,0.0,0.0,0.0,18.35,2.21,0.0
20230503:0110,0.0,0.0,0.0,18.01,3.31,0.0
20230503:0210,0.0,0.0,0.0,17.54,3.24,0.0
20230503:0310,0.0,0.0,0.0,17.08,2.9,0.0
20230503:0410,0.0,0.0,0.0,16.35,2.34,0.0
20230503:0510,0.0,0.0,0.0,15.59,2.0,0.0
20230503:0610,30.76,62.86,9.87,15.34,1.72,0.0
20230503:0710,201.2,270.22,21.18,17.19,2.07,0.0
20230503:0810,324.28,396.53,32.59,19.34,2.34,0.0
20230503:0910,590.37,732.01,43.71,21.76,2.0,0.0
20230503:1010,710.67,909.4,53.93,24.15,1.93,0.0
20230503:1110,784.54,1030.35,61.94,26.26,2.0,0.0
20230503:1210,776.92,1025.67,65.29,28.01,2.28,0.0
20230503:1310,464.07,592.61,62.18,29.41,2.9,0.0
20230503:1410,561.08,718.2,54.29,30.35,3.45,0.0
20230503:1510,566.67,722.07,44.13,30.83,3.72,0.0
20230503:1610,342.77,438.74,33.02,31.02,4.07,0.0
20230503:1710,204.96,290.56,21.63,30.74,4.76,0.0
20230503:1810,33.11,69.49,10.31,29.45,4.62,0.0
20230503:1910,0.0,0.0,0.0,28.02,3.72,0.0
20230503:2010,0.0,0.0,0.0,26.23,3.86,0.0
20230503:2110,0.0,0.0,0.0,24.49,3.59,0.0
20230503:2210,0.0,0.0,0.0,23.16,3.38,0.0
20230503:2310,0.0,0.0,0.0,21.99,3.52,0.0
20230504:0010,0.0,0.0,0.0,20.96,3.86,0.0
20230504:0110,0.0,0.0,0.0,19.95,3.86,0.0
20230504:0210,0.0,0.0,0.0,19.03,3.66,0.0
20230504:0310,0.0,0.0,0.0,18.15,3.38,0.0
20230504:0410,0.0,0.0,0.0,17.25,3.24,0.0
20230504:0510,0.0,0.0,0.0,16.38,3.24,0.0
20230504:0610,27.87,61.84,10.08,16.01,3.03,0.0
20230504:0710,203.84,270.82,21.38,16.66,3.31,0.0
20230504:0810,409.96,494.14,32.79,18.27,3.59,0.0
20230504:0910,620.8,750.86,43.92,20.01,3.72,0.0
20230504:1010,739.9,912.12,54.17,21.48,3.86,0.0
20230504:1110,843.77,1060.36,62.21,22.77,4.07,0.0
20230504:1210,866.82,1096.62,65.58,23.7,4.28,0.0
20230504:1310,839.04,1057.28,62.43,24.27,4.48,0.0
20230504:1410,755.63,941.86,54.5,24.64,4.55,0.0
20230504:1510,614.75,757.29,44.3,24.82,4.41,0.0
20230504:1610,431.35,534.01,33.19,24.81,4.34,0.0
20230504:1710,206.14,282.51,21.78,24.38,4.14,0.0
20230504:1810,29.42,67.67,10.47,23.52,3.86,0.0
20230504:1910,0.0,0.0,0.0,22.14,3.1,0.0
20230504:2010,0.0,0.0,0.0,20.63,2.83,0.0
20230504:2110,0.0,0.0,0.0,19.41,2.62,0.0
20230504:2210,0.0,0.0,0.0,18.35,2.48,0.0
20230504:2310,0.0,0.0,0.0,17.44,2.21,0.0
20230505:0010,0.0,0.0,0.0,16.61,1.93,0.0
20230505:0110,0.0,0.0,0.0,15.7,1.66,0.0
20230505:0210,0.0,0.0,0.0,14.45,1.38,0.0
20230505:0310,0.0,0.0,0.0,14.18,0.83,0.0
20230505:0410,0.0,0.0,0.0,14.49,0.14,0.0
20230505:0510,0.0,0.0,0.0,13.21,0.41,0.0
20230505:0610,28.35,63.07,10.28,12.79,0.62,0.0
20230505:0710,209.1,280.49,21.58,14.85,0.28,0.0
20230505:0810,418.91,519.81,32.98,17.69,0.14,0.0
20230505:0910,587.79,744.21,44.13,20.12,0.28,0.0
20230505:1010,728.35,938.43,54.4,22.08,1.17,0.0
20230505:1110,813.87,1060.85,62.48,23.77,1.93,0.0
20230505:1210,834.95,1090.27,65.86,25.16,2.48,0.0
20230505:1310,804.28,1046.42,62.68,26.27,2.69,0.0
20230505:1410,717.85,922.37,54.7,27.04,2.76,0.0
20230505:1510,598.04,757.92,44.48,27.51,2.76,0.0
20230505:1610,416.97,529.07,33.34,27.61,2.62,0.0
20230505:1710,201.35,280.57,21.94,27.33,2.48,0.0
20230505:1810,30.83,69.39,10.63,26.59,2.21,0.0
20230505:1910,0.0,0.0,0.0,25.05,1.59,0.0
20230505:2010,0.0,0.0,0.0,23.21,1.93,0.0
20230505:2110,0.0,0.0,0.0,21.57,2.14,0.0
20230505:2210,0.0,0.0,0.0,20.27,2.07,0.0
20230505:2310,0.0,0.0,0.0,18.78,1.79,0.0
20230506:0010,0.0,0.0,0.0,17.2,1.52,0.0
20230506:0110,0.0,0.0,0.0,16.26,1.1,0.0
20230506:0210,0.0,0.0,0.0,15.99,0.76,0.0
20230506:0310,0.0,0.0,0.0,14.81,1.03,0.0
20230506:0410,0.0,0.0,0.0,14.21,0.97,0.0
20230506:0510,0.0,0.0,0.0,13.84,0.83,0.0
20230506:0610,35.01,68.13,10.47,13.48,0.9,0.0
20230506:0710,209.9,281.79,21.77,15.7,0.62,0.0
20230506:0810,423.82,525.47,33.17,19.13,0.76,0.0
20230506:0910,588.45,747.13,44.33,21.72,0.55,0.0
20230506:1010,717.45,925.88,54.63,24.03,1.52,0.0
20230506:1110,811.92,1053.51,62.75,25.82,2.76,0.0
20230506:1210,850.93,1105.54,66.15,26.97,3.52,0.0
20230506:1310,791.32,1019.65,62.93,27.66,3.72,0.0
20230506:1410,728.88,929.73,54.9,28.09,3.86,0.0
20230506:1510,598.34,752.3,44.65,28.22,3.93,0.0
20230506:1610,424.18,533.61,33.5,27.83,4.14,0.0
20230506:1710,205.76,285.27,22.1,27.08,4.69,0.0
20230506:1810,28.53,68.68,10.8,25.88,4.55,0.0
20230506:1910,0.0,0.0,0.0,23.94,3.79,0.0
20230506:2010,0.0,0.0,0.0,22.34,3.03,0.0
20230506:2110,0.0,0.0,0.0,21.2,2.34,0.0
20230506:2210,0.0,0.0,0.0,20.03,1.72,0.0
20230506:2310,0.0,0.0,0.0,18.8,1.24,0.0
20230507:0010,0.0,0.0,0.0,17.71,1.24,0.0
20230507:0110,0.0,0.0,0.0,16.73,1.24,0.0
20230507:0210,0.0,0.0,0.0,15.7,1.31,0.0
20230507:0310,0.0,0.0,0.0,15.03,1.45,0.0
20230507:0410,0.0,0.0,0.0,14.35,1.66,0.0
20230507:0510,0.0,0.0,0.0,13.9,1.72,0.0
20230507:0610,41.78,72.52,10.66,13.94,1.66,0.0
20230507:0710,207.97,277.95,21.95,16.99,2.55,0.0
20230507:0810,429.3,521.61,33.36,19.13,2.97,0.0
20230507:0910,600.23,737.52,44.53,21.16,2.55,0.0
20230507:1010,720.03,914.63,54.85,23.04,2.07,0.0
20230507:1110,793.37,1034.13,63.0,24.23,1.86,0.0
20230507:1210,777.32,1018.8,66.43,25.59,1.93,0.0
20230507:1310,704.48,915.26,63.17,26.62,2.07,0.0
20230507:1410,654.85,843.95,55.1,27.44,2.21,0.0
20230507:1510,499.87,632.35,44.82,27.95,2.62,0.0
20230507:1610,379.97,480.81,33.66,27.67,2.97,0.0
20230507:1710,164.87,223.34,22.25,27.33,3.38,0.0
20230507:1810,42.2,69.84,10.96,26.41,3.45,0.0
20230507:1910,0.0,0.0,0.0,25.36,2.9,0.0
20230507:2010,0.0,0.0,0.0,23.7,2.76,0.0
20230507:2110,0.0,0.0,0.0,22.41,2.76,0.0
20230507:2210,0.0,0.0,0.0,21.23,2.62,0.0
20230507:2310,0.0,0.0,0.0,20.12,2.76,0.0
20230508:0010,0.0,0.0,0.0,19.08,3.24,0.0
20230508:0110,0.0,0.0,0.0,17.94,3.24,0.0
20230508:0210,0.0,0.0,0.0,16.9,2.9,0.0
20230508:0310,0.0,0.0,0.0,16.06,2.69,0.0
20230508:0410,0.0,0.0,0.0,15.39,2.48,0.0
20230508:0510,0.0,0.0,0.0,14.82,2.14,0.0
20230508:0610,35.08,69.37,10.85,14.83,1.79,0.0
20230508:0710,202.31,268.13,22.13,16.31,1.72,0.0
20230508:0810,393.99,483.86,33.54,18.95,1.38,0.0
20230508:0910,550.62,690.69,44.72,21.31,0.83,0.0
20230508:1010,383.99,484.21,55.06,23.33,0.62,0.0
20230508:1110,756.03,1019.17,63.26,25.08,0.48,0.0
20230508:1210,788.35,1075.45,66.7,26.62,0.69,0.0
20230508:1310,769.08,1042.95,63.41,27.99,0.97,0.0
20230508:1410,693.44,919.22,55.29,29.02,1.38,0.0
20230508:1510,571.61,739.24,44.98,29.76,1.86,0.0
20230508:1610,398.44,514.67,33.81,30.04,1.86,0.0
20230508:1710,169.07,233.37,22.41,30.03,2.07,0.0
20230508:1810,45.09,77.56,11.12,29.76,1.93,0.0
20230508:1910,0.0,0.0,0.0,28.37,1.72,0.0
20230508:2010,0.0,0.0,0.0,26.39,2.14,0.0
20230508:2110,0.0,0.0,0.0,24.71,2.0,0.0
20230508:2210,0.0,0.0,0.0,23.0,1.66,0.0
20230508:2310,0.0,0.0,0.0,21.66,1.03,0.0
20230509:0010,0.0,0.0,0.0,21.11,0.83,0.0
20230509:0110,0.0,0.0,0.0,19.99,0.97,0.0
20230509:0210,0.0,0.0,0.0,18.49,1.38,0.0
20230509:0310,0.0,0.0,0.0,17.6,1.52,0.0
20230509:0410,0.0,0.0,0.0,17.09,1.66,0.0
20230509:0510,0.0,0.0,0.0,16.49,1.66,0.0
20230509:0610,31.24,68.19,11.03,16.46,1.45,0.0
20230509:0710,198.92,267.79,22.3,18.84,1.03,0.0
20230509:0810,359.99,444.27,33.71,21.4,2.21,0.0
20230509:0910,527.45,651.63,44.9,23.14,2.62,0.0
20230509:1010,712.94,898.87,55.27,24.55,3.03,0.0
20230509:1110,802.06,1026.84,63.5,25.77,3.45,0.0
20230509:1210,830.2,1066.2,66.97,26.96,4.07,0.0
20230509:1310,794.64,1011.38,63.65,27.62,4.69,0.0
20230509:1410,593.39,740.43,55.48,27.56,5.03,0.0
20230509:1510,381.86,473.61,45.15,26.76,5.1,0.0
20230509:1610,414.63,515.52,33.97,26.33,4.97,0.0
20230509:1710,185.42,250.48,22.56,25.74,4.62,0.0
20230509:1810,28.89,50.33,11.28,24.71,4.14,0.0
20230509:1910,0.0,0.0,0.0,24.45,3.17,0.0
20230509:2010,0.0,0.0,0.0,23.06,2.76,0.0
20230509:2110,0.0,0.0,0.0,21.85,2.55,0.0
20230509:2210,0.0,0.0,0.0,20.77,2.14,0.0
20230509:2310,0.0,0.0,0.0,19.63,2.0,0.0
20230510:0010,0.0,0.0,0.0,18.71,2.21,0.0
20230510:0110,0.0,0.0,0.0,17.92,2.69,0.0
20230510:0210,0.0,0.0,0.0,17.0,3.31,0.0
20230510:0310,0.0,0.0,0.0,16.02,3.52,0.0
20230510:0410,0.0,0.0,0.0,15.18,3.31,0.0
20230510:0510,0.0,0.0,0.0,14.49,3.03,0.0
20230510:0610,30.33,68.79,11.2,14.23,3.1,0.0
20230510:0710,215.38,283.24,22.47,15.06,3.31,0.0
20230510:0810,436.12,522.29,33.88,16.51,3.24,0.0
20230510:0910,614.55,742.4,45.08,17.98,2.76,0.0
20230510:1010,740.31,923.49,55.47,19.55,2.21,0.0
20230510:1110,803.37,1030.61,63.74,21.08,1.86,0.0
20230510:1210,831.86,1087.82,67.23,22.45,1.66,0.0
20230510:1310,760.51,989.38,63.88,23.65,1.59,0.0
20230510:1410,717.51,925.03,55.67,24.55,1.72,0.0
20230510:1510,514.17,647.06,45.31,25.13,1.86,0.0
20230510:1610,402.06,506.35,34.12,25.3,2.07,0.0
20230510:1710,207.54,286.01,22.71,25.1,2.34,0.0
20230510:1810,33.39,73.71,11.44,24.2,2.62,0.0
20230510:1910,0.0,0.0,0.0,22.84,2.9,0.0
20230510:2010,0.0,0.0,0.0,21.03,3.38,0.0
20230510:2110,0.0,0.0,0.0,19.58,3.72,0.0
20230510:2210,0.0,0.0,0.0,18.4,3.66,0.0
20230510:2310,0.0,0.0,0.0,17.42,3.86,0.0
20230511:0010,0.0,0.0,0.0,16.03,4.41,0.0
20230511:0110,0.0,0.0,0.0,14.5,4.41,0.0
20230511:0210,0.0,0.0,0.0,13.45,3.72,0.0
20230511:0310,0.0,0.0,0.0,12.73,3.45,0.0
20230511:0410,0.0,0.0,0.0,12.16,3.66,0.0
20230511:0510,0.0,0.0,0.0,11.54,3.59,0.0
20230511:0610,39.49,74.86,11.37,11.43,3.86,0.0
20230511:0710,220.12,284.76,22.63,12.32,4.0,0.0
20230511:0810,446.3,526.23,34.04,14.24,4.07,0.0
20230511:0910,625.69,742.38,45.25,16.42,3.93,0.0
20230511:1010,765.42,932.98,55.67,18.39,3.66,0.0
20230511:1110,841.33,1053.51,63.98,20.07,3.24,0.0
20230511:1210,866.35,1105.14,67.49,21.51,2.9,0.0
20230511:1310,834.39,1065.81,64.11,22.62,2.83,0.0
20230511:1410,751.25,945.24,55.86,23.14,3.03,0.0
20230511:1510,612.58,757.41,45.47,23.36,3.17,0.0
20230511:1610,430.52,531.87,34.27,23.2,3.38,0.0
20230511:1710,211.11,285.34,22.86,22.7,3.59,0.0
20230511:1810,38.53,77.54,11.59,21.88,3.59,0.0
20230511:1910,0.0,0.0,0.0,20.43,3.1,0.0
20230511:2010,0.0,0.0,0.0,19.06,2.62,0.0
20230511:2110,0.0,0.0,0.0,17.83,2.62,0.0
20230511:2210,0.0,0.0,0.0,16.64,3.1,0.0
20230511:2310,0.0,0.0,0.0,15.42,3.66,0.0
20230512:0010,0.0,0.0,0.0,14.31,3.72,0.0
20230512:0110,0.0,0.0,0.0,13.4,3.45,0.0
20230512:0210,0.0,0.0,0.0,12.64,3.1,0.0
20230512:0310,0.0,0.0,0.0,12.01,2.76,0.0
20230512:0410,0.0,0.0,0.0,11.45,2.34,0.0
20230512:0510,0.0,0.0,0.0,10.93,2.14,0.0
20230512:0610,38.76,75.25,11.54,11.05,1.93,0.0
20230512:0710,221.0,286.41,22.79,12.05,3.1,0.0
20230512:0810,446.4,528.14,34.2,13.47,2.9,0.0
20230512:0910,627.97,750.52,45.42,15.02,2.48,0.0
20230512:1010,652.54,791.78,55.86,16.23,2.34,0.0
20230512:1110,669.03,820.93,64.21,17.59,2.41,0.0
20230512:1210,838.32,1055.64,67.74,18.62,2.48,0.0
20230512:1310,820.56,1030.21,64.33,19.47,2.69,0.0
20230512:1410,699.79,865.62,56.04,20.16,2.76,0.0
20230512:1510,498.61,606.68,45.63,20.26,2.76,0.0
20230512:1610,443.51,534.71,34.42,18.51,3.66,0.0
20230512:1710,220.96,291.78,23.01,17.27,4.41,0.0
20230512:1810,34.99,75.24,11.75,16.33,3.93,0.0
20230512:1910,0.0,0.0,0.0,15.84,4.48,0.0
20230512:2010,0.0,0.0,0.0,14.69,4.28,0.0
20230512:2110,0.0,0.0,0.0,13.94,4.0,0.0
20230512:2210,0.0,0.0,0.0,13.31,3.66,0.0
20230512:2310,0.0,0.0,0.0,12.65,3.66,0.0
20230513:0010,0.0,0.0,0.0,11.83,3.52,0.0
20230513:0110,0.0,0.0,0.0,11.05,3.17,0.0
20230513:0210,0.0,0.0,0.0,10.37,2.97,0.0
20230513:0310,0.0,0.0,0.0,9.84,2.69,0.0
20230513:0410,0.0,0.0,0.0,9.4,2.62,0.0
20230513:0510,0.0,0.0,0.0,9.07,2.48,0.0
20230513:0610,34.94,73.07,11.7,9.39,2.0,0.0
20230513:0710,226.05,292.33,22.94,10.91,2.9,0.0
20230513:0810,451.37,530.09,34.35,12.75,3.52,0.0
20230513:0910,634.06,747.44,45.58,14.82,3.79,0.0
20230513:1010,771.69,933.7,56.04,16.59,3.52,0.0
20230513:1110,829.31,1025.5,64.43,18.08,3.24,0.0
20230513:1210,817.17,1021.07,67.99,19.53,3.1,0.0
20230513:1310,760.15,947.18,64.55,20.64,3.17,0.0
20230513:1410,424.36,517.7,56.22,21.14,3.31,0.0
20230513:1510,493.88,601.01,45.78,21.41,3.45,0.0
20230513:1610,211.59,264.7,34.56,21.3,3.72,0.0
20230513:1710,68.32,97.44,23.15,20.47,3.86,0.0
20230513:1810,35.09,76.1,11.9,20.13,4.0,0.0
20230513:1910,0.0,0.0,0.0,19.28,2.62,0.0
20230513:2010,0.0,0.0,0.0,17.89,2.07,0.0
20230513:2110,0.0,0.0,0.0,16.67,2.41,0.0
20230513:2210,0.0,0.0,0.0,15.81,3.1,0.0
20230513:2310,0.0,0.0,0.0,14.94,3.38,0.0
20230514:0010,0.0,0.0,0.0,13.97,3.17,0.0
20230514:0110,0.0,0.0,0.0,13.12,2.69,0.0
20230514:0210,0.0,0.0,0.0,12.37,2.21,0.0
20230514:0310,0.0,0.0,0.0,11.76,1.86,0.0
20230514:0410,0.0,0.0,0.0,11.14,1.59,0.0
20230514:0510,0.0,0.0,0.0,10.57,1.45,0.0
20230514:0610,36.26,74.3,11.85,10.64,1.24,0.0
20230514:0710,221.34,289.34,23.09,12.82,2.21,0.0
20230514:0810,424.17,503.12,34.5,14.47,3.17,0.0
20230514:0910,516.72,613.09,45.74,15.87,3.24,0.0
20230514:1010,669.37,806.59,56.22,16.72,3.24,0.0
20230514:1110,460.5,553.78,64.65,17.62,3.17,0.0
20230514:1210,419.6,507.98,68.24,18.91,3.17,0.0
20230514:1310,422.66,513.7,64.77,19.93,3.24,0.0
20230514:1410,470.27,574.26,56.4,20.83,2.97,0.0
20230514:1510,288.29,354.72,45.94,21.05,3.03,0.0
20230514:1610,446.96,547.06,34.71,21.13,3.31,0.0
20230514:1710,211.52,280.63,23.3,19.69,3.79,0.0
20230514:1810,49.92,85.03,12.05,19.08,3.93,0.0
20230514:1910,0.0,0.0,0.0,18.89,2.97,0.0
20230514:2010,0.0,0.0,0.0,17.8,2.28,0.0
20230514:2110,0.0,0.0,0.0,16.65,2.34,0.0
20230514:2210,0.0,0.0,0.0,15.59,2.62,0.0
20230514:2310,0.0,0.0,0.0,14.6,2.83,0.0
20230515:0010,0.0,0.0,0.0,13.68,2.69,0.0
20230515:0110,0.0,0.0,0.0,12.85,2.28,0.0
20230515:0210,0.0,0.0,0.0,12.1,1.93,0.0
20230515:0310,0.0,0.0,0.0,11.43,1.66,0.0
20230515:0410,0.0,0.0,0.0,10.81,1.45,0.0
20230515:0510,0.0,0.0,0.0,10.08,1.38,0.0
20230515:0610,34.32,74.22,12.0,10.13,1.1,0.0
20230515:0710,226.1,297.97,23.23,12.4,0.76,0.0
20230515:0810,245.1,298.01,34.64,14.43,0.97,0.0
20230515:0910,604.51,735.48,45.89,16.49,1.52,0.0
20230515:1010,607.24,745.93,56.39,18.21,1.86,0.0
20230515:1110,822.48,1041.81,64.86,19.77,2.28,0.0
20230515:1210,857.9,1092.05,68.47,21.02,2.76,0.0
20230515:1310,729.69,911.3,64.98,22.47,3.52,0.0
20230515:1410,346.56,426.18,56.57,22.58,3.72,0.0
20230515:1510,491.83,598.77,46.09,22.45,4.14,0.0
20230515:1610,428.56,522.75,34.85,22.03,4.62,0.0
20230515:1710,161.34,209.7,23.44,21.0,4.97,0.0
20230515:1810,54.84,85.31,12.2,19.81,4.83,0.0
20230515:1910,0.0,0.0,0.0,18.13,4.0,0.0
20230515:2010,0.0,0.0,0.0,16.84,3.45,0.0
20230515:2110,0.0,0.0,0.0,15.75,3.31,0.0
20230515:2210,0.0,0.0,0.0,14.77,3.31,0.0
20230515:2310,0.0,0.0,0.0,13.86,3.24,0.0
20230516:0010,0.0,0.0,0.0,13.03,3.17,0.0
20230516:0110,0.0,0.0,0.0,12.23,3.03,0.0
20230516:0210,0.0,0.0,0.0,11.5,2.76,0.0
20230516:0310,0.0,0.0,0.0,10.82,2.55,0.0
20230516:0410,0.0,0.0,0.0,10.16,2.28,0.0
20230516:0510,0.0,0.0,0.0,9.53,2.0,0.0
20230516:0610,42.16,79.97,12.14,9.57,1.59,0.0
20230516:0710,227.31,293.43,23.37,10.99,2.41,0.0
20230516:0810,454.35,537.39,34.78,12.7,2.48,0.0
20230516:0910,636.17,759.8,46.03,14.67,2.48,0.0
20230516:1010,769.37,941.91,56.56,16.68,2.69,0.0
20230516:1110,844.84,1055.71,65.06,18.57,2.9,0.0
20230516:1210,868.0,1101.6,68.71,20.07,2.76,0.0
20230516:1310,828.53,1051.59,65.19,21.37,2.76,0.0
20230516:1410,596.69,739.59,56.74,22.23,2.83,0.0
20230516:1510,518.74,638.48,46.24,22.47,2.83,0.0
20230516:1610,311.78,386.55,34.99,22.49,2.69,0.0
20230516:1710,212.3,285.07,23.58,22.26,2.55,0.0
20230516:1810,38.26,80.64,12.35,21.9,2.48,0.0
20230516:1910,0.0,0.0,0.0,20.83,2.97,0.0
20230516:2010,0.0,0.0,0.0,19.09,3.31,0.0
20230516:2110,0.0,0.0,0.0,17.64,4.0,0.0
20230516:2210,0.0,0.0,0.0,16.21,4.28,0.0
20230516:2310,0.0,0.0,0.0,14.71,4.34,0.0
20230517:0010,0.0,0.0,0.0,13.29,4.48,0.0
20230517:0110,0.0,0.0,0.0,11.95,4.55,0.0
20230517:0210,0.0,0.0,0.0,10.86,4.28,0.0
20230517:0310,0.0,0.0,0.0,10.03,3.72,0.0
20230517:0410,0.0,0.0,0.0,9.42,3.52,0.0
20230517:0510,0.0,0.91,1.53,9.05,3.66,0.0
20230517:0610,46.09,83.04,12.28,9.33,3.45,0.0
20230517:0710,226.5,286.94,23.5,10.53,4.28,0.0
20230517:0810,434.25,507.36,34.91,12.63,4.41,0.0
20230517:0910,637.89,750.17,46.17,15.08,4.41,0.0
20230517:1010,774.3,934.55,56.72,17.49,4.28,0.0
20230517:1110,847.59,1046.95,65.26,19.36,4.07,0.0
20230517:1210,863.15,1080.66,68.94,21.07,4.0,0.0
20230517:1310,811.2,1017.32,65.39,22.35,3.86,0.0
20230517:1410,754.11,941.34,56.91,23.26,3.79,0.0
20230517:1510,617.67,760.8,46.38,23.79,3.93,0.0
20230517:1610,385.76,476.29,35.13,23.8,4.07,0.0
20230517:1710,216.93,291.85,23.72,23.37,4.34,0.0
20230517:1810,40.92,83.37,12.5,22.44,4.55,0.0
20230517:1910,0.0,1.81,1.74,21.13,4.69,0.0
20230517:2010,0.0,0.0,0.0,19.0,5.52,0.0
20230517:2110,0.0,0.0,0.0,16.96,5.93,0.0
20230517:2210,0.0,0.0,0.0,14.98,5.86,0.0
20230517:2310,0.0,0.0,0.0,13.27,5.59,0.0
20230518:0010,0.0,0.0,0.0,12.03,4.83,0.0
20230518:0110,0.0,0.0,0.0,11.15,4.34,0.0
20230518:0210,0.0,0.0,0.0,10.51,4.21,0.0
20230518:0310,0.0,0.0,0.0,10.03,3.93,0.0
20230518:0410,0.0,0.0,0.0,9.69,3.66,0.0
20230518:0510,0.0,0.91,1.68,9.42,3.52,0.0
20230518:0610,49.28,85.16,12.41,9.79,3.03,0.0
20230518:0710,227.09,290.48,23.63,11.05,4.55,0.0
20230518:0810,454.55,530.75,35.03,12.82,4.69,0.0
20230518:0910,638.6,749.06,46.3,14.71,4.41,0.0
20230518:1010,774.63,933.54,56.87,16.91,4.07,0.0
20230518:1110,849.52,1052.44,65.45,18.65,3.52,0.0
20230518:1210,876.58,1103.63,69.16,20.14,3.31,0.0
20230518:1310,839.77,1059.11,65.59,21.21,3.17,0.0
20230518:1410,748.0,935.09,57.07,22.01,3.03,0.0
20230518:1510,616.95,759.76,46.53,22.48,3.17,0.0
20230518:1610,437.74,538.91,35.27,22.54,3.45,0.0
20230518:1710,220.91,298.62,23.86,22.26,3.72,0.0
20230518:1810,34.4,79.5,12.64,21.65,4.0,0.0
20230518:1910,0.0,4.53,1.89,20.97,4.21,0.0
20230518:2010,0.0,0.0,0.0,18.77,4.97,0.0
20230518:2110,0.0,0.0,0.0,16.96,5.45,0.0
20230518:2210,0.0,0.0,0.0,15.27,5.45,0.0
20230518:2310,0.0,0.0,0.0,13.82,5.17,0.0
20230519:0010,0.0,0.0,0.0,12.53,4.62,0.0
20230519:0110,0.0,0.0,0.0,11.65,4.14,0.0
20230519:0210,0.0,0.0,0.0,11.0,3.72,0.0
20230519:0310,0.0,0.0,0.0,10.5,3.45,0.0
20230519:0410,0.0,0.0,0.0,10.14,3.24,0.0
20230519:0510,0.0,2.72,1.82,9.8,3.03,0.0
20230519:0610,47.63,84.39,12.54,10.15,2.62,0.0
20230519:0710,225.73,290.1,23.75,11.57,3.86,0.0
20230519:0810,449.24,526.57,35.15,13.29,4.34,0.0
20230519:0910,636.13,747.22,46.43,15.16,4.48,0.0
20230519:1010,744.06,890.43,57.02,17.38,4.83,0.0
20230519:1110,535.81,642.85,65.64,18.63,4.55,0.0
20230519:1210,685.91,834.83,69.37,19.4,4.28,0.0
20230519:1310,845.05,1045.26,65.78,20.16,4.21,0.0
20230519:1410,755.95,923.71,57.24,20.47,4.34,0.0
20230519:1510,619.0,746.11,46.67,20.73,4.62,0.0
20230519:1610,455.15,551.05,35.4,20.57,4.76,0.0
20230519:1710,188.22,243.02,24.0,19.89,4.76,0.0
20230519:1810,43.41,67.51,12.78,19.37,4.69,0.0
20230519:1910,0.0,0.91,2.05,18.96,4.28,0.0
20230519:2010,0.0,0.0,0.0,17.5,4.07,0.0
20230519:2110,0.0,0.0,0.0,16.28,4.34,0.0
20230519:2210,0.0,0.0,0.0,14.97,4.55,0.0
20230519:2310,0.0,0.0,0.0,13.74,4.14,0.0
20230520:0010,0.0,0.0,0.0,12.69,3.59,0.0
20230520:0110,0.0,0.0,0.0,11.8,3.03,0.0
20230520:0210,0.0,0.0,0.0,11.05,2.9,0.0
20230520:0310,0.0,0.0,0.0,10.43,2.9,0.0
20230520:0410,0.0,0.0,0.0,9.97,2.9,0.0
20230520:0510,0.0,3.62,1.95,9.54,2.83,0.0
20230520:0610,48.58,84.98,12.67,9.85,2.48,0.0
20230520:0710,224.57,288.47,23.87,11.19,3.45,0.0
20230520:0810,445.67,523.3,35.27,12.81,3.59,0.0
20230520:0910,620.98,734.65,46.55,14.58,3.17,0.0
20230520:1010,728.23,885.49,57.16,16.68,2.83,0.0
20230520:1110,554.95,676.74,65.82,17.87,2.21,0.0
20230520:1210,722.57,903.45,69.59,18.61,2.0,0.0
20230520:1310,748.54,946.0,65.98,19.56,1.79,0.0
20230520:1410,223.66,280.3,57.39,20.72,1.66,0.0
20230520:1510,365.32,450.28,46.81,21.04,1.66,0.0
20230520:1610,317.74,393.95,35.54,21.09,1.52,0.0
20230520:1710,208.03,276.23,24.13,20.61,1.72,0.0
20230520:1810,59.35,91.27,12.92,20.0,2.0,0.0
20230520:1910,0.0,1.81,2.2,19.57,2.0,0.0
20230520:2010,0.0,0.0,0.0,18.53,2.0,0.0
20230520:2110,0.0,0.0,0.0,17.58,3.03,0.0
20230520:2210,0.0,0.0,0.0,16.15,4.62,0.0
20230520:2310,0.0,0.0,0.0,14.88,4.62,0.0
20230521:0010,0.0,0.0,0.0,14.16,4.14,0.0
20230521:0110,0.0,0.0,0.0,13.58,3.79,0.0
20230521:0210,0.0,0.0,0.0,12.99,3.59,0.0
20230521:0310,0.0,0.0,0.0,12.48,3.52,0.0
20230521:0410,0.0,0.0,0.0,12.0,3.38,0.0
20230521:0510,0.0,1.81,2.08,11.66,3.17,0.0
20230521:0610,8.53,20.81,12.78,12.04,2.9,0.0
20230521:0710,42.48,64.33,23.98,12.68,2.9,0.0
20230521:0810,339.89,404.9,35.38,14.3,2.62,0.0
20230521:0910,553.71,668.11,46.67,16.88,2.07,0.0
20230521:1010,716.31,896.47,57.3,19.09,1.66,0.0
20230521:1110,729.03,923.98,65.99,20.41,1.72,0.0
20230521:1210,561.96,707.22,69.79,21.68,1.38,0.0
20230521:1310,279.59,351.44,66.16,22.29,0.9,0.0
20230521:1410,589.57,758.39,57.55,22.58,0.41,0.0
20230521:1510,455.63,574.3,46.95,22.56,0.48,0.0
20230521:1610,160.76,208.09,35.67,22.31,1.17,0.0
20230521:1710,43.96,68.11,24.26,20.14,2.62,0.0
20230521:1810,45.17,69.58,13.06,18.05,2.48,0.0
20230521:1910,0.0,1.81,2.35,20.78,1.93,0.0
20230521:2010,0.0,0.0,0.0,19.61,2.0,0.0
20230521:2110,0.0,0.0,0.0,18.69,2.34,0.0
20230521:2210,0.0,0.0,0.0,17.9,2.28,0.0
20230521:2310,0.0,0.0,0.0,17.18,2.0,0.0
20230522:0010,0.0,0.0,0.0,16.47,1.72,0.0
20230522:0110,0.0,0.0,0.0,15.67,1.45,0.0
20230522:0210,0.0,0.0,0.0,15.0,1.66,0.0
20230522:0310,0.0,0.0,0.0,14.37,1.79,0.0
20230522:0410,0.0,0.0,0.0,13.77,1.72,0.0
20230522:0510,0.0,0.91,2.21,13.13,1.72,0.0
20230522:0610,54.58,80.71,12.9,13.4,1.59,0.0
20230522:0710,208.06,269.99,24.08,15.27,2.14,0.0
20230522:0810,410.7,495.61,35.48,17.11,2.48,0.0
20230522:0910,588.95,714.69,46.78,18.84,2.55,0.0
20230522:1010,523.16,638.4,57.43,20.15,2.83,0.0
20230522:1110,679.86,846.37,66.15,21.45,2.9,0.0
20230522:1210,427.44,528.05,69.99,22.49,2.76,0.0
20230522:1310,420.6,522.69,66.34,23.72,2.69,0.0
20230522:1410,163.84,212.85,57.7,24.62,2.83,0.0
20230522:1510,135.67,179.74,47.09,25.12,3.24,0.0
20230522:1610,265.94,332.83,35.8,24.39,3.93,0.0
20230522:1710,45.65,70.0,24.39,19.87,4.9,0.0
20230522:1810,43.05,66.58,13.2,17.43,3.93,0.0
20230522:1910,0.0,2.72,2.49,19.06,2.41,0.0
20230522:2010,0.0,0.0,0.0,18.03,1.66,0.0
20230522:2110,0.0,0.0,0.0,16.9,1.24,0.0
20230522:2210,0.0,0.0,0.0,16.41,0.55,0.0
20230522:2310,0.0,0.0,0.0,16.26,0.41,0.0
20230523:0010,0.0,0.0,0.0,15.67,0.69,0.0
20230523:0110,0.0,0.0,0.0,15.15,0.83,0.0
20230523:0210,0.0,0.0,0.0,15.12,1.17,0.0
20230523:0310,0.0,0.0,0.0,15.04,1.72,0.0
20230523:0410,0.0,0.0,0.0,14.46,2.34,0.0
20230523:0510,0.0,5.43,2.32,14.04,2.83,0.0
20230523:0610,60.53,90.9,13.0,14.29,2.76,0.0
20230523:0710,172.31,217.9,24.18,14.99,3.59,0.0
20230523:0810,265.21,320.06,35.58,16.74,4.41,0.0
20230523:0910,584.86,697.54,46.88,18.52,4.34,0.0
20230523:1010,620.44,750.86,57.55,20.11,4.28,0.0
20230523:1110,516.1,627.31,66.31,21.32,4.41,0.0
20230523:1210,281.63,343.52,70.18,19.74,4.69,0.0
20230523:1310,508.66,616.85,66.52,21.28,4.76,0.0
20230523:1410,247.31,308.16,57.85,22.98,4.62,0.0
20230523:1510,38.13,61.49,47.22,22.7,4.0,0.0
20230523:1610,93.97,125.82,35.93,17.46,4.76,0.0
20230523:1710,24.93,43.52,24.52,16.38,2.62,0.0
20230523:1810,53.19,92.02,13.33,16.5,1.93,0.0
20230523:1910,0.99,8.15,2.64,16.14,1.24,0.0
20230523:2010,0.0,0.0,0.0,15.56,1.79,0.0
20230523:2110,0.0,0.0,0.0,15.2,2.07,0.0
20230523:2210,0.0,0.0,0.0,15.1,2.14,0.0
20230523:2310,0.0,0.0,0.0,14.62,2.14,0.0
20230524:0010,0.0,0.0,0.0,14.34,2.14,0.0
20230524:0110,0.0,0.0,0.0,13.92,2.07,0.0
20230524:0210,0.0,0.0,0.0,13.53,2.14,0.0
20230524:0310,0.0,0.0,0.0,13.08,2.14,0.0
20230524:0410,0.0,0.0,0.0,13.07,1.93,0.0
20230524:0510,0.0,4.53,2.44,12.54,2.07,0.0
20230524:0610,61.15,90.25,13.1,13.26,1.79,0.0
20230524:0710,120.16,155.16,24.28,14.8,2.48,0.0
20230524:0810,203.67,250.4,35.67,16.37,3.03,0.0
20230524:0910,610.22,738.6,46.98,17.96,2.48,0.0
20230524:1010,162.13,206.22,57.67,19.26,2.14,0.0
20230524:1110,288.96,357.4,66.47,20.79,2.14,0.0
20230524:1210,771.0,985.62,70.37,21.96,2.07,0.0
20230524:1310,663.46,839.95,66.7,22.87,2.07,0.0
20230524:1410,483.2,603.34,58.0,23.68,2.07,0.0
20230524:1510,62.45,91.76,47.35,23.41,1.86,0.0
20230524:1610,68.92,99.33,36.05,22.89,2.21,0.0
20230524:1710,204.9,267.77,24.65,19.95,3.86,0.0
20230524:1810,60.91,96.06,13.47,18.78,3.24,0.0
20230524:1910,0.21,6.34,2.78,19.54,1.24,0.0
20230524:2010,0.0,0.0,0.0,18.17,1.59,0.0
20230524:2110,0.0,0.0,0.0,17.26,1.52,0.0
20230524:2210,0.0,0.0,0.0,16.46,0.97,0.0
20230524:2310,0.0,0.0,0.0,15.4,1.17,0.0
20230525:0010,0.0,0.0,0.0,14.73,1.24,0.0
20230525:0110,0.0,0.0,0.0,13.68,1.45,0.0
20230525:0210,0.0,0.0,0.0,13.01,1.52,0.0
20230525:0310,0.0,0.0,0.0,12.6,1.66,0.0
20230525:0410,0.0,0.0,0.0,12.37,1.79,0.0
20230525:0510,0.0,4.53,2.54,12.19,1.86,0.0
20230525:0610,51.67,88.51,13.2,13.07,1.59,0.0
20230525:0710,214.06,283.37,24.37,15.62,1.1,0.0
20230525:0810,420.13,513.08,35.76,17.13,1.17,0.0
20230525:0910,579.81,723.68,47.08,19.13,0.62,0.0
20230525:1010,668.95,862.79,57.78,20.34,0.28,0.0
20230525:1110,753.4,983.9,66.61,21.68,0.83,0.0
20230525:1210,782.44,1027.01,70.55,22.6,1.1,0.0
20230525:1310,711.04,917.78,66.87,22.54,1.24,0.0
20230525:1410,87.02,121.09,58.14,23.2,2.28,0.0
20230525:1510,71.07,101.22,47.48,21.2,1.93,0.0
20230525:1610,45.71,70.95,36.17,22.24,1.31,0.0
20230525:1710,98.22,134.61,24.77,22.71,1.24,0.0
20230525:1810,53.18,94.22,13.6,22.58,0.83,0.0
20230525:1910,1.81,9.96,2.92,19.57,3.52,0.0
20230525:2010,0.0,0.0,0.0,17.51,3.93,0.0
20230525:2110,0.0,0.0,0.0,16.57,3.72,0.0
20230525:2210,0.0,0.0,0.0,15.74,3.38,0.0
20230525:2310,0.0,0.0,0.0,15.07,3.1,0.0
20230526:0010,0.0,0.0,0.0,14.8,2.9,0.0
20230526:0110,0.0,0.0,0.0,14.65,3.31,0.0
20230526:0210,0.0,0.0,0.0,14.76,3.86,0.0
20230526:0310,0.0,0.0,0.0,14.35,3.86,0.0
20230526:0410,0.0,0.0,0.0,13.86,4.07,0.0
20230526:0510,0.0,2.72,2.65,13.79,4.14,0.0
20230526:0610,39.9,61.65,13.29,13.76,4.21,0.0
20230526:0710,117.93,151.57,24.45,13.88,4.07,0.0
20230526:0810,109.65,141.9,35.85,14.19,4.07,0.0
20230526:0910,252.94,303.02,47.16,14.26,3.72,0.0
20230526:1010,181.33,223.25,57.88,14.91,3.59,0.0
20230526:1110,225.49,274.33,66.75,15.67,3.38,0.0
20230526:1210,270.75,327.99,70.73,17.07,3.59,0.0
20230526:1310,128.65,166.49,67.03,18.7,3.86,0.0
20230526:1410,175.08,220.41,58.28,19.39,3.79,0.0
20230526:1510,224.4,278.79,47.6,20.7,3.79,0.0
20230526:1610,324.63,397.55,36.3,21.0,3.52,0.0
20230526:1710,219.81,294.98,24.9,21.06,3.38,0.0
20230526:1810,62.89,96.31,13.72,19.21,3.17,0.0
20230526:1910,0.0,2.72,3.05,18.11,2.34,0.0
20230526:2010,0.0,0.0,0.0,17.49,2.14,0.0
20230526:2110,0.0,0.0,0.0,16.83,2.14,0.0
20230526:2210,0.0,0.0,0.0,16.16,2.21,0.0
20230526:2310,0.0,0.0,0.0,15.53,2.34,0.0
20230527:0010,0.0,0.0,0.0,14.78,2.48,0.0
20230527:0110,0.0,0.0,0.0,14.15,2.48,0.0
20230527:0210,0.0,0.0,0.0,13.66,2.41,0.0
20230527:0310,0.0,0.0,0.0,13.32,2.21,0.0
20230527:0410,0.0,0.0,0.0,12.82,2.07,0.0
20230527:0510,0.0,2.72,2.74,12.36,2.14,0.0
20230527:0610,61.37,90.0,13.38,13.04,1.93,0.0
20230527:0710,167.89,212.67,24.53,14.87,2.34,0.0
20230527:0810,349.18,418.35,35.92,16.06,3.03,0.0
20230527:0910,469.04,562.29,47.25,17.4,2.76,0.0
20230527:1010,532.96,652.54,57.98,18.81,1.86,0.0
20230527:1110,397.48,491.78,66.89,20.79,1.45,0.0
20230527:1210,720.79,933.66,70.9,21.83,1.03,0.0
20230527:1310,249.88,314.54,67.19,22.45,1.38,0.0
20230527:1410,153.13,198.66,58.42,22.34,1.86,0.0
20230527:1510,300.44,367.98,47.73,20.39,3.03,0.0
20230527:1610,203.11,254.12,36.41,19.23,1.72,0.0
20230527:1710,124.58,163.95,25.02,19.23,1.17,0.0
20230527:1810,46.49,71.32,13.85,18.76,0.76,0.0
20230527:1910,0.59,7.24,3.19,17.17,1.03,0.0
20230527:2010,0.0,0.0,0.0,16.43,1.03,0.0
20230527:2110,0.0,0.0,0.0,15.35,1.45,0.0
20230527:2210,0.0,0.0,0.0,14.76,1.1,0.0
20230527:2310,0.0,0.0,0.0,14.47,0.55,0.0
20230528:0010,0.0,0.0,0.0,14.52,0.9,0.0
20230528:0110,0.0,0.0,0.0,14.34,1.31,0.0
20230528:0210,0.0,0.0,0.0,14.39,1.24,0.0
20230528:0310,0.0,0.0,0.0,14.13,1.17,0.0
20230528:0410,0.0,0.0,0.0,13.95,1.17,0.0
20230528:0510,0.0,5.43,2.83,13.7,1.17,0.0
20230528:0610,29.73,49.19,13.46,13.93,1.03,0.0
20230528:0710,110.81,144.45,24.6,14.4,1.24,0.0
20230528:0810,183.91,228.63,36.0,15.21,0.69,0.0
20230528:0910,291.89,357.91,47.32,16.52,0.21,0.0
20230528:1010,236.84,293.77,58.07,17.67,0.48,0.0
20230528:1110,503.07,620.41,67.01,17.93,0.97,0.0
20230528:1210,216.25,269.6,71.06,18.28,0.9,0.0
20230528:1310,487.68,604.49,67.35,18.79,0.83,0.0
20230528:1410,81.67,113.52,58.55,19.91,0.48,0.0
20230528:1510,280.33,348.99,47.85,19.99,0.48,0.0
20230528:1610,150.67,194.79,36.53,20.06,0.41,0.0
20230528:1710,43.92,68.11,25.13,19.78,0.55,0.0
20230528:1810,64.36,95.74,13.97,17.92,1.17,0.0
20230528:1910,0.0,2.72,3.32,18.06,2.0,0.0
20230528:2010,0.0,0.0,0.0,16.89,1.79,0.0
20230528:2110,0.0,0.0,0.0,16.24,1.24,0.0
20230528:2210,0.0,0.0,0.0,15.27,1.24,0.0
20230528:2310,0.0,0.0,0.0,14.12,1.59,0.0
20230529:0010,0.0,0.0,0.0,13.37,1.66,0.0
20230529:0110,0.0,0.0,0.0,12.68,1.59,0.0
20230529:0210,0.0,0.0,0.0,12.29,1.45,0.0
20230529:0310,0.0,0.0,0.0,11.77,1.31,0.0
20230529:0410,0.0,0.0,0.0,11.28,1.38,0.0
20230529:0510,0.63,7.24,2.92,11.63,0.9,0.0
20230529:0610,42.49,82.71,13.53,12.68,0.41,0.0
20230529:0710,188.49,240.96,24.67,14.74,0.9,0.0
20230529:0810,389.7,472.29,36.06,15.64,1.1,0.0
20230529:0910,463.38,561.97,47.4,16.7,1.17,0.0
20230529:1010,718.44,900.17,58.16,17.91,1.24,0.0
20230529:1110,781.21,999.08,67.13,19.04,1.24,0.0
20230529:1210,608.36,764.91,71.22,19.92,1.17,0.0
20230529:1310,683.73,866.21,67.5,20.4,1.38,0.0
20230529:1410,394.06,487.04,58.68,20.88,1.45,0.0
20230529:1510,478.39,592.91,47.96,21.41,1.38,0.0
20230529:1610,27.89,48.24,36.64,21.3,1.31,0.0
20230529:1710,21.6,39.73,25.25,19.78,2.48,0.0
20230529:1810,14.7,30.27,14.09,18.91,1.45,0.0
20230529:1910,1.83,9.96,3.44,18.16,1.66,0.0
20230529:2010,0.0,0.0,0.0,17.32,1.93,0.0
20230529:2110,0.0,0.0,0.0,16.62,1.86,0.0
20230529:2210,0.0,0.0,0.0,15.94,1.1,0.0
20230529:2310,0.0,0.0,0.0,15.16,0.69,0.0
20230530:0010,0.0,0.0,0.0,14.25,1.03,0.0
20230530:0110,0.0,0.0,0.0,13.57,1.1,0.0
20230530:0210,0.0,0.0,0.0,13.3,0.83,0.0
20230530:0310,0.0,0.0,0.0,13.46,0.41,0.0
20230530:0410,0.0,0.0,0.0,13.03,0.34,0.0
20230530:0510,0.0,1.81,3.0,12.66,0.14,0.0
20230530:0610,59.38,86.23,13.6,12.83,0.21,0.0
20230530:0710,153.24,195.38,24.74,14.7,0.76,0.0
20230530:0810,409.83,501.63,36.12,16.37,0.62,0.0
20230530:0910,415.57,510.38,47.46,17.68,0.41,0.0
20230530:1010,507.77,632.53,58.24,19.02,0.55,0.0
20230530:1110,712.26,917.96,67.25,20.29,0.76,0.0
20230530:1210,357.35,443.81,71.37,21.23,1.31,0.0
20230530:1310,742.77,943.78,67.64,21.61,2.0,0.0
20230530:1410,625.41,779.82,58.8,21.42,2.07,0.0
20230530:1510,153.53,195.82,48.08,19.11,2.76,0.0
20230530:1610,39.66,62.43,36.76,18.68,2.9,0.0
20230530:1710,121.84,159.87,25.36,18.47,1.45,0.0
20230530:1810,66.95,101.78,14.21,18.44,0.97,0.0
20230530:1910,5.94,17.2,3.57,17.62,0.55,0.0
20230530:2010,0.0,0.0,0.0,16.82,0.69,0.0
20230530:2110,0.0,0.0,0.0,15.85,0.83,0.0
20230530:2210,0.0,0.0,0.0,14.75,1.1,0.0
20230530:2310,0.0,0.0,0.0,14.36,1.03,0.0
20230531:0010,0.0,0.0,0.0,13.96,1.03,0.0
20230531:0110,0.0,0.0,0.0,13.05,1.17,0.0
20230531:0210,0.0,0.0,0.0,12.54,1.1,0.0
20230531:0310,0.0,0.0,0.0,12.39,0.9,0.0
20230531:0410,0.0,0.0,0.0,12.43,0.55,0.0
20230531:0510,4.46,14.48,3.08,12.0,0.41,0.0
20230531:0610,43.77,83.93,13.67,12.26,0.41,0.0
20230531:0710,218.99,291.26,24.8,14.58,0.62,0.0
20230531:0810,430.97,527.77,36.18,16.47,0.76,0.0
20230531:0910,602.91,746.87,47.52,17.9,0.83,0.0
20230531:1010,637.67,803.23,58.32,19.25,0.83,0.0
20230531:1110,705.65,904.61,67.35,20.7,1.03,0.0
20230531:1210,587.06,740.91,71.51,21.94,1.45,0.0
20230531:1310,658.08,837.51,67.78,22.74,1.66,0.0
20230531:1410,640.89,813.89,58.93,23.26,1.59,0.0
20230531:1510,531.2,663.69,48.19,23.45,1.79,0.0
20230531:1610,376.83,470.04,36.87,23.19,1.86,0.0
20230531:1710,217.99,295.24,25.47,22.85,1.79,0.0
20230531:1810,60.03,101.52,14.32,22.44,1.72,0.0
20230531:1910,0.55,7.24,3.69,21.43,1.52,0.0
20230531:2010,0.0,0.0,0.0,20.07,1.86,0.0
20230531:2110,0.0,0.0,0.0,18.59,1.79,0.0
20230531:2210,0.0,0.0,0.0,17.12,1.31,0.0
20230531:2310,0.0,0.0,0.0,16.35,1.45,0.0
20230601:0010,0.0,0.0,0.0,15.73,1.52,0.0
20230601:0110,0.0,0.0,0.0,15.1,1.17,0.0
20230601:0210,0.0,0.0,0.0,14.36,1.24,0.0
20230601:0310,0.0,0.0,0.0,13.58,1.31,0.0
20230601:0410,0.0,0.0,0.0,13.25,1.31,0.0
20230601:0510,4.44,14.48,3.15,12.73,1.38,0.0
20230601:0610,44.85,84.9,13.73,13.61,1.1,0.0
20230601:0710,201.22,261.66,24.85,16.31,1.24,0.0
20230601:0810,429.18,523.58,36.23,17.4,1.52,0.0
20230601:0910,600.21,738.19,47.58,18.59,1.45,0.0
20230601:1010,723.8,916.27,58.39,19.87,1.31,0.0
20230601:1110,292.07,364.02,67.45,21.28,1.24,0.0
20230601:1210,654.6,832.63,71.65,22.07,1.52,0.0
20230601:1310,408.73,509.98,67.92,22.82,1.66,0.0
20230601:1410,522.38,657.34,59.05,22.89,1.31,0.0
20230601:1510,38.6,62.43,48.3,23.36,0.41,0.0
20230601:1610,27.52,48.24,36.97,23.63,0.34,0.0
20230601:1710,130.46,174.47,25.58,23.04,0.21,0.0
20230601:1810,61.23,102.25,14.44,21.21,0.76,0.0
20230601:1910,6.48,18.1,3.81,18.24,1.93,0.0
20230601:2010,0.0,0.0,0.0,16.7,2.0,0.0
20230601:2110,0.0,0.0,0.0,15.82,2.14,0.0
20230601:2210,0.0,0.0,0.0,15.26,2.14,0.0
20230601:2310,0.0,0.0,0.0,14.66,1.93,0.0
20230602:0010,0.0,0.0,0.0,14.23,1.72,0.0
20230602:0110,0.0,0.0,0.0,13.85,1.72,0.0
20230602:0210,0.0,0.0,0.0,13.64,1.72,0.0
20230602:0310,0.0,0.0,0.0,13.61,1.59,0.0
20230602:0410,0.0,0.0,0.0,13.54,1.52,0.0
20230602:0510,4.97,15.39,3.21,13.32,1.59,0.0
20230602:0610,37.41,58.65,13.78,14.17,1.66,0.0
20230602:0710,200.48,257.06,24.9,14.9,2.07,0.0
20230602:0810,428.11,515.38,36.28,16.17,2.34,0.0
20230602:0910,589.2,714.65,47.63,16.88,1.72,0.0
20230602:1010,396.17,484.13,58.45,18.43,1.38,0.0
20230602:1110,777.38,1000.11,67.55,19.92,1.17,0.0
20230602:1210,801.03,1049.6,71.78,20.41,0.83,0.0
20230602:1310,712.08,916.46,68.05,20.94,0.97,0.0
20230602:1410,509.94,635.69,59.16,21.45,1.38,0.0
20230602:1510,422.16,524.2,48.41,22.26,1.45,0.0
20230602:1610,170.86,220.17,37.08,22.24,0.97,0.0
20230602:1710,130.69,173.75,25.69,22.29,0.69,0.0
20230602:1810,17.87,35.0,14.55,21.7,1.31,0.0
20230602:1910,7.02,19.01,3.92,19.04,2.21,0.0
20230602:2010,0.0,0.0,0.0,16.57,1.45,0.0
20230602:2110,0.0,0.0,0.0,15.98,0.83,0.0
20230602:2210,0.0,0.0,0.0,15.45,0.97,0.0
20230602:2310,0.0,0.0,0.0,14.85,1.24,0.0
20230603:0010,0.0,0.0,0.0,14.34,1.38,0.0
20230603:0110,0.0,0.0,0.0,13.7,1.59,0.0
20230603:0210,0.0,0.0,0.0,13.13,1.45,0.0
20230603:0310,0.0,0.0,0.0,12.81,1.24,0.0
20230603:0410,0.0,0.0,0.0,12.17,1.45,0.0
20230603:0510,2.4,10.86,3.27,11.72,1.38,0.0
20230603:0610,63.09,91.35,13.83,12.72,0.97,0.0
20230603:0710,216.95,288.66,24.94,15.33,1.03,0.0
20230603:0810,351.6,429.48,36.32,17.43,1.17,0.0
20230603:0910,588.49,731.4,47.67,19.08,0.9,0.0
20230603:1010,712.67,916.86,58.51,20.49,0.69,0.0
20230603:1110,733.44,959.2,67.63,21.61,0.62,0.0
20230603:1210,564.05,722.72,71.91,22.63,0.62,0.0
20230603:1310,408.05,517.05,68.18,23.28,0.48,0.0
20230603:1410,689.81,907.02,59.28,23.72,0.41,0.0
20230603:1510,551.05,706.81,48.51,24.06,0.41,0.0
20230603:1610,372.66,472.25,37.18,23.83,0.55,0.0
20230603:1710,187.55,247.75,25.79,23.27,0.9,0.0
20230603:1810,5.09,16.08,14.65,22.82,1.38,0.0
20230603:1910,3.67,13.58,4.03,21.79,1.1,0.0
20230603:2010,0.0,0.0,0.0,20.11,1.86,0.0
20230603:2110,0.0,0.0,0.0,18.94,1.93,0.0
20230603:2210,0.0,0.0,0.0,18.09,1.79,0.0
20230603:2310,0.0,0.0,0.0,17.51,1.72,0.0
20230604:0010,0.0,0.0,0.0,16.69,1.79,0.0
20230604:0110,0.0,0.0,0.0,15.9,1.59,0.0
20230604:0210,0.0,0.0,0.0,14.85,1.38,0.0
20230604:0310,0.0,0.0,0.0,14.21,1.38,0.0
20230604:0410,0.0,0.0,0.0,14.02,1.52,0.0
20230604:0510,5.52,16.29,3.32,13.72,1.59,0.0
20230604:0610,54.41,91.66,13.88,14.49,1.24,0.0
20230604:0710,147.89,190.35,24.98,16.75,1.17,0.0
20230604:0810,342.43,419.5,36.36,18.37,1.38,0.0
20230604:0910,537.97,665.0,47.71,19.92,1.24,0.0
20230604:1010,657.87,832.14,58.56,21.12,1.24,0.0
20230604:1110,745.0,970.85,67.71,22.29,0.97,0.0
20230604:1210,722.07,939.92,72.03,22.7,1.03,0.0
20230604:1310,693.04,898.03,68.3,23.51,1.17,0.0
20230604:1410,575.7,735.22,59.38,24.12,1.1,0.0
20230604:1510,505.8,643.12,48.61,24.58,0.83,0.0
20230604:1610,164.93,215.5,37.28,24.46,0.76,0.0
20230604:1710,206.73,274.6,25.89,23.39,1.93,0.0
20230604:1810,5.68,17.03,14.76,22.0,1.86,0.0
20230604:1910,0.0,2.72,4.14,21.78,0.9,0.0
20230604:2010,0.0,0.0,0.0,19.34,2.41,0.0
20230604:2110,0.0,0.0,0.0,17.83,2.55,0.0
20230604:2210,0.0,0.0,0.0,17.12,1.72,0.0
20230604:2310,0.0,0.0,0.0,17.01,0.34,0.0
20230605:0010,0.0,0.0,0.0,16.38,0.62,0.0
20230605:0110,0.0,0.0,0.0,14.79,1.31,0.0
20230605:0210,0.0,0.0,0.0,14.45,1.66,0.0
20230605:0310,0.0,0.0,0.0,14.21,1.59,0.0
20230605:0410,0.0,0.0,0.0,13.77,1.38,0.0
20230605:0510,5.53,16.29,3.37,13.21,1.31,0.0
20230605:0610,42.84,83.39,13.92,14.11,0.97,0.0
20230605:0710,214.79,289.95,25.01,17.05,0.62,0.0
20230605:0810,422.9,523.67,36.39,18.87,0.83,0.0
20230605:0910,589.81,739.33,47.75,20.69,0.9,0.0
20230605:1010,703.55,912.52,58.61,22.27,0.69,0.0
20230605:1110,771.79,1022.41,67.79,23.55,0.83,0.0
20230605:1210,757.29,995.9,72.14,24.66,1.31,0.0
20230605:1310,604.25,773.84,68.42,25.5,1.79,0.0
20230605:1410,639.26,820.39,59.49,26.11,1.86,0.0
20230605:1510,393.0,496.39,48.71,26.12,1.66,0.0
20230605:1610,28.04,49.19,37.37,25.36,2.41,0.0
20230605:1710,16.33,33.11,25.99,23.67,2.55,0.0
20230605:1810,12.4,27.43,14.86,23.03,1.66,0.0
20230605:1910,8.11,20.82,4.25,20.72,2.21,0.0
20230605:2010,0.0,0.0,0.0,19.6,2.07,0.0
20230605:2110,0.0,0.0,0.0,18.88,1.38,0.0
20230605:2210,0.0,0.0,0.0,17.85,1.31,0.0
20230605:2310,0.0,0.0,0.0,16.95,1.31,0.0
20230606:0010,0.0,0.0,0.0,16.02,1.38,0.0
20230606:0110,0.0,0.0,0.0,15.38,1.52,0.0
20230606:0210,0.0,0.0,0.0,15.0,1.59,0.0
20230606:0310,0.0,0.0,0.0,14.56,1.66,0.0
20230606:0410,0.0,0.0,0.0,14.23,1.66,0.0
20230606:0510,5.51,16.29,3.41,13.84,1.52,0.0
20230606:0610,41.74,82.97,13.95,14.85,1.1,0.0
20230606:0710,0.0,0.0,0.0,17.38,1.31,0.0
20230606:0810,418.84,515.02,36.42,18.87,1.45,0.0
20230606:0910,587.3,730.16,47.78,20.71,1.38,0.0
20230606:1010,684.49,872.81,58.65,22.57,1.38,0.0
20230606:1110,766.05,1001.97,67.86,24.03,1.38,0.0
20230606:1210,759.02,997.11,72.24,25.24,1.52,0.0
20230606:1310,622.2,804.47,68.53,25.85,1.45,0.0
20230606:1410,677.71,880.29,59.59,26.23,1.45,0.0
20230606:1510,564.06,720.51,48.81,26.67,1.52,0.0
20230606:1610,415.99,528.96,37.47,26.56,1.66,0.0
20230606:1710,222.11,305.79,26.08,26.43,1.72,0.0
20230606:1810,63.56,107.1,14.95,26.02,1.72,0.0
20230606:1910,7.9,20.82,4.35,25.1,1.31,0.0
20230606:2010,0.0,0.0,0.0,23.51,1.59,0.0
20230606:2110,0.0,0.0,0.0,21.89,1.79,0.0
20230606:2210,0.0,0.0,0.0,21.15,2.28,0.0
20230606:2310,0.0,0.0,0.0,20.55,3.24,0.0
20230607:0010,0.0,0.0,0.0,19.9,3.59,0.0
20230607:0110,0.0,0.0,0.0,19.34,3.45,0.0
20230607:0210,0.0,0.0,0.0,19.01,2.97,0.0
20230607:0310,0.0,0.0,0.0,18.63,2.21,0.0
20230607:0410,0.0,0.0,0.0,18.1,1.79,0.0
20230607:0510,4.3,14.48,3.45,17.69,1.79,0.0
20230607:0610,7.03,18.92,13.98,17.64,1.66,0.0
20230607:0710,42.12,65.27,25.07,17.55,0.97,0.0
20230607:0810,62.52,89.87,36.44,17.83,0.97,0.0
20230607:0910,169.04,213.79,47.8,18.15,1.31,0.0
20230607:1010,299.12,366.7,58.68,18.21,1.31,0.0
20230607:1110,207.95,259.2,67.92,18.14,1.24,0.0
20230607:1210,78.5,108.79,72.34,18.4,1.79,0.0
20230607:1310,91.35,123.92,68.64,18.79,2.07,0.0
20230607:1410,65.47,93.65,59.69,19.04,2.28,0.0
20230607:1510,194.91,244.18,48.9,19.4,2.41,0.0
20230607:1610,109.37,145.68,37.56,20.31,2.48,0.0
20230607:1710,99.59,134.79,26.17,20.77,2.0,0.0
20230607:1810,33.9,55.81,15.05,20.87,2.0,0.0
20230607:1910,9.34,22.63,4.45,19.78,1.79,0.0
20230607:2010,0.0,0.0,0.0,19.17,1.52,0.0
20230607:2110,0.0,0.0,0.0,18.31,1.52,0.0
20230607:2210,0.0,0.0,0.0,17.98,1.59,0.0
20230607:2310,0.0,0.0,0.0,17.9,1.66,0.0
20230608:0010,0.0,0.0,0.0,17.79,1.66,0.0
20230608:0110,0.0,0.0,0.0,17.49,1.66,0.0
20230608:0210,0.0,0.0,0.0,17.26,1.59,0.0
20230608:0310,0.0,0.0,0.0,17.04,1.59,0.0
20230608:0410,0.0,0.0,0.0,16.8,1.52,0.0
20230608:0510,0.0,2.72,3.48,16.47,1.45,0.0
20230608:0610,8.31,20.81,14.01,16.42,1.17,0.0
20230608:0710,70.85,99.33,25.09,17.15,1.52,0.0
20230608:0810,66.69,94.6,36.46,17.68,1.93,0.0
20230608:0910,85.12,116.36,47.82,18.09,1.86,0.0
20230608:1010,214.4,265.92,58.71,18.35,2.14,0.0
20230608:1110,268.98,330.85,67.97,19.17,2.28,0.0
20230608:1210,141.61,182.57,72.43,19.24,1.86,0.0
20230608:1310,230.24,284.87,68.74,18.44,1.86,0.0
20230608:1410,74.43,104.06,59.78,18.48,1.72,0.0
20230608:1510,344.21,420.73,48.99,18.77,1.45,0.0
20230608:1610,119.95,157.98,37.64,20.09,2.07,0.0
20230608:1710,45.33,70.0,26.26,20.96,3.03,0.0
20230608:1810,69.3,109.18,15.14,21.08,2.55,0.0
20230608:1910,0.0,2.72,4.54,19.6,1.93,0.0
20230608:2010,0.0,0.0,0.0,18.75,1.79,0.0
20230608:2110,0.0,0.0,0.0,17.74,1.86,0.0
20230608:2210,0.0,0.0,0.0,17.21,2.07,0.0
20230608:2310,0.0,0.0,0.0,16.84,2.28,0.0
20230609:0010,0.0,0.0,0.0,16.28,2.83,0.0
20230609:0110,0.0,0.0,0.0,16.23,3.31,0.0
20230609:0210,0.0,0.0,0.0,16.13,3.31,0.0
20230609:0310,0.0,0.0,0.0,15.88,3.17,0.0
20230609:0410,0.0,0.0,0.0,15.58,3.17,0.0
20230609:0510,6.6,18.1,3.51,15.46,2.83,0.0
20230609:0610,39.77,81.29,14.03,15.51,2.62,0.0
20230609:0710,218.13,290.29,25.1,15.93,3.24,0.0
20230609:0810,356.53,427.63,36.47,16.56,3.38,0.0
20230609:0910,547.9,653.91,47.84,17.82,3.72,0.0
20230609:1010,318.39,386.21,58.74,18.93,3.59,0.0
20230609:1110,496.38,603.25,68.02,20.42,3.72,0.0
20230609:1210,755.47,934.92,72.52,21.46,4.07,0.0
20230609:1310,736.69,911.99,68.83,21.93,4.0,0.0
20230609:1410,602.95,739.06,59.87,22.41,4.07,0.0
20230609:1510,605.32,739.47,49.07,22.72,4.0,0.0
20230609:1610,412.59,505.83,37.73,22.48,3.86,0.0
20230609:1710,226.67,301.47,26.34,22.42,3.59,0.0
20230609:1810,66.33,109.74,15.22,21.91,2.97,0.0
20230609:1910,9.86,23.53,4.63,21.31,2.41,0.0
20230609:2010,0.0,0.0,0.0,19.98,2.55,0.0
20230609:2110,0.0,0.0,0.0,18.95,2.34,0.0
20230609:2210,0.0,0.0,0.0,18.15,2.41,0.0
20230609:2310,0.0,0.0,0.0,17.56,2.48,0.0
20230610:0010,0.0,0.0,0.0,17.27,2.55,0.0
20230610:0110,0.0,0.0,0.0,16.82,2.28,0.0
20230610:0210,0.0,0.0,0.0,16.42,1.86,0.0
20230610:0310,0.0,0.0,0.0,16.09,1.59,0.0
20230610:0410,0.0,0.0,0.0,15.74,1.45,0.0
20230610:0510,0.0,2.72,3.53,15.56,1.24,0.0
20230610:0610,41.68,64.45,14.04,15.87,1.1,0.0
20230610:0710,202.54,269.1,25.11,17.39,0.48,0.0
20230610:0810,336.64,417.08,36.48,18.77,0.41,0.0
20230610:0910,511.08,637.97,47.85,20.15,0.55,0.0
20230610:1010,410.34,511.51,58.76,21.55,0.97,0.0
20230610:1110,614.12,779.49,68.06,22.45,1.38,0.0
20230610:1210,697.7,895.24,72.6,23.34,1.72,0.0
20230610:1310,713.84,912.7,68.93,23.89,2.14,0.0
20230610:1410,648.75,821.55,59.96,24.37,2.21,0.0
20230610:1510,559.97,701.89,49.16,24.62,2.14,0.0
20230610:1610,380.32,476.97,37.81,24.82,2.14,0.0
20230610:1710,221.78,299.25,26.43,24.7,2.34,0.0
20230610:1810,69.98,111.83,15.31,24.14,2.41,0.0
20230610:1910,9.16,22.63,4.72,23.17,1.66,0.0
20230610:2010,0.0,0.0,0.0,21.95,1.86,0.0
20230610:2110,0.0,0.0,0.0,20.73,1.93,0.0
20230610:2210,0.0,0.0,0.0,19.58,1.79,0.0
20230610:2310,0.0,0.0,0.0,18.39,1.52,0.0
20230611:0010,0.0,0.0,0.0,17.79,1.17,0.0
20230611:0110,0.0,0.0,0.0,17.91,0.83,0.0
20230611:0210,0.0,0.0,0.0,17.95,0.62,0.0
20230611:0310,0.0,0.0,0.0,17.74,0.48,0.0
20230611:0410,0.0,0.0,0.0,17.37,0.41,0.0
20230611:0510,4.86,15.39,3.55,17.0,0.34,0.0
20230611:0610,63.97,98.15,14.05,16.67,0.34,0.0
20230611:0710,170.0,221.11,25.12,18.81,0.48,0.0
20230611:0810,409.39,511.59,36.48,20.9,0.9,0.0
20230611:0910,583.27,732.57,47.86,22.7,1.38,0.0
20230611:1010,670.5,849.11,58.77,24.12,2.21,0.0
20230611:1110,552.75,695.16,68.1,25.03,2.69,0.0
20230611:1210,628.59,795.4,72.67,25.58,3.03,0.0
20230611:1310,744.09,950.71,69.01,26.3,3.31,0.0
20230611:1410,694.64,879.25,60.04,26.72,3.52,0.0
20230611:1510,609.57,761.66,49.24,26.63,3.72,0.0
20230611:1610,410.44,512.6,37.89,26.45,4.0,0.0
20230611:1710,233.36,317.09,26.51,25.87,4.07,0.0
20230611:1810,55.73,105.21,15.39,24.91,3.72,0.0
20230611:1910,10.32,24.44,4.8,23.87,2.21,0.0
20230611:2010,0.0,0.0,0.0,21.58,1.59,0.0
20230611:2110,0.0,0.0,0.0,22.0,0.76,0.0
20230611:2210,0.0,0.0,0.0,21.31,0.28,0.0
20230611:2310,0.0,0.0,0.0,20.53,0.34,0.0
20230612:0010,0.0,0.0,0.0,19.7,0.41,0.0
20230612:0110,0.0,0.0,0.0,18.79,0.55,0.0
20230612:0210,0.0,0.0,0.0,17.42,0.76,0.0
20230612:0310,0.0,0.0,0.0,16.6,0.9,0.0
20230612:0410,0.0,0.0,0.0,15.88,1.03,0.0
20230612:0510,0.0,2.72,3.56,15.42,0.97,0.0
20230612:0610,38.21,80.04,14.06,16.03,0.62,0.0
20230612:0710,207.33,280.93,25.12,18.03,0.62,0.0
20230612:0810,409.03,511.56,36.48,20.21,0.55,0.0
20230612:0910,0.0,0.0,0.0,22.02,0.07,0.0
20230612:1010,664.96,860.38,58.78,23.9,0.9,0.0
20230612:1110,643.31,827.52,68.13,24.9,1.59,0.0
20230612:1210,640.09,824.16,72.73,25.72,1.86,0.0
20230612:1310,496.02,629.51,69.09,26.38,2.14,0.0
20230612:1410,416.8,526.02,60.12,26.93,2.55,0.0
20230612:1510,38.74,63.38,49.31,26.9,2.76,0.0
20230612:1610,423.51,526.84,37.96,25.85,4.14,0.0
20230612:1710,228.71,306.07,26.58,23.86,4.07,0.0
20230612:1810,54.07,104.4,15.46,23.56,2.97,0.0
20230612:1910,7.97,20.82,4.88,23.63,2.76,0.0
20230612:2010,0.0,0.0,0.0,22.07,2.21,0.0
20230612:2110,0.0,0.0,0.0,20.91,1.93,0.0
20230612:2210,0.0,0.0,0.0,19.71,1.79,0.0
20230612:2310,0.0,0.0,0.0,18.66,1.79,0.0
20230613:0010,0.0,0.0,0.0,17.58,1.38,0.0
20230613:0110,0.0,0.0,0.0,17.21,1.45,0.0
20230613:0210,0.0,0.0,0.0,16.32,0.9,0.0
20230613:0310,0.0,0.0,0.0,16.53,0.62,0.0
20230613:0410,0.0,0.0,0.0,15.38,0.9,0.0
20230613:0510,6.6,18.1,3.57,15.11,0.9,0.0
20230613:0610,41.01,81.47,14.06,15.57,0.62,0.0
20230613:0710,209.29,283.06,25.12,16.7,0.21,0.0
20230613:0810,420.47,521.08,36.48,18.35,0.62,0.0
20230613:0910,591.74,734.92,47.85,19.98,1.24,0.0
20230613:1010,217.18,273.49,58.79,21.58,1.86,0.0
20230613:1110,786.9,1010.88,68.15,23.09,2.14,0.0
20230613:1210,554.68,697.59,72.79,23.79,2.21,0.0
20230613:1310,725.07,923.05,69.17,24.57,2.76,0.0
20230613:1410,693.75,854.29,60.19,22.74,4.21,0.0
20230613:1510,162.17,207.17,49.38,21.22,3.93,0.0
20230613:1610,429.24,526.1,38.03,21.37,2.97,0.0
20230613:1710,232.69,310.19,26.65,22.06,2.76,0.0
20230613:1810,63.77,110.58,15.54,20.77,2.97,0.0
20230613:1910,9.23,22.63,4.95,21.96,2.0,0.0
20230613:2010,0.0,0.0,0.0,20.41,1.79,0.0
20230613:2110,0.0,0.0,0.0,19.28,1.86,0.0
20230613:2210,0.0,0.0,0.0,18.35,1.93,0.0
20230613:2310,0.0,0.0,0.0,17.75,2.0,0.0
20230614:0010,0.0,0.0,0.0,17.05,2.0,0.0
20230614:0110,0.0,0.0,0.0,16.43,1.93,0.0
20230614:0210,0.0,0.0,0.0,15.63,1.72,0.0
20230614:0310,0.0,0.0,0.0,15.04,1.66,0.0
20230614:0410,0.0,0.0,0.0,14.45,1.66,0.0
20230614:0510,6.65,18.1,3.57,13.97,1.59,0.0
20230614:0610,41.09,81.01,14.05,14.65,1.24,0.0
20230614:0710,208.31,280.6,25.11,17.56,1.52,0.0
20230614:0810,419.02,512.15,36.47,19.14,2.41,0.0
20230614:0910,596.38,730.71,47.85,20.69,2.55,0.0
20230614:1010,715.88,898.61,58.78,22.37,2.48,0.0
20230614:1110,700.29,886.78,68.17,23.75,2.62,0.0
20230614:1210,650.18,826.76,72.84,24.66,2.41,0.0
20230614:1310,620.79,790.54,69.24,25.34,2.28,0.0
20230614:1410,556.49,704.44,60.26,25.36,2.07,0.0
20230614:1510,458.83,577.33,49.45,25.23,1.72,0.0
20230614:1610,418.55,530.03,38.1,25.56,1.52,0.0
20230614:1710,227.48,309.76,26.72,25.3,1.45,0.0
20230614:1810,69.8,104.14,15.61,25.0,1.31,0.0
20230614:1910,11.51,26.25,5.02,24.04,0.97,0.0
20230614:2010,0.0,0.0,0.0,23.33,1.03,0.0
20230614:2110,0.0,0.0,0.0,21.83,1.31,0.0
20230614:2210,0.0,0.0,0.0,20.26,1.59,0.0
20230614:2310,0.0,0.0,0.0,19.23,1.93,0.0
20230615:0010,0.0,0.0,0.0,18.53,2.34,0.0
20230615:0110,0.0,0.0,0.0,18.07,2.69,0.0
20230615:0210,0.0,0.0,0.0,17.46,2.62,0.0
20230615:0310,0.0,0.0,0.0,16.77,2.41,0.0
20230615:0410,0.0,0.0,0.0,16.18,2.34,0.0
20230615:0510,6.58,18.1,3.56,15.72,2.28,0.0
20230615:0610,45.71,84.78,14.05,16.19,2.0,0.0
20230615:0710,207.1,280.36,25.1,18.87,1.86,0.0
20230615:0810,402.24,499.58,36.45,21.47,1.79,0.0
20230615:0910,566.45,711.24,47.83,23.72,1.66,0.0
20230615:1010,690.03,897.23,58.78,25.38,1.24,0.0
20230615:1110,745.09,999.82,68.18,26.64,0.83,0.0
20230615:1210,770.96,1062.86,72.89,27.66,0.41,0.0
20230615:1310,750.17,1040.43,69.3,28.45,0.21,0.0
20230615:1410,681.6,927.26,60.33,29.04,0.28,0.0
20230615:1510,573.76,761.64,49.52,29.42,0.34,0.0
20230615:1610,398.2,520.4,38.17,29.54,0.48,0.0
20230615:1710,220.25,305.68,26.79,29.51,0.69,0.0
20230615:1810,62.14,112.24,15.67,29.12,1.1,0.0
20230615:1910,11.87,27.15,5.09,27.85,1.66,0.0
20230615:2010,0.0,0.0,0.0,25.67,2.14,0.0
20230615:2110,0.0,0.0,0.0,23.85,2.14,0.0
20230615:2210,0.0,0.0,0.0,22.22,1.79,0.0
20230615:2310,0.0,0.0,0.0,22.39,1.17,0.0
20230616:0010,0.0,0.0,0.0,23.5,0.55,0.0
20230616:0110,0.0,0.0,0.0,20.23,1.79,0.0
20230616:0210,0.0,0.0,0.0,18.98,2.21,0.0
20230616:0310,0.0,0.0,0.0,18.58,2.34,0.0
20230616:0410,0.0,0.0,0.0,17.91,2.28,0.0
20230616:0510,6.52,18.1,3.56,17.33,2.14,0.0
20230616:0610,53.38,90.73,14.03,17.55,1.72,0.0
20230616:0710,203.3,276.52,25.08,19.99,1.38,0.0
20230616:0810,395.86,498.77,36.44,22.9,1.03,0.0
20230616:0910,539.72,693.59,47.82,25.23,0.55,0.0
20230616:1010,650.01,865.35,58.77,27.31,0.41,0.0
20230616:1110,737.77,1000.38,68.18,29.0,0.9,0.0
20230616:1210,773.05,1053.26,72.92,30.17,1.31,0.0
20230616:1310,744.41,1011.7,69.36,30.91,1.31,0.0
20230616:1410,624.31,833.0,60.39,31.5,1.24,0.0
20230616:1510,522.5,687.55,49.58,31.81,1.17,0.0
20230616:1610,370.22,485.34,38.23,31.87,1.1,0.0
20230616:1710,220.03,308.94,26.85,31.69,1.03,0.0
20230616:1810,64.76,114.18,15.73,31.03,0.83,0.0
20230616:1910,11.07,26.25,5.15,30.7,0.21,0.0
20230616:2010,0.0,0.0,0.0,28.44,0.55,0.0
20230616:2110,0.0,0.0,0.0,26.07,1.45,0.0
20230616:2210,0.0,0.0,0.0,23.92,1.66,0.0
20230616:2310,0.0,0.0,0.0,22.29,1.52,0.0
20230617:0010,0.0,0.0,0.0,21.14,1.45,0.0
20230617:0110,0.0,0.0,0.0,20.19,1.45,0.0
20230617:0210,0.0,0.0,0.0,19.35,1.52,0.0
20230617:0310,0.0,0.0,0.0,18.7,1.52,0.0
20230617:0410,0.0,0.0,0.0,18.31,1.59,0.0
20230617:0510,5.93,17.2,3.54,17.83,1.59,0.0
20230617:0610,48.92,87.0,14.01,18.52,1.24,0.0
20230617:0710,199.42,275.62,25.06,22.29,1.31,0.0
20230617:0810,391.35,494.09,36.42,24.68,1.72,0.0
20230617:0910,552.17,702.83,47.8,26.62,1.66,0.0
20230617:1010,670.49,882.55,58.75,28.67,1.38,0.0
20230617:1110,734.02,987.76,68.18,30.53,1.52,0.0
20230617:1210,526.39,688.13,72.95,31.95,2.34,0.0
20230617:1310,711.27,945.42,69.41,32.82,2.76,0.0
20230617:1410,428.27,556.63,60.45,33.19,2.83,0.0
20230617:1510,560.31,727.92,49.64,33.35,2.97,0.0
20230617:1610,282.72,368.41,38.29,33.11,3.45,0.0
20230617:1710,209.83,284.48,26.91,30.48,4.0,0.0
20230617:1810,63.72,113.29,15.79,28.15,2.34,0.0
20230617:1910,11.83,27.15,5.21,28.43,1.38,0.0
20230617:2010,0.0,0.0,0.0,26.43,1.1,0.0
20230617:2110,0.0,0.0,0.0,25.11,1.52,0.0
20230617:2210,0.0,0.0,0.0,23.09,1.66,0.0
20230617:2310,0.0,0.0,0.0,21.57,1.45,0.0
20230618:0010,0.0,0.0,0.0,20.74,1.24,0.0
20230618:0110,0.0,0.0,0.0,19.86,1.24,0.0
20230618:0210,0.0,0.0,0.0,19.05,1.38,0.0
20230618:0310,0.0,0.0,0.0,18.53,1.52,0.0
20230618:0410,0.0,0.0,0.0,18.05,1.38,0.0
20230618:0510,3.27,12.67,3.53,17.73,1.38,0.0
20230618:0610,59.94,94.74,13.99,18.77,1.17,0.0
20230618:0710,193.49,257.57,25.04,20.15,2.07,0.0
20230618:0810,380.65,471.72,36.39,22.17,2.48,0.0
20230618:0910,434.07,539.29,47.77,24.39,2.55,0.0
20230618:1010,654.33,831.96,58.73,26.34,2.62,0.0
20230618:1110,749.97,978.3,68.17,27.76,2.41,0.0
20230618:1210,789.49,1041.33,72.97,28.83,2.55,0.0
20230618:1310,620.6,806.45,69.46,29.72,2.48,0.0
20230618:1410,518.04,667.0,60.5,30.64,2.76,0.0
20230618:1510,564.61,724.97,49.69,30.82,2.83,0.0
20230618:1610,198.95,261.24,38.34,30.49,3.03,0.0
20230618:1710,100.75,140.47,26.96,28.11,2.28,0.0
20230618:1810,74.98,115.96,15.85,26.4,0.62,0.0
20230618:1910,12.51,28.06,5.26,27.37,1.72,0.0
20230618:2010,0.0,0.0,0.0,25.31,1.52,0.0
20230618:2110,0.0,0.0,0.0,23.91,1.38,0.0
20230618:2210,0.0,0.0,0.0,23.27,1.24,0.0
20230618:2310,0.0,0.0,0.0,22.16,1.38,0.0
20230619:0010,0.0,0.0,0.0,21.63,1.38,0.0
20230619:0110,0.0,0.0,0.0,20.67,1.31,0.0
20230619:0210,0.0,0.0,0.0,21.84,0.55,0.0
20230619:0310,0.0,0.0,0.0,20.61,0.76,0.0
20230619:0410,0.0,0.0,0.0,18.91,1.1,0.0
20230619:0510,4.81,15.39,3.5,18.36,1.1,0.0
20230619:0610,11.38,25.54,13.97,18.72,0.97,0.0
20230619:0710,148.94,194.86,25.01,20.48,1.66,0.0
20230619:0810,157.63,203.1,36.36,21.72,2.34,0.0
20230619:0910,200.97,254.63,47.74,22.29,2.28,0.0
20230619:1010,575.38,721.32,58.71,23.57,2.14,0.0
20230619:1110,748.23,966.86,68.16,25.71,2.28,0.0
20230619:1210,800.65,1047.3,72.99,27.49,2.69,0.0
20230619:1310,752.22,979.38,69.5,28.69,2.9,0.0
20230619:1410,688.25,877.03,60.55,28.89,3.86,0.0
20230619:1510,487.24,602.3,49.74,25.21,3.86,0.0
20230619:1610,172.18,223.92,38.39,25.97,3.03,0.0
20230619:1710,119.71,162.19,27.01,26.2,2.48,0.0
20230619:1810,41.85,67.16,15.9,26.12,2.0,0.0
20230619:1910,8.43,21.72,5.31,26.03,1.66,0.0
20230619:2010,0.0,0.0,0.0,24.53,1.86,0.0
20230619:2110,0.0,0.0,0.0,23.47,1.86,0.0
20230619:2210,0.0,0.0,0.0,22.89,2.14,0.0
20230619:2310,0.0,0.0,0.0,22.07,2.21,0.0
20230620:0010,0.0,0.0,0.0,21.2,1.86,0.0
20230620:0110,0.0,0.0,0.0,20.49,1.79,0.0
20230620:0210,0.0,0.0,0.0,19.71,1.72,0.0
20230620:0310,0.0,0.0,0.0,18.97,1.52,0.0
20230620:0410,0.0,0.0,0.0,18.54,1.52,0.0
20230620:0510,4.29,14.48,3.47,18.14,1.52,0.0
20230620:0610,60.12,94.17,13.94,19.11,1.45,0.0
20230620:0710,200.55,272.71,24.97,20.5,2.55,0.0
20230620:0810,403.14,497.67,36.33,21.81,2.9,0.0
20230620:0910,556.6,683.09,47.71,22.93,3.31,0.0
20230620:1010,653.1,808.37,58.68,24.09,4.07,0.0
20230620:1110,431.07,534.06,68.14,24.73,3.93,0.0
20230620:1210,707.77,894.6,73.0,25.42,3.66,0.0
20230620:1310,704.4,892.29,69.53,26.12,3.66,0.0
20230620:1410,560.08,702.87,60.59,26.76,3.66,0.0
20230620:1510,498.31,623.27,49.79,26.94,3.45,0.0
20230620:1610,247.83,315.8,38.44,27.09,3.31,0.0
20230620:1710,141.29,188.8,27.06,26.76,3.24,0.0
20230620:1810,66.66,115.87,15.94,25.8,3.17,0.0
20230620:1910,9.09,22.63,5.35,24.41,2.34,0.0
20230620:2010,0.0,0.0,0.0,22.99,1.86,0.0
20230620:2110,0.0,0.0,0.0,21.73,1.66,0.0
20230620:2210,0.0,0.0,0.0,20.61,1.59,0.0
20230620:2310,0.0,0.0,0.0,19.83,1.52,0.0
20230621:0010,0.0,0.0,0.0,19.23,1.31,0.0
20230621:0110,0.0,0.0,0.0,19.48,0.83,0.0
20230621:0210,0.0,0.0,0.0,19.97,0.28,0.0
20230621:0310,0.0,0.0,0.0,19.27,0.55,0.0
20230621:0410,0.0,0.0,0.0,17.73,1.03,0.0
20230621:0510,2.77,11.77,3.44,17.98,0.62,0.0
20230621:0610,45.08,69.21,13.9,17.62,0.76,0.0
20230621:0710,186.03,247.87,24.94,20.35,0.41,0.0
20230621:0810,196.38,251.29,36.29,22.5,0.69,0.0
20230621:0910,541.73,690.07,47.67,24.06,0.69,0.0
20230621:1010,622.8,816.39,58.64,25.37,0.41,0.0
20230621:1110,585.51,760.09,68.12,26.63,1.17,0.0
20230621:1210,520.15,670.91,73.0,27.57,1.52,0.0
20230621:1310,451.78,579.12,69.56,28.38,1.93,0.0
20230621:1410,448.13,573.68,60.63,27.81,1.59,0.0
20230621:1510,341.19,434.94,49.83,27.81,1.72,0.0
20230621:1610,79.03,112.57,38.48,25.77,3.79,0.0
20230621:1710,16.97,34.06,27.1,24.21,3.1,0.0
20230621:1810,9.16,22.7,15.98,24.21,2.21,0.0
20230621:1910,0.0,4.53,5.39,23.05,2.76,0.0
20230621:2010,0.0,0.0,0.0,21.72,3.17,0.0
20230621:2110,0.0,0.0,0.0,20.56,2.48,0.0
20230621:2210,0.0,0.0,0.0,19.69,1.72,0.0
20230621:2310,0.0,0.0,0.0,19.11,1.66,0.0
20230622:0010,0.0,0.0,0.0,18.47,1.52,0.0
20230622:0110,0.0,0.0,0.0,17.82,1.45,0.0
20230622:0210,0.0,0.0,0.0,16.96,1.38,0.0
20230622:0310,0.0,0.0,0.0,16.48,0.97,0.0
20230622:0410,0.0,0.0,0.0,15.98,0.76,0.0
20230622:0510,5.45,16.29,3.41,15.6,0.83,0.0
20230622:0610,39.8,78.07,13.86,16.28,0.76,0.0
20230622:0710,204.54,278.54,24.9,17.64,1.17,0.0
20230622:0810,405.68,502.61,36.25,19.26,1.03,0.0
20230622:0910,574.27,720.67,47.63,20.99,0.83,0.0
20230622:1010,694.66,904.91,58.61,22.72,0.55,0.0
20230622:1110,748.09,1011.28,68.09,24.55,0.21,0.0
20230622:1210,750.66,1017.46,73.0,25.8,0.41,0.0
20230622:1310,728.7,988.66,69.59,26.62,0.34,0.0
20230622:1410,672.55,909.99,60.67,27.41,0.07,0.0
20230622:1510,566.27,745.96,49.87,28.31,0.34,0.0
20230622:1610,364.42,472.12,38.52,28.6,0.62,0.0
20230622:1710,226.68,312.39,27.14,28.61,0.9,0.0
20230622:1810,58.93,112.85,16.02,28.28,1.24,0.0
20230622:1910,13.14,28.96,5.43,27.12,1.1,0.0
20230622:2010,0.0,0.0,0.0,25.91,1.45,0.0
20230622:2110,0.0,0.0,0.0,24.0,1.45,0.0
20230622:2210,0.0,0.0,0.0,23.2,1.03,0.0
20230622:2310,0.0,0.0,0.0,24.23,0.28,0.0
20230623:0010,0.0,0.0,0.0,23.73,0.76,0.0
20230623:0110,0.0,0.0,0.0,20.59,2.07,0.0
20230623:0210,0.0,0.0,0.0,19.61,2.69,0.0
20230623:0310,0.0,0.0,0.0,19.05,2.9,0.0
20230623:0410,0.0,0.0,0.0,18.45,2.83,0.0
20230623:0510,5.93,17.2,3.36,18.05,2.69,0.0
20230623:0610,43.74,81.48,13.82,18.57,2.28,0.0
20230623:0710,199.8,274.07,24.85,20.9,2.21,0.0
20230623:0810,395.54,494.96,36.2,23.4,2.14,0.0
20230623:0910,557.61,705.27,47.59,25.63,1.79,0.0
20230623:1010,675.75,883.62,58.56,27.55,1.45,0.0
20230623:1110,724.49,969.83,68.05,29.02,1.31,0.0
20230623:1210,740.67,1006.18,72.98,30.13,1.17,0.0
20230623:1310,719.29,977.53,69.6,30.81,1.1,0.0
20230623:1410,660.12,887.55,60.7,31.45,1.1,0.0
20230623:1510,561.85,743.62,49.9,31.76,1.03,0.0
20230623:1610,342.24,449.05,38.56,31.78,0.9,0.0
20230623:1710,227.12,318.79,27.17,31.66,0.83,0.0
20230623:1810,56.84,112.86,16.05,31.23,0.83,0.0
20230623:1910,13.55,29.87,5.46,29.85,1.03,0.0
20230623:2010,0.0,0.0,0.0,28.75,0.76,0.0
20230623:2110,0.0,0.0,0.0,27.6,0.76,0.0
20230623:2210,0.0,0.0,0.0,25.62,1.03,0.0
20230623:2310,0.0,0.0,0.0,23.35,1.59,0.0
20230624:0010,0.0,0.0,0.0,21.98,1.66,0.0
20230624:0110,0.0,0.0,0.0,20.72,1.52,0.0
20230624:0210,0.0,0.0,0.0,20.29,1.72,0.0
20230624:0310,0.0,0.0,0.0,19.86,1.86,0.0
20230624:0410,0.0,0.0,0.0,19.07,1.86,0.0
20230624:0510,5.34,16.29,3.32,18.89,1.86,0.0
20230624:0610,40.4,78.33,13.77,19.2,1.59,0.0
20230624:0710,197.24,273.96,24.8,22.27,1.59,0.0
20230624:0810,390.82,493.99,36.15,24.47,1.59,0.0
20230624:0910,546.59,700.7,47.54,26.67,1.17,0.0
20230624:1010,659.85,876.73,58.52,28.77,0.9,0.0
20230624:1110,726.77,994.3,68.01,30.56,0.83,0.0
20230624:1210,752.41,1043.41,72.97,31.91,0.9,0.0
20230624:1310,722.76,1004.33,69.61,32.85,0.76,0.0
20230624:1410,671.63,929.16,60.72,33.57,0.55,0.0
20230624:1510,563.18,765.96,49.93,34.02,0.34,0.0
20230624:1610,393.84,529.14,38.59,34.22,0.21,0.0
20230624:1710,223.68,318.29,27.2,34.12,0.48,0.0
20230624:1810,55.08,112.96,16.08,33.61,0.97,0.0
20230624:1910,13.38,29.87,5.48,32.04,1.1,0.0
20230624:2010,0.0,0.0,0.0,30.64,1.86,0.0
20230624:2110,0.0,0.0,0.0,28.42,2.0,0.0
20230624:2210,0.0,0.0,0.0,26.69,1.79,0.0
20230624:2310,0.0,0.0,0.0,25.38,1.45,0.0
20230625:0010,0.0,0.0,0.0,26.24,0.83,0.0
20230625:0110,0.0,0.0,0.0,26.47,0.28,0.0
20230625:0210,0.0,0.0,0.0,25.85,0.48,0.0
20230625:0310,0.0,0.0,0.0,23.54,1.1,0.0
20230625:0410,0.0,0.0,0.0,21.66,1.52,0.0
20230625:0510,5.29,16.29,3.27,20.5,1.45,0.0
20230625:0610,39.08,77.19,13.72,21.05,1.1,0.0
20230625:0710,192.64,271.04,24.75,24.6,0.97,0.0
20230625:0810,378.79,489.28,36.1,27.77,1.03,0.0
20230625:0910,533.73,696.91,47.49,30.39,1.17,0.0
20230625:1010,646.78,868.93,58.46,32.44,1.24,0.0
20230625:1110,721.14,990.34,67.97,34.09,1.45,0.0
20230625:1210,741.84,1029.21,72.94,35.4,1.59,0.0
20230625:1310,725.64,1006.59,69.62,36.33,1.66,0.0
20230625:1410,671.89,921.53,60.75,36.86,1.72,0.0
20230625:1510,560.59,752.38,49.96,37.35,2.07,0.0
20230625:1610,394.57,525.45,38.61,37.67,2.62,0.0
20230625:1710,202.64,280.08,27.23,35.84,4.21,0.0
20230625:1810,71.51,109.75,16.11,32.78,3.79,0.0
20230625:1910,2.51,11.77,5.5,31.18,2.34,0.0
20230625:2010,0.0,0.0,0.0,29.71,1.79,0.0
20230625:2110,0.0,0.0,0.0,28.11,2.41,0.0
20230625:2210,0.0,0.0,0.0,26.78,2.9,0.0
20230625:2310,0.0,0.0,0.0,25.68,2.34,0.0
20230626:0010,0.0,0.0,0.0,24.59,1.79,0.0
20230626:0110,0.0,0.0,0.0,23.74,1.86,0.0
20230626:0210,0.0,0.0,0.0,22.93,1.86,0.0
20230626:0310,0.0,0.0,0.0,22.19,1.79,0.0
20230626:0410,0.0,0.0,0.0,21.63,1.72,0.0
20230626:0510,5.28,16.29,3.21,20.85,1.72,0.0
20230626:0610,42.04,79.34,13.66,21.21,1.38,0.0
20230626:0710,191.95,269.38,24.7,24.77,1.59,0.0
20230626:0810,381.66,489.23,36.05,27.42,1.66,0.0
20230626:0910,534.86,693.38,47.43,29.61,1.38,0.0
20230626:1010,642.3,865.16,58.41,31.7,0.9,0.0
20230626:1110,699.54,981.42,67.92,33.66,0.41,0.0
20230626:1210,731.85,1035.65,72.91,35.29,0.76,0.0
20230626:1310,722.91,1001.78,69.62,36.51,1.72,0.0
20230626:1410,643.55,875.35,60.76,37.18,2.07,0.0
20230626:1510,564.11,757.38,49.98,37.52,2.14,0.0
20230626:1610,396.27,528.93,38.64,37.58,2.28,0.0
20230626:1710,221.48,315.2,27.25,37.24,2.41,0.0
20230626:1810,53.33,113.62,16.13,36.38,2.34,0.0
20230626:1910,13.83,30.77,5.52,34.07,1.66,0.0
20230626:2010,0.0,0.0,0.0,32.27,1.31,0.0
20230626:2110,0.0,0.0,0.0,30.44,1.52,0.0
20230626:2210,0.0,0.0,0.0,28.38,1.79,0.0
20230626:2310,0.0,0.0,0.0,26.39,1.66,0.0
20230627:0010,0.0,0.0,0.0,25.76,2.14,0.0
20230627:0110,0.0,0.0,0.0,25.15,2.9,0.0
20230627:0210,0.0,0.0,0.0,24.32,3.03,0.0
20230627:0310,0.0,0.0,0.0,23.58,2.9,0.0
20230627:0410,0.0,0.0,0.0,22.89,2.69,0.0
20230627:0510,3.66,13.58,3.15,22.3,2.48,0.0
20230627:0610,56.19,91.02,13.6,22.61,2.21,0.0
20230627:0710,189.52,260.99,24.64,24.51,2.0,0.0
20230627:0810,369.63,472.06,35.99,26.65,1.59,0.0
20230627:0910,525.15,680.24,47.37,28.76,1.1,0.0
20230627:1010,641.1,866.34,58.35,30.84,0.55,0.0
20230627:1110,708.87,993.91,67.86,32.8,0.34,0.0
20230627:1210,749.19,1039.09,72.87,34.51,1.45,0.0
20230627:1310,729.64,1000.13,69.61,35.42,2.0,0.0
20230627:1410,671.89,912.52,60.77,36.02,2.0,0.0
20230627:1510,542.28,725.67,50.0,36.36,1.79,0.0
20230627:1610,378.41,503.8,38.66,36.3,1.79,0.0
20230627:1710,207.6,290.2,27.27,36.08,1.86,0.0
20230627:1810,75.1,121.81,16.14,35.33,1.86,0.0
20230627:1910,12.65,28.96,5.53,33.87,1.93,0.0
20230627:2010,0.0,0.0,0.0,31.86,2.28,0.0
20230627:2110,0.0,0.0,0.0,29.98,2.41,0.0
20230627:2210,0.0,0.0,0.0,28.61,2.55,0.0
20230627:2310,0.0,0.0,0.0,27.59,2.76,0.0
20230628:0010,0.0,0.0,0.0,26.46,2.83,0.0
20230628:0110,0.0,0.0,0.0,25.51,2.69,0.0
20230628:0210,0.0,0.0,0.0,24.65,2.55,0.0
20230628:0310,0.0,0.0,0.0,23.98,2.34,0.0
20230628:0410,0.0,0.0,0.0,23.31,2.28,0.0
20230628:0510,0.0,5.43,3.09,22.68,2.14,0.0
20230628:0610,57.6,88.08,13.54,22.95,1.79,0.0
20230628:0710,185.47,254.05,24.57,24.41,1.86,0.0
20230628:0810,365.35,465.18,35.92,26.41,1.79,0.0
20230628:0910,524.1,673.97,47.31,28.37,1.45,0.0
20230628:1010,644.44,858.71,58.29,30.29,1.03,0.0
20230628:1110,699.91,974.85,67.8,32.12,0.34,0.0
20230628:1210,746.84,1030.17,72.82,33.71,1.45,0.0
20230628:1310,708.3,964.4,69.6,34.82,2.0,0.0
20230628:1410,663.51,895.01,60.78,35.5,2.14,0.0
20230628:1510,542.51,720.49,50.01,35.81,2.14,0.0
20230628:1610,377.73,500.01,38.67,35.79,2.14,0.0
20230628:1710,214.82,299.43,27.29,35.61,2.76,0.0
20230628:1810,75.41,123.36,16.15,32.75,2.76,0.0
20230628:1910,12.7,28.96,5.54,33.2,2.55,0.0
20230628:2010,0.0,0.0,0.0,31.79,2.62,0.0
20230628:2110,0.0,0.0,0.0,30.13,2.21,0.0
20230628:2210,0.0,0.0,0.0,28.81,2.14,0.0
20230628:2310,0.0,0.0,0.0,27.46,1.93,0.0
20230629:0010,0.0,0.0,0.0,26.34,1.93,0.0
20230629:0110,0.0,0.0,0.0,25.42,2.14,0.0
20230629:0210,0.0,0.0,0.0,24.37,2.21,0.0
20230629:0310,0.0,0.0,0.0,23.48,2.07,0.0
20230629:0410,0.0,0.0,0.0,22.69,1.86,0.0
20230629:0510,3.67,13.58,3.02,21.93,1.66,0.0
20230629:0610,51.18,86.33,13.47,22.08,1.24,0.0
20230629:0710,189.0,263.52,24.51,24.4,1.1,0.0
20230629:0810,373.0,479.92,35.86,26.54,0.83,0.0
20230629:0910,524.57,691.28,47.24,28.67,0.14,0.0
20230629:1010,651.25,871.85,58.22,30.89,1.03,0.0
20230629:1110,732.75,984.45,67.73,32.9,2.28,0.0
20230629:1210,766.37,1029.61,72.77,34.36,3.17,0.0
20230629:1310,747.87,996.92,69.58,35.44,3.93,0.0
20230629:1410,687.39,905.56,60.78,35.89,4.34,0.0
20230629:1510,573.2,744.13,50.02,36.18,4.9,0.0
20230629:1610,401.7,521.37,38.68,35.54,5.1,0.0
20230629:1710,223.96,309.96,27.29,34.73,4.9,0.0
20230629:1810,70.21,121.83,16.16,32.45,4.83,0.0
20230629:1910,13.63,29.87,5.54,29.14,5.17,0.0
20230629:2010,0.0,0.0,0.0,27.16,4.97,0.0
20230629:2110,0.0,0.0,0.0,25.34,5.31,0.0
20230629:2210,0.0,0.0,0.0,23.66,5.31,0.0
20230629:2310,0.0,0.0,0.0,22.19,5.1,0.0
20230630:0010,0.0,0.0,0.0,21.04,4.9,0.0
20230630:0110,0.0,0.0,0.0,20.12,4.48,0.0
20230630:0210,0.0,0.0,0.0,19.41,4.21,0.0
20230630:0310,0.0,0.0,0.0,18.81,4.0,0.0
20230630:0410,0.0,0.0,0.0,18.34,3.79,0.0
20230630:0510,4.3,14.48,2.95,17.92,3.59,0.0
20230630:0610,38.05,74.02,13.4,17.99,4.0,0.0
20230630:0710,198.86,269.81,24.44,18.65,4.28,0.0
20230630:0810,401.43,488.92,35.79,20.16,4.07,0.0
20230630:0910,573.8,698.93,47.17,22.04,3.79,0.0
20230630:1010,702.36,876.23,58.15,23.97,3.52,0.0
20230630:1110,0.0,0.0,0.0,25.71,3.17,0.0
20230630:1210,795.77,1035.32,72.71,27.15,2.9,0.0
20230630:1310,770.55,1008.8,69.55,28.26,2.62,0.0
20230630:1410,705.02,916.15,60.77,29.11,2.62,0.0
20230630:1510,590.68,756.97,50.02,29.62,2.69,0.0
20230630:1610,423.17,540.98,38.69,29.78,2.76,0.0
20230630:1710,237.34,324.22,27.3,29.5,2.97,0.0
20230630:1810,60.06,116.88,16.16,28.89,3.24,0.0
20230630:1910,13.11,28.96,5.53,27.76,3.59,0.0
20230630:2010,0.0,0.0,0.0,26.13,3.79,0.0
20230630:2110,0.0,0.0,0.0,24.65,3.86,0.0
20230630:2210,0.0,0.0,0.0,23.49,3.72,0.0
20230630:2310,0.0,0.0,0.0,22.57,3.45,0.0
20230701:0010,0.0,0.0,0.0,21.73,3.1,0.0
20230701:0110,0.0,0.0,0.0,20.94,2.76,0.0
20230701:0210,0.0,0.0,0.0,20.2,2.48,0.0
20230701:0310,0.0,0.0,0.0,19.57,2.34,0.0
20230701:0410,0.0,0.0,0.0,19.03,2.21,0.0
20230701:0510,3.76,13.58,2.88,18.58,2.14,0.0
20230701:0610,32.81,68.7,13.33,18.93,2.21,0.0
20230701:0710,193.33,266.65,24.37,19.98,2.62,0.0
20230701:0810,392.53,485.98,35.72,21.78,2.62,0.0
20230701:0910,560.46,696.64,47.1,23.62,2.34,0.0
20230701:1010,671.74,860.54,58.07,25.45,1.86,0.0
20230701:1110,741.52,978.12,67.58,27.18,1.59,0.0
20230701:1210,753.61,1011.95,72.64,28.76,1.38,0.0
20230701:1310,734.25,990.73,69.52,30.11,1.31,0.0
20230701:1410,678.85,909.43,60.76,31.17,1.31,0.0
20230701:1510,573.8,756.05,50.02,31.85,1.38,0.0
20230701:1610,412.31,539.37,38.69,32.13,1.45,0.0
20230701:1710,230.56,322.05,27.3,32.14,1.59,0.0
20230701:1810,56.14,114.3,16.16,31.66,1.79,0.0
20230701:1910,12.84,28.96,5.52,31.22,1.52,0.0
20230701:2010,0.0,0.0,0.0,29.77,1.72,0.0
20230701:2110,0.0,0.0,0.0,28.34,2.0,0.0
20230701:2210,0.0,0.0,0.0,27.11,2.41,0.0
20230701:2310,0.0,0.0,0.0,26.17,3.1,0.0
20230702:0010,0.0,0.0,0.0,25.07,3.59,0.0
20230702:0110,0.0,0.0,0.0,23.9,3.52,0.0
20230702:0210,0.0,0.0,0.0,22.95,3.38,0.0
20230702:0310,0.0,0.0,0.0,22.23,3.24,0.0
20230702:0410,0.0,0.0,0.0,21.59,3.1,0.0
20230702:0510,3.19,12.67,2.8,21.08,2.9,0.0
20230702:0610,34.6,70.1,13.25,21.36,2.69,0.0
20230702:0710,188.55,263.42,24.29,22.47,2.69,0.0
20230702:0810,383.17,481.08,35.64,24.44,2.48,0.0
20230702:0910,541.08,683.13,47.03,26.49,2.14,0.0
20230702:1010,653.3,852.98,58.0,28.54,1.59,0.0
20230702:1110,712.87,959.16,67.5,29.91,1.17,0.0
20230702:1210,714.8,987.47,72.57,31.41,0.62,0.0
20230702:1310,667.47,924.14,69.48,32.57,0.41,0.0
20230702:1410,594.75,805.9,60.75,33.3,0.76,0.0
20230702:1510,485.61,646.19,50.02,33.93,0.97,0.0
20230702:1610,398.88,530.16,38.69,33.96,0.83,0.0
20230702:1710,212.45,293.94,27.3,33.75,2.0,0.0
20230702:1810,54.45,113.71,16.15,31.21,3.86,0.0
20230702:1910,12.32,28.06,5.51,30.18,2.34,0.0
20230702:2010,0.0,0.0,0.0,28.93,1.38,0.0
20230702:2110,0.0,0.0,0.0,27.43,1.31,0.0
20230702:2210,0.0,0.0,0.0,26.33,1.52,0.0
20230702:2310,0.0,0.0,0.0,25.38,1.45,0.0
20230703:0010,0.0,0.0,0.0,24.57,1.45,0.0
20230703:0110,0.0,0.0,0.0,24.14,1.72,0.0
20230703:0210,0.0,0.0,0.0,23.29,2.0,0.0
20230703:0310,0.0,0.0,0.0,22.73,2.21,0.0
20230703:0410,0.0,0.0,0.0,22.17,2.28,0.0
20230703:0510,1.78,9.96,2.71,21.74,2.21,0.0
20230703:0610,56.32,88.18,13.17,22.09,2.0,0.0
20230703:0710,182.83,252.23,24.21,23.86,1.93,0.0
20230703:0810,376.57,480.47,35.56,26.13,1.52,0.0
20230703:0910,527.82,684.75,46.95,28.28,0.83,0.0
20230703:1010,644.78,859.55,57.91,30.47,1.03,0.0
20230703:1110,725.53,961.89,67.41,32.63,2.9,0.0
20230703:1210,720.02,944.83,72.49,33.81,4.41,0.0
20230703:1310,733.69,964.07,69.43,34.66,4.69,0.0
20230703:1410,662.26,862.72,60.72,35.2,4.97,0.0
20230703:1510,580.59,750.01,50.0,35.54,5.1,0.0
20230703:1610,413.01,535.16,38.68,35.52,5.24,0.0
20230703:1710,229.3,319.75,27.29,35.05,5.03,0.0
20230703:1810,61.3,117.6,16.14,34.13,4.55,0.0
20230703:1910,12.7,28.96,5.49,33.21,2.76,0.0
20230703:2010,0.0,0.0,0.0,31.22,1.93,0.0
20230703:2110,0.0,0.0,0.0,29.53,2.0,0.0
20230703:2210,0.0,0.0,0.0,27.69,1.66,0.0
20230703:2310,0.0,0.0,0.0,27.69,0.97,0.0
20230704:0010,0.0,0.0,0.0,24.87,1.45,0.0
20230704:0110,0.0,0.0,0.0,23.55,1.52,0.0
20230704:0210,0.0,0.0,0.0,22.23,1.31,0.0
20230704:0310,0.0,0.0,0.0,21.62,1.1,0.0
20230704:0410,0.0,0.0,0.0,21.33,0.9,0.0
20230704:0510,3.18,12.67,2.63,21.58,0.55,0.0
20230704:0610,33.92,69.1,13.09,21.59,0.14,0.0
20230704:0710,186.86,265.32,24.13,23.19,0.28,0.0
20230704:0810,377.72,486.18,35.48,25.61,0.48,0.0
20230704:0910,538.11,693.5,46.86,27.67,1.1,0.0
20230704:1010,656.09,862.29,57.83,29.53,1.59,0.0
20230704:1110,728.96,969.82,67.32,31.09,2.21,0.0
20230704:1210,760.79,1021.28,72.4,32.38,2.48,0.0
20230704:1310,744.45,1000.11,69.38,33.36,2.55,0.0
20230704:1410,690.22,919.76,60.7,34.05,2.62,0.0
20230704:1510,576.27,756.54,49.99,34.48,2.69,0.0
20230704:1610,413.24,541.17,38.67,34.57,2.69,0.0
20230704:1710,230.38,322.28,27.27,34.35,2.69,0.0
20230704:1810,61.69,118.72,16.12,33.75,2.69,0.0
20230704:1910,13.36,29.87,5.47,32.44,2.55,0.0
20230704:2010,0.0,0.0,0.0,30.5,2.0,0.0
20230704:2110,0.0,0.0,0.0,28.53,2.0,0.0
20230704:2210,0.0,0.0,0.0,26.88,2.07,0.0
20230704:2310,0.0,0.0,0.0,25.56,2.14,0.0
20230705:0010,0.0,0.0,0.0,24.87,2.28,0.0
20230705:0110,0.0,0.0,0.0,23.95,2.21,0.0
20230705:0210,0.0,0.0,0.0,22.76,2.07,0.0
20230705:0310,0.0,0.0,0.0,21.46,1.86,0.0
20230705:0410,0.0,0.0,0.0,20.57,2.07,0.0
20230705:0510,2.73,11.77,2.54,19.94,2.34,0.0
20230705:0610,37.02,71.48,13.0,20.15,2.28,0.0
20230705:0710,0.0,0.0,0.0,21.85,2.41,0.0
20230705:0810,384.53,482.32,35.4,24.07,2.41,0.0
20230705:0910,542.12,686.47,46.78,26.33,1.93,0.0
20230705:1010,640.15,847.3,57.74,28.3,0.83,0.0
20230705:1110,481.97,637.77,67.23,29.8,0.34,0.0
20230705:1210,678.43,908.32,72.31,31.34,1.72,0.0
20230705:1310,618.17,813.24,69.32,32.38,2.69,0.0
20230705:1410,689.41,909.77,60.67,32.62,2.76,0.0
20230705:1510,72.23,107.84,49.97,33.24,3.1,0.0
20230705:1610,72.3,107.84,38.65,33.03,3.03,0.0
20230705:1710,233.18,321.98,27.25,32.36,2.69,0.0
20230705:1810,64.18,120.33,16.1,31.64,2.48,0.0
20230705:1910,13.44,29.87,5.44,31.36,2.14,0.0
20230705:2010,0.0,0.0,0.0,29.62,2.0,0.0
20230705:2110,0.0,0.0,0.0,28.15,1.93,0.0
20230705:2210,0.0,0.0,0.0,27.11,1.72,0.0
20230705:2310,0.0,0.0,0.0,25.9,1.38,0.0
20230706:0010,0.0,0.0,0.0,25.21,1.52,0.0
20230706:0110,0.0,0.0,0.0,24.59,1.66,0.0
20230706:0210,0.0,0.0,0.0,23.22,1.79,0.0
20230706:0310,0.0,0.0,0.0,22.42,1.79,0.0
20230706:0410,0.0,0.0,0.0,22.03,1.66,0.0
20230706:0510,2.23,10.86,2.44,21.35,1.59,0.0
20230706:0610,48.97,81.77,12.91,21.74,1.45,0.0
20230706:0710,171.11,230.82,23.96,23.3,1.31,0.0
20230706:0810,326.91,415.02,35.31,25.37,1.52,0.0
20230706:0910,535.74,685.6,46.69,27.51,1.52,0.0
20230706:1010,645.94,843.86,57.65,29.47,1.86,0.0
20230706:1110,726.48,958.91,67.12,31.15,2.69,0.0
20230706:1210,770.89,1021.88,72.21,32.46,3.38,0.0
20230706:1310,753.27,995.63,69.25,33.36,3.72,0.0
20230706:1410,692.38,906.5,60.63,33.89,3.93,0.0
20230706:1510,577.78,747.05,49.94,34.15,4.07,0.0
20230706:1610,418.51,539.42,38.63,33.66,4.41,0.0
20230706:1710,234.74,323.47,27.23,32.21,3.59,0.0
20230706:1810,60.66,118.17,16.07,32.24,3.38,0.0
20230706:1910,11.66,27.15,5.4,31.09,3.03,0.0
20230706:2010,0.0,0.0,0.0,29.51,2.0,0.0
20230706:2110,0.0,0.0,0.0,27.72,1.45,0.0
20230706:2210,0.0,0.0,0.0,26.35,1.31,0.0
20230706:2310,0.0,0.0,0.0,26.56,0.69,0.0
20230707:0010,0.0,0.0,0.0,23.95,1.52,0.0
20230707:0110,0.0,0.0,0.0,22.65,2.07,0.0
20230707:0210,0.0,0.0,0.0,22.42,2.34,0.0
20230707:0310,0.0,0.0,0.0,21.81,2.41,0.0
20230707:0410,0.0,0.0,0.0,21.27,2.34,0.0
20230707:0510,1.36,9.05,2.34,20.78,2.14,0.0
20230707:0610,38.57,72.1,12.82,21.09,1.72,0.0
20230707:0710,186.69,260.81,23.86,22.62,2.34,0.0
20230707:0810,379.04,478.28,35.22,24.52,1.93,0.0
20230707:0910,535.5,682.6,46.6,26.56,1.45,0.0
20230707:1010,652.09,859.51,57.55,28.67,1.17,0.0
20230707:1110,720.26,967.02,67.02,30.49,1.52,0.0
20230707:1210,689.6,919.31,72.1,32.5,2.41,0.0
20230707:1310,489.79,638.41,69.18,33.71,3.31,0.0
20230707:1410,595.89,776.89,60.59,33.94,3.79,0.0
20230707:1510,592.36,768.62,49.91,34.43,3.93,0.0
20230707:1610,390.76,507.27,38.6,34.74,4.21,0.0
20230707:1710,232.89,323.18,27.2,34.4,4.48,0.0
20230707:1810,60.96,118.71,16.04,33.6,4.28,0.0
20230707:1910,13.43,29.87,5.36,31.62,3.38,0.0
20230707:2010,0.0,0.0,0.0,29.86,2.83,0.0
20230707:2110,0.0,0.0,0.0,28.38,2.34,0.0
20230707:2210,0.0,0.0,0.0,27.12,2.07,0.0
20230707:2310,0.0,0.0,0.0,25.94,2.0,0.0
20230708:0010,0.0,0.0,0.0,24.74,2.0,0.0
20230708:0110,0.0,0.0,0.0,23.49,1.86,0.0
20230708:0210,0.0,0.0,0.0,22.53,1.93,0.0
20230708:0310,0.0,0.0,0.0,21.6,1.93,0.0
20230708:0410,0.0,0.0,0.0,20.6,1.72,0.0
20230708:0510,1.81,9.96,2.24,19.71,1.59,0.0
20230708:0610,31.39,64.87,12.72,19.82,1.24,0.0
20230708:0710,187.53,264.0,23.77,22.87,1.72,0.0
20230708:0810,382.01,483.03,35.13,25.22,2.14,0.0
20230708:0910,545.77,689.01,46.51,27.38,2.69,0.0
20230708:1010,675.28,867.41,57.45,29.01,3.1,0.0
20230708:1110,744.14,971.06,66.91,30.23,3.31,0.0
20230708:1210,783.86,1034.25,71.99,31.24,3.38,0.0
20230708:1310,767.07,1014.2,69.1,32.01,3.31,0.0
20230708:1410,707.51,928.69,60.54,32.61,3.31,0.0
20230708:1510,587.43,761.39,49.88,32.96,3.24,0.0
20230708:1610,425.06,550.46,38.57,33.05,3.17,0.0
20230708:1710,237.53,328.94,27.17,32.79,3.1,0.0
20230708:1810,59.3,118.28,16.0,32.12,3.03,0.0
20230708:1910,11.7,27.15,5.32,30.54,3.03,0.0
20230708:2010,0.0,0.0,0.0,28.89,2.55,0.0
20230708:2110,0.0,0.0,0.0,27.34,2.34,0.0
20230708:2210,0.0,0.0,0.0,25.99,2.14,0.0
20230708:2310,0.0,0.0,0.0,24.76,1.93,0.0
20230709:0010,0.0,0.0,0.0,23.54,1.72,0.0
20230709:0110,0.0,0.0,0.0,22.63,1.66,0.0
20230709:0210,0.0,0.0,0.0,21.48,1.59,0.0
20230709:0310,0.0,0.0,0.0,20.4,1.31,0.0
20230709:0410,0.0,0.0,0.0,19.97,1.03,0.0
20230709:0510,0.57,7.24,2.14,20.0,0.83,0.0
20230709:0610,32.74,65.81,12.62,20.32,0.48,0.0
20230709:0710,184.35,260.79,23.68,22.42,0.28,0.0
20230709:0810,361.55,462.46,35.04,25.03,0.69,0.0
20230709:0910,526.28,675.0,46.41,27.43,1.31,0.0
20230709:1010,499.76,644.25,57.35,29.46,1.93,0.0
20230709:1110,623.33,818.86,66.79,31.15,2.28,0.0
20230709:1210,763.82,1024.8,71.87,32.55,2.62,0.0
20230709:1310,745.83,999.68,69.02,33.62,2.83,0.0
20230709:1410,687.92,914.58,60.48,34.37,2.9,0.0
20230709:1510,574.77,754.75,49.84,34.77,2.83,0.0
20230709:1610,418.38,548.72,38.53,34.87,2.69,0.0
20230709:1710,233.06,326.69,27.13,34.69,2.28,0.0
20230709:1810,59.6,118.71,15.96,34.11,1.86,0.0
20230709:1910,12.72,28.96,5.27,32.84,1.31,0.0
20230709:2010,0.0,0.0,0.0,31.22,1.72,0.0
20230709:2110,0.0,0.0,0.0,29.46,1.79,0.0
20230709:2210,0.0,0.0,0.0,27.7,1.79,0.0
20230709:2310,0.0,0.0,0.0,25.81,1.31,0.0
20230710:0010,0.0,0.0,0.0,25.21,0.9,0.0
20230710:0110,0.0,0.0,0.0,23.88,0.97,0.0
20230710:0210,0.0,0.0,0.0,22.49,1.24,0.0
20230710:0310,0.0,0.0,0.0,21.52,1.45,0.0
20230710:0410,0.0,0.0,0.0,20.8,1.59,0.0
20230710:0510,0.56,7.24,2.03,20.52,1.72,0.0
20230710:0610,32.93,65.37,12.52,20.97,1.52,0.0
20230710:0710,182.19,258.61,23.58,23.93,1.38,0.0
20230710:0810,369.27,474.65,34.94,27.26,1.38,0.0
20230710:0910,527.43,687.21,46.31,29.91,1.1,0.0
20230710:1010,635.31,861.02,57.24,32.18,0.69,0.0
20230710:1110,683.29,964.68,66.67,34.2,0.21,0.0
20230710:1210,728.76,1027.97,71.75,35.91,0.97,0.0
20230710:1310,719.65,1002.83,68.93,37.28,1.66,0.0
20230710:1410,661.75,903.49,60.42,38.24,2.34,0.0
20230710:1510,552.27,740.47,49.79,38.72,2.69,0.0
20230710:1610,400.55,536.21,38.49,38.86,2.62,0.0
20230710:1710,223.98,319.25,27.09,38.57,2.14,0.0
20230710:1810,65.3,121.38,15.91,38.04,1.86,0.0
20230710:1910,11.86,28.06,5.21,36.56,1.38,0.0
20230710:2010,0.0,0.0,0.0,34.71,1.52,0.0
20230710:2110,0.0,0.0,0.0,32.67,1.72,0.0
20230710:2210,0.0,0.0,0.0,30.57,1.45,0.0
20230710:2310,0.0,0.0,0.0,30.16,0.97,0.0
20230711:0010,0.0,0.0,0.0,28.31,1.31,0.0
20230711:0110,0.0,0.0,0.0,27.15,1.24,0.0
20230711:0210,0.0,0.0,0.0,26.71,1.03,0.0
20230711:0310,0.0,0.0,0.0,25.57,1.17,0.0
20230711:0410,0.0,0.0,0.0,24.34,1.31,0.0
20230711:0510,0.0,0.91,1.92,23.34,1.45,0.0
20230711:0610,49.56,80.97,12.41,23.65,1.1,0.0
20230711:0710,177.89,253.59,23.47,27.06,1.17,0.0
20230711:0810,358.97,466.75,34.84,30.46,1.86,0.0
20230711:0910,526.35,683.64,46.21,33.12,2.69,0.0
20230711:1010,651.26,857.13,57.14,35.02,3.59,0.0
20230711:1110,729.05,970.98,66.55,36.46,4.28,0.0
20230711:1210,760.57,1017.51,71.62,37.57,4.9,0.0
20230711:1310,744.62,993.54,68.83,38.28,5.31,0.0
20230711:1410,687.84,909.76,60.35,38.76,5.66,0.0
20230711:1510,573.09,750.19,49.74,38.89,5.79,0.0
20230711:1610,415.84,545.42,38.44,38.43,5.72,0.0
20230711:1710,232.23,326.63,27.04,37.69,5.45,0.0
20230711:1810,60.63,119.63,15.85,36.61,4.83,0.0
20230711:1910,12.59,28.96,5.15,34.82,3.59,0.0
20230711:2010,0.0,0.0,0.0,32.81,3.03,0.0
20230711:2110,0.0,0.0,0.0,31.25,2.97,0.0
20230711:2210,0.0,0.0,0.0,29.91,2.83,0.0
20230711:2310,0.0,0.0,0.0,28.68,2.62,0.0
20230712:0010,0.0,0.0,0.0,27.43,2.28,0.0
20230712:0110,0.0,0.0,0.0,26.08,2.0,0.0
20230712:0210,0.0,0.0,0.0,24.95,2.0,0.0
20230712:0310,0.0,0.0,0.0,23.62,1.86,0.0
20230712:0410,0.0,0.0,0.0,22.69,1.72,0.0
20230712:0510,0.0,0.91,1.8,21.62,1.59,0.0
20230712:0610,42.37,73.79,12.3,21.57,1.24,0.0
20230712:0710,164.82,223.0,23.37,24.31,1.52,0.0
20230712:0810,353.47,449.4,34.74,26.84,2.41,0.0
20230712:0910,145.58,194.87,46.11,28.8,2.76,0.0
20230712:1010,579.68,745.34,57.02,30.53,3.17,0.0
20230712:1110,544.14,702.23,66.42,31.87,3.66,0.0
20230712:1210,681.72,893.08,71.48,33.11,4.0,0.0
20230712:1310,695.49,914.68,68.72,33.93,4.07,0.0
20230712:1410,702.35,922.19,60.28,34.68,4.21,0.0
20230712:1510,561.24,728.54,49.68,35.06,4.21,0.0
20230712:1610,387.03,503.52,38.39,35.16,4.21,0.0
20230712:1710,226.31,311.86,26.99,34.78,4.28,0.0
20230712:1810,75.34,124.73,15.8,34.04,4.21,0.0
20230712:1910,11.56,27.15,5.08,32.55,2.62,0.0
20230712:2010,0.0,0.0,0.0,31.0,2.07,0.0
20230712:2110,0.0,0.0,0.0,29.47,1.79,0.0
20230712:2210,0.0,0.0,0.0,28.0,1.79,0.0
20230712:2310,0.0,0.0,0.0,26.41,1.59,0.0
20230713:0010,0.0,0.0,0.0,25.2,1.66,0.0
20230713:0110,0.0,0.0,0.0,24.52,1.93,0.0
20230713:0210,0.0,0.0,0.0,23.78,1.86,0.0
20230713:0310,0.0,0.0,0.0,22.78,1.79,0.0
20230713:0410,0.0,0.0,0.0,22.03,1.93,0.0
20230713:0510,0.0,5.43,1.68,21.58,2.14,0.0
20230713:0610,32.26,63.34,12.19,21.79,2.21,0.0
20230713:0710,179.57,254.8,23.26,23.36,2.21,0.0
20230713:0810,369.33,467.38,34.63,25.49,2.21,0.0
20230713:0910,536.53,684.83,46.0,27.63,1.72,0.0
20230713:1010,634.06,846.0,56.91,29.51,0.69,0.0
20230713:1110,700.36,953.33,66.29,30.98,0.9,0.0
20230713:1210,742.47,1011.52,71.34,32.34,1.59,0.0
20230713:1310,730.04,992.86,68.61,33.38,1.79,0.0
20230713:1410,670.48,903.93,60.2,34.16,1.79,0.0
20230713:1510,564.22,749.21,49.62,34.65,1.79,0.0
20230713:1610,409.75,541.69,38.34,34.88,1.72,0.0
20230713:1710,232.03,326.89,26.93,34.77,1.72,0.0
20230713:1810,57.27,116.63,15.73,34.36,1.72,0.0
20230713:1910,11.48,27.15,5.01,33.7,2.07,0.0
20230713:2010,0.0,0.0,0.0,32.23,1.93,0.0
20230713:2110,0.0,0.0,0.0,30.76,2.21,0.0
20230713:2210,0.0,0.0,0.0,29.43,2.41,0.0
20230713:2310,0.0,0.0,0.0,28.21,2.21,0.0
20230714:0010,0.0,0.0,0.0,27.04,1.86,0.0
20230714:0110,0.0,0.0,0.0,25.87,1.66,0.0
20230714:0210,0.0,0.0,0.0,24.28,1.31,0.0
20230714:0310,0.0,0.0,0.0,23.29,1.38,0.0
20230714:0410,0.0,0.0,0.0,22.54,1.45,0.0
20230714:0510,0.0,4.53,1.56,21.84,1.31,0.0
20230714:0610,27.2,58.19,12.08,21.93,1.03,0.0
20230714:0710,178.79,256.83,23.16,24.82,1.24,0.0
20230714:0810,373.88,480.26,34.53,27.38,1.59,0.0
20230714:0910,533.63,687.94,45.89,30.01,1.93,0.0
20230714:1010,650.15,850.26,56.79,32.34,2.9,0.0
20230714:1110,725.5,957.64,66.15,34.02,3.86,0.0
20230714:1210,766.17,1017.0,71.19,35.24,4.48,0.0
20230714:1310,757.45,1003.66,68.49,36.11,4.9,0.0
20230714:1410,696.21,914.5,60.12,36.63,5.17,0.0
20230714:1510,584.14,758.32,49.55,36.74,5.38,0.0
20230714:1610,423.36,550.46,38.27,36.47,5.38,0.0
20230714:1710,237.18,331.22,26.87,35.79,5.24,0.0
20230714:1810,58.95,118.03,15.66,34.81,4.83,0.0
20230714:1910,10.93,26.25,4.93,33.2,3.72,0.0
20230714:2010,0.0,0.0,0.0,31.41,3.24,0.0
20230714:2110,0.0,0.0,0.0,29.93,2.97,0.0
20230714:2210,0.0,0.0,0.0,28.68,2.83,0.0
20230714:2310,0.0,0.0,0.0,27.57,2.83,0.0
20230715:0010,0.0,0.0,0.0,26.59,2.69,0.0
20230715:0110,0.0,0.0,0.0,25.66,2.69,0.0
20230715:0210,0.0,0.0,0.0,24.77,2.83,0.0
20230715:0310,0.0,0.0,0.0,23.93,2.76,0.0
20230715:0410,0.0,0.0,0.0,23.13,2.69,0.0
20230715:0510,0.0,3.62,1.44,22.37,2.69,0.0
20230715:0610,24.83,55.46,11.96,22.29,2.55,0.0
20230715:0710,181.96,257.61,23.04,23.03,3.1,0.0
20230715:0810,385.71,482.8,34.42,24.62,3.31,0.0
20230715:0910,555.96,691.91,45.78,26.39,3.72,0.0
20230715:1010,676.21,854.52,56.67,28.03,4.14,0.0
20230715:1110,759.91,974.81,66.01,29.4,4.48,0.0
20230715:1210,794.91,1027.95,71.03,30.61,4.83,0.0
20230715:1310,781.03,1010.32,68.36,31.49,5.03,0.0
20230715:1410,716.07,919.99,60.03,32.05,5.1,0.0
20230715:1510,596.29,758.73,49.48,32.36,5.1,0.0
20230715:1610,434.56,554.28,38.21,32.31,5.03,0.0
20230715:1710,243.41,333.54,26.8,31.81,4.76,0.0
20230715:1810,58.73,117.18,15.59,30.97,4.62,0.0
20230715:1910,11.16,26.25,4.85,29.71,3.86,0.0
20230715:2010,0.0,0.0,0.0,28.19,3.45,0.0
20230715:2110,0.0,0.0,0.0,26.86,3.17,0.0
20230715:2210,0.0,0.0,0.0,25.6,2.69,0.0
20230715:2310,0.0,0.0,0.0,24.5,2.21,0.0
20230716:0010,0.0,0.0,0.0,23.52,1.79,0.0
20230716:0110,0.0,0.0,0.0,22.44,1.45,0.0
20230716:0210,0.0,0.0,0.0,21.13,1.17,0.0
20230716:0310,0.0,0.0,0.0,20.02,1.1,0.0
20230716:0410,0.0,0.0,0.0,19.31,1.24,0.0
20230716:0510,0.0,0.0,0.0,18.82,1.38,0.0
20230716:0610,30.56,60.37,11.84,19.08,1.31,0.0
20230716:0710,181.52,255.69,22.93,21.33,0.83,0.0
20230716:0810,381.23,485.4,34.31,23.7,0.69,0.0
20230716:0910,541.46,694.94,45.67,26.11,0.9,0.0
20230716:1010,658.14,854.78,56.54,28.25,1.93,0.0
20230716:1110,743.56,980.4,65.87,30.05,2.55,0.0
20230716:1210,785.45,1046.4,70.87,31.54,2.9,0.0
20230716:1310,762.94,1016.0,68.23,32.77,3.1,0.0
20230716:1410,699.99,925.56,59.93,33.73,3.17,0.0
20230716:1510,584.39,763.03,49.4,34.37,3.24,0.0
20230716:1610,431.58,563.02,38.13,34.66,3.24,0.0
20230716:1710,239.93,334.99,26.73,34.47,3.17,0.0
20230716:1810,58.45,117.9,15.51,33.63,3.1,0.0
20230716:1910,10.99,26.25,4.76,32.21,2.21,0.0
20230716:2010,0.0,0.0,0.0,30.33,2.21,0.0
20230716:2110,0.0,0.0,0.0,28.79,1.93,0.0
20230716:2210,0.0,0.0,0.0,27.24,1.45,0.0
20230716:2310,0.0,0.0,0.0,27.44,0.62,0.0
20230717:0010,0.0,0.0,0.0,24.72,1.45,0.0
20230717:0110,0.0,0.0,0.0,23.54,1.31,0.0
20230717:0210,0.0,0.0,0.0,23.65,0.97,0.0
20230717:0310,0.0,0.0,0.0,22.94,1.03,0.0
20230717:0410,0.0,0.0,0.0,21.09,1.38,0.0
20230717:0510,0.0,0.0,0.0,20.29,1.45,0.0
20230717:0610,34.25,63.61,11.72,20.6,1.31,0.0
20230717:0710,174.62,248.17,22.82,23.96,1.1,0.0
20230717:0810,362.95,466.04,34.19,26.76,1.24,0.0
20230717:0910,518.85,675.08,45.55,29.19,0.9,0.0
20230717:1010,599.71,806.06,56.42,31.67,0.69,0.0
20230717:1110,686.33,952.09,65.72,33.97,0.76,0.0
20230717:1210,733.27,1022.4,70.7,35.95,1.45,0.0
20230717:1310,717.41,993.13,68.09,37.44,2.0,0.0
20230717:1410,660.69,904.27,59.83,38.51,2.28,0.0
20230717:1510,551.86,745.64,49.32,39.25,2.28,0.0
20230717:1610,403.52,544.12,38.06,39.66,2.21,0.0
20230717:1710,224.6,322.83,26.65,39.7,1.93,0.0
20230717:1810,62.4,119.06,15.43,39.34,1.45,0.0
20230717:1910,9.51,24.44,4.67,37.75,2.0,0.0
20230717:2010,0.0,0.0,0.0,35.76,1.86,0.0
20230717:2110,0.0,0.0,0.0,34.12,1.24,0.0
20230717:2210,0.0,0.0,0.0,31.89,1.72,0.0
20230717:2310,0.0,0.0,0.0,30.11,2.21,0.0
20230718:0010,0.0,0.0,0.0,29.34,2.55,0.0
20230718:0110,0.0,0.0,0.0,28.29,2.34,0.0
20230718:0210,0.0,0.0,0.0,27.35,2.28,0.0
20230718:0310,0.0,0.0,0.0,26.21,2.14,0.0
20230718:0410,0.0,0.0,0.0,25.17,1.79,0.0
20230718:0510,0.0,0.0,0.0,24.43,1.59,0.0
20230718:0610,35.77,65.3,11.6,24.27,1.31,0.0
20230718:0710,169.84,243.05,22.7,27.18,0.97,0.0
20230718:0810,341.23,445.88,34.08,30.42,1.24,0.0
20230718:0910,497.7,653.39,45.43,33.08,1.59,0.0
20230718:1010,626.95,833.64,56.29,35.37,2.69,0.0
20230718:1110,714.94,957.84,65.56,36.98,3.86,0.0
20230718:1210,742.14,998.98,70.53,38.1,4.41,0.0
20230718:1310,724.31,976.28,67.95,38.98,4.48,0.0
20230718:1410,639.25,854.92,59.72,39.5,4.48,0.0
20230718:1510,452.38,599.5,49.23,39.76,4.41,0.0
20230718:1610,385.95,512.11,37.97,39.5,4.48,0.0
20230718:1710,191.93,266.59,26.56,38.4,5.24,0.0
20230718:1810,55.81,89.19,15.34,37.07,4.9,0.0
20230718:1910,5.8,18.1,4.57,36.03,3.45,0.0
20230718:2010,0.0,0.0,0.0,34.11,3.24,0.0
20230718:2110,0.0,0.0,0.0,32.61,3.03,0.0
20230718:2210,0.0,0.0,0.0,31.51,2.83,0.0
20230718:2310,0.0,0.0,0.0,30.66,2.76,0.0
20230719:0010,0.0,0.0,0.0,29.93,2.48,0.0
20230719:0110,0.0,0.0,0.0,29.23,2.0,0.0
20230719:0210,0.0,0.0,0.0,28.3,1.52,0.0
20230719:0310,0.0,0.0,0.0,27.4,1.93,0.0
20230719:0410,0.0,0.0,0.0,26.49,2.0,0.0
20230719:0510,0.0,0.0,0.0,25.73,1.93,0.0
20230719:0610,39.9,69.27,11.47,25.76,1.79,0.0
20230719:0710,167.47,238.25,22.58,27.97,2.0,0.0
20230719:0810,349.78,451.96,33.96,30.34,2.69,0.0
20230719:0910,515.95,664.11,45.31,32.4,3.17,0.0
20230719:1010,642.17,840.2,56.15,34.1,3.59,0.0
20230719:1110,725.51,964.72,65.41,35.57,3.93,0.0
20230719:1210,764.15,1024.47,70.35,36.86,4.34,0.0
20230719:1310,741.44,989.75,67.8,37.72,4.9,0.0
20230719:1410,676.03,891.62,59.6,38.26,5.59,0.0
20230719:1510,560.51,730.75,49.13,38.08,5.72,0.0
20230719:1610,409.07,534.64,37.88,37.48,5.38,0.0
20230719:1710,227.86,318.81,26.48,37.15,5.24,0.0
20230719:1810,65.03,118.91,15.24,36.12,5.24,0.0
20230719:1910,9.1,23.53,4.46,35.01,4.14,0.0
20230719:2010,0.0,0.0,0.0,33.24,3.66,0.0
20230719:2110,0.0,0.0,0.0,31.72,3.31,0.0
20230719:2210,0.0,0.0,0.0,30.44,3.1,0.0
20230719:2310,0.0,0.0,0.0,29.35,2.69,0.0
20230720:0010,0.0,0.0,0.0,28.37,2.41,0.0
20230720:0110,0.0,0.0,0.0,27.45,2.34,0.0
20230720:0210,0.0,0.0,0.0,26.58,2.21,0.0
20230720:0310,0.0,0.0,0.0,25.72,2.0,0.0
20230720:0410,0.0,0.0,0.0,24.72,1.86,0.0
20230720:0510,0.0,0.0,0.0,23.67,1.79,0.0
20230720:0610,31.81,60.77,11.34,23.41,1.59,0.0
20230720:0710,174.75,249.94,22.46,25.5,1.86,0.0
20230720:0810,370.85,473.58,33.84,27.97,2.76,0.0
20230720:0910,538.57,684.61,45.19,30.21,3.45,0.0
20230720:1010,658.46,846.81,56.02,31.93,4.34,0.0
20230720:1110,750.34,977.98,65.24,33.27,4.9,0.0
20230720:1210,782.74,1027.03,70.17,34.33,5.31,0.0
20230720:1310,762.64,997.68,67.64,35.07,5.79,0.0
20230720:1410,697.82,904.69,59.48,35.42,6.14,0.0
20230720:1510,587.44,754.0,49.03,35.34,6.14,0.0
20230720:1610,429.58,553.17,37.79,35.0,5.86,0.0
20230720:1710,239.42,331.22,26.38,34.41,5.45,0.0
20230720:1810,59.89,116.99,15.14,33.54,4.9,0.0
20230720:1910,9.25,23.53,4.35,32.36,3.72,0.0
20230720:2010,0.0,0.0,0.0,30.76,3.38,0.0
20230720:2110,0.0,0.0,0.0,29.32,3.03,0.0
20230720:2210,0.0,0.0,0.0,28.11,2.48,0.0
20230720:2310,0.0,0.0,0.0,27.02,2.21,0.0
20230721:0010,0.0,0.0,0.0,26.09,2.21,0.0
20230721:0110,0.0,0.0,0.0,25.09,2.14,0.0
20230721:0210,0.0,0.0,0.0,24.16,1.93,0.0
20230721:0310,0.0,0.0,0.0,23.13,1.59,0.0
20230721:0410,0.0,0.0,0.0,22.03,1.38,0.0
20230721:0510,0.0,0.0,0.0,20.96,1.17,0.0
20230721:0610,29.14,57.09,11.21,20.94,0.97,0.0
20230721:0710,175.73,250.23,22.33,22.88,1.52,0.0
20230721:0810,373.77,472.56,33.72,24.51,1.79,0.0
20230721:0910,533.57,680.05,45.06,26.21,1.31,0.0
20230721:1010,637.57,851.46,55.88,27.95,0.34,0.0
20230721:1110,711.17,962.36,65.08,29.5,0.9,0.0
20230721:1210,753.11,1015.69,69.98,30.93,1.79,0.0
20230721:1310,729.01,970.81,67.47,31.97,2.55,0.0
20230721:1410,402.55,520.59,59.36,32.61,3.1,0.0
20230721:1510,369.28,476.15,48.92,32.83,3.52,0.0
20230721:1610,383.71,493.74,37.69,32.74,3.93,0.0
20230721:1710,238.53,327.28,26.28,32.22,4.34,0.0
20230721:1810,62.28,117.28,15.04,31.28,4.62,0.0
20230721:1910,8.22,21.72,4.24,30.28,3.86,0.0
20230721:2010,0.0,0.0,0.0,28.65,2.34,0.0
20230721:2110,0.0,0.0,0.0,27.02,1.79,0.0
20230721:2210,0.0,0.0,0.0,25.67,1.72,0.0
20230721:2310,0.0,0.0,0.0,24.48,2.07,0.0
20230722:0010,0.0,0.0,0.0,23.44,2.14,0.0
20230722:0110,0.0,0.0,0.0,22.49,2.14,0.0
20230722:0210,0.0,0.0,0.0,21.63,2.28,0.0
20230722:0310,0.0,0.0,0.0,20.91,2.34,0.0
20230722:0410,0.0,0.0,0.0,20.3,2.21,0.0
20230722:0510,0.0,0.0,0.0,19.73,2.07,0.0
20230722:0610,33.98,61.47,11.08,19.78,1.86,0.0
20230722:0710,175.39,243.46,22.21,21.08,1.86,0.0
20230722:0810,361.72,455.89,33.6,23.42,1.45,0.0
20230722:0910,449.61,573.72,44.94,25.72,0.69,0.0
20230722:1010,457.98,595.63,55.74,27.84,0.41,0.0
20230722:1110,488.3,633.82,64.91,29.68,1.59,0.0
20230722:1210,680.26,901.36,69.79,31.13,2.28,0.0
20230722:1310,760.54,1018.46,67.3,32.2,2.55,0.0
20230722:1410,613.36,806.04,59.22,33.02,2.76,0.0
20230722:1510,572.83,748.13,48.81,33.53,2.76,0.0
20230722:1610,438.78,572.11,37.59,33.71,2.69,0.0
20230722:1710,237.1,329.58,26.18,33.52,2.62,0.0
20230722:1810,61.53,117.12,14.93,32.93,2.62,0.0
20230722:1910,8.16,21.72,4.12,31.46,2.21,0.0
20230722:2010,0.0,0.0,0.0,29.82,2.0,0.0
20230722:2110,0.0,0.0,0.0,28.36,1.93,0.0
20230722:2210,0.0,0.0,0.0,27.09,1.66,0.0
20230722:2310,0.0,0.0,0.0,25.39,1.1,0.0
20230723:0010,0.0,0.0,0.0,25.04,0.97,0.0
20230723:0110,0.0,0.0,0.0,23.54,1.24,0.0
20230723:0210,0.0,0.0,0.0,22.18,1.52,0.0
20230723:0310,0.0,0.0,0.0,21.33,1.52,0.0
20230723:0410,0.0,0.0,0.0,20.66,1.38,0.0
20230723:0510,0.0,0.0,0.0,20.51,1.24,0.0
20230723:0610,28.51,55.68,10.95,20.91,0.97,0.0
20230723:0710,174.04,248.1,22.08,22.57,0.34,0.0
20230723:0810,368.7,474.75,33.47,26.03,0.69,0.0
20230723:0910,531.38,684.87,44.81,28.7,1.45,0.0
20230723:1010,655.8,857.79,55.59,30.81,2.34,0.0
20230723:1110,748.33,991.77,64.74,32.43,3.1,0.0
20230723:1210,779.08,1041.09,69.59,33.74,3.45,0.0
20230723:1310,758.45,1011.65,67.12,34.86,3.79,0.0
20230723:1410,694.2,917.13,59.08,35.76,4.14,0.0
20230723:1510,580.21,755.63,48.69,36.25,4.62,0.0
20230723:1610,423.81,550.87,37.48,36.11,5.03,0.0
20230723:1710,236.03,327.91,26.07,35.29,5.17,0.0
20230723:1810,62.42,116.62,14.81,33.97,4.69,0.0
20230723:1910,7.57,20.82,3.99,32.27,3.59,0.0
20230723:2010,0.0,0.0,0.0,30.5,3.1,0.0
20230723:2110,0.0,0.0,0.0,29.09,2.76,0.0
20230723:2210,0.0,0.0,0.0,27.85,2.55,0.0
20230723:2310,0.0,0.0,0.0,26.78,2.55,0.0
20230724:0010,0.0,0.0,0.0,25.83,2.48,0.0
20230724:0110,0.0,0.0,0.0,24.84,2.21,0.0
20230724:0210,0.0,0.0,0.0,23.79,1.93,0.0
20230724:0310,0.0,0.0,0.0,22.85,1.86,0.0
20230724:0410,0.0,0.0,0.0,22.01,1.79,0.0
20230724:0510,0.0,0.0,0.0,21.11,1.72,0.0
20230724:0610,23.77,50.22,10.81,20.75,1.52,0.0
20230724:0710,174.54,248.32,21.95,22.53,1.45,0.0
20230724:0810,376.99,475.6,33.35,24.58,2.14,0.0
20230724:0910,544.69,687.25,44.67,26.32,2.21,0.0
20230724:1010,670.82,861.59,55.45,28.08,2.69,0.0
20230724:1110,758.57,990.42,64.56,29.71,3.17,0.0
20230724:1210,787.04,1034.26,69.38,31.09,3.66,0.0
20230724:1310,766.54,1004.81,66.94,32.18,4.07,0.0
20230724:1410,701.73,910.44,58.94,32.94,4.48,0.0
20230724:1510,586.28,750.22,48.57,33.29,4.97,0.0
20230724:1610,377.69,483.59,37.36,33.09,5.45,0.0
20230724:1710,237.94,325.45,25.95,32.41,5.45,0.0
20230724:1810,71.67,113.02,14.69,31.37,4.62,0.0
20230724:1910,6.57,19.01,3.86,29.99,3.79,0.0
20230724:2010,0.0,0.0,0.0,28.49,2.62,0.0
20230724:2110,0.0,0.0,0.0,27.0,2.21,0.0
20230724:2210,0.0,0.0,0.0,25.65,2.07,0.0
20230724:2310,0.0,0.0,0.0,24.49,1.86,0.0
20230725:0010,0.0,0.0,0.0,23.51,1.59,0.0
20230725:0110,0.0,0.0,0.0,22.51,1.86,0.0
20230725:0210,0.0,0.0,0.0,21.58,1.93,0.0
20230725:0310,0.0,0.0,0.0,20.72,1.86,0.0
20230725:0410,0.0,0.0,0.0,20.11,1.72,0.0
20230725:0510,0.0,0.0,0.0,19.17,1.59,0.0
20230725:0610,23.23,49.05,10.67,19.04,1.59,0.0
20230725:0710,175.99,248.38,21.82,20.29,1.31,0.0
20230725:0810,382.11,478.39,33.22,22.08,1.59,0.0
20230725:0910,545.3,687.8,44.54,23.61,1.17,0.0
20230725:1010,660.69,867.55,55.3,25.19,0.55,0.0
20230725:1110,734.04,986.89,64.38,26.65,0.69,0.0
20230725:1210,768.22,1037.25,69.17,28.08,1.17,0.0
20230725:1310,749.91,1006.7,66.75,29.3,1.52,0.0
20230725:1410,692.95,917.6,58.78,30.21,1.79,0.0
20230725:1510,584.42,760.91,48.44,30.84,1.93,0.0
20230725:1610,430.06,556.95,37.24,31.14,1.93,0.0
20230725:1710,240.27,331.88,25.83,31.07,1.86,0.0
20230725:1810,56.84,113.34,14.56,30.66,1.79,0.0
20230725:1910,7.11,19.91,3.72,30.12,1.79,0.0
20230725:2010,0.0,0.0,0.0,28.65,1.79,0.0
20230725:2110,0.0,0.0,0.0,27.01,2.21,0.0
20230725:2210,0.0,0.0,0.0,25.59,2.28,0.0
20230725:2310,0.0,0.0,0.0,24.41,2.21,0.0
20230726:0010,0.0,0.0,0.0,23.45,2.28,0.0
20230726:0110,0.0,0.0,0.0,22.52,2.62,0.0
20230726:0210,0.0,0.0,0.0,21.48,3.1,0.0
20230726:0310,0.0,0.0,0.0,20.44,3.31,0.0
20230726:0410,0.0,0.0,0.0,19.56,3.03,0.0
20230726:0510,0.0,0.0,0.0,18.88,2.9,0.0
20230726:0610,23.65,48.94,10.54,18.79,2.83,0.0
20230726:0710,177.27,248.5,21.69,19.62,2.97,0.0
20230726:0810,386.04,478.82,33.09,21.97,2.76,0.0
20230726:0910,555.15,692.3,44.41,24.53,2.48,0.0
20230726:1010,676.3,869.39,55.15,26.83,2.21,0.0
20230726:1110,748.51,994.29,64.19,28.76,1.79,0.0
20230726:1210,756.28,1032.59,68.95,30.33,1.17,0.0
20230726:1310,725.33,1008.64,66.55,31.65,0.55,0.0
20230726:1410,654.26,908.73,58.63,32.6,0.14,0.0
20230726:1510,558.11,757.61,48.3,33.16,0.21,0.0
20230726:1610,415.35,553.9,37.11,33.37,0.41,0.0
20230726:1710,235.81,332.15,25.7,33.22,0.55,0.0
20230726:1810,56.29,112.96,14.43,32.76,0.55,0.0
20230726:1910,6.48,19.01,3.58,31.93,0.69,0.0
20230726:2010,0.0,0.0,0.0,30.53,1.66,0.0
20230726:2110,0.0,0.0,0.0,28.82,2.07,0.0
20230726:2210,0.0,0.0,0.0,27.34,2.07,0.0
20230726:2310,0.0,0.0,0.0,26.06,2.07,0.0
20230727:0010,0.0,0.0,0.0,24.8,1.79,0.0
20230727:0110,0.0,0.0,0.0,23.82,1.79,0.0
20230727:0210,0.0,0.0,0.0,23.48,2.34,0.0
20230727:0310,0.0,0.0,0.0,22.8,2.28,0.0
20230727:0410,0.0,0.0,0.0,22.25,2.07,0.0
20230727:0510,0.0,0.0,0.0,21.72,1.86,0.0
20230727:0610,24.88,50.4,10.39,21.69,1.66,0.0
20230727:0710,171.33,245.63,21.56,23.5,1.66,0.0
20230727:0810,372.12,475.63,32.96,25.66,1.24,0.0
20230727:0910,536.69,688.99,44.27,27.75,1.38,0.0
20230727:1010,664.33,864.97,54.99,29.86,2.34,0.0
20230727:1110,746.92,984.37,64.0,31.64,3.17,0.0
20230727:1210,775.14,1022.43,68.73,32.94,4.07,0.0
20230727:1310,759.65,998.55,66.35,33.81,4.55,0.0
20230727:1410,695.72,905.29,58.46,34.28,4.9,0.0
20230727:1510,583.82,749.15,48.16,33.68,4.83,0.0
20230727:1610,429.29,551.65,36.98,33.59,4.76,0.0
20230727:1710,236.24,325.84,25.57,33.15,4.41,0.0
20230727:1810,56.37,112.1,14.29,32.37,4.28,0.0
20230727:1910,5.47,17.2,3.43,30.9,3.17,0.0
20230727:2010,0.0,0.0,0.0,29.3,2.9,0.0
20230727:2110,0.0,0.0,0.0,27.99,2.97,0.0
20230727:2210,0.0,0.0,0.0,26.83,2.83,0.0
20230727:2310,0.0,0.0,0.0,25.81,2.48,0.0
20230728:0010,0.0,0.0,0.0,24.86,2.34,0.0
20230728:0110,0.0,0.0,0.0,24.0,2.28,0.0
20230728:0210,0.0,0.0,0.0,23.2,2.14,0.0
20230728:0310,0.0,0.0,0.0,22.48,2.0,0.0
20230728:0410,0.0,0.0,0.0,21.72,1.72,0.0
20230728:0510,0.0,0.0,0.0,20.87,1.52,0.0
20230728:0610,24.52,49.43,10.25,20.5,1.17,0.0
20230728:0710,170.61,244.39,21.42,22.38,0.69,0.0
20230728:0810,368.16,469.48,32.82,24.85,1.03,0.0
20230728:0910,537.39,687.73,44.13,27.15,1.38,0.0
20230728:1010,659.13,858.41,54.83,29.24,2.07,0.0
20230728:1110,717.08,942.69,63.81,30.88,2.83,0.0
20230728:1210,760.79,1008.68,68.51,32.17,3.24,0.0
20230728:1310,751.97,997.29,66.14,33.15,3.45,0.0
20230728:1410,686.25,902.96,58.29,33.88,3.52,0.0
20230728:1510,578.48,751.93,48.01,34.27,3.59,0.0
20230728:1610,423.08,549.32,36.84,34.32,3.59,0.0
20230728:1710,234.95,326.85,25.44,33.97,3.52,0.0
20230728:1810,55.16,110.74,14.15,33.28,3.24,0.0
20230728:1910,4.91,16.29,3.28,32.17,2.28,0.0
20230728:2010,0.0,0.0,0.0,30.36,2.28,0.0
20230728:2110,0.0,0.0,0.0,28.84,2.62,0.0
20230728:2210,0.0,0.0,0.0,27.52,2.62,0.0
20230728:2310,0.0,0.0,0.0,26.38,2.41,0.0
20230729:0010,0.0,0.0,0.0,25.35,2.14,0.0
20230729:0110,0.0,0.0,0.0,24.34,1.86,0.0
20230729:0210,0.0,0.0,0.0,23.49,1.59,0.0
20230729:0310,0.0,0.0,0.0,22.4,1.38,0.0
20230729:0410,0.0,0.0,0.0,21.27,1.17,0.0
20230729:0510,0.0,0.0,0.0,20.99,0.9,0.0
20230729:0610,22.95,47.5,10.11,21.48,0.34,0.0
20230729:0710,168.8,243.26,21.29,22.73,0.34,0.0
20230729:0810,363.75,471.26,32.69,25.73,0.07,0.0
20230729:0910,525.38,684.46,43.99,28.2,0.55,0.0
20230729:1010,651.28,855.07,54.67,30.51,1.93,0.0
20230729:1110,739.57,978.76,63.61,32.24,3.03,0.0
20230729:1210,764.45,1016.72,68.27,33.58,3.59,0.0
20230729:1310,748.56,993.87,65.93,34.57,3.93,0.0
20230729:1410,683.86,899.57,58.11,35.31,4.21,0.0
20230729:1510,578.83,752.7,47.86,35.66,4.34,0.0
20230729:1610,422.97,549.71,36.7,35.59,4.48,0.0
20230729:1710,233.39,325.95,25.29,35.24,4.55,0.0
20230729:1810,53.01,108.76,14.0,34.45,4.34,0.0
20230729:1910,4.37,15.39,3.12,33.13,3.45,0.0
20230729:2010,0.0,0.0,0.0,31.51,3.52,0.0
20230729:2110,0.0,0.0,0.0,30.32,3.03,0.0
20230729:2210,0.0,0.0,0.0,29.07,2.41,0.0
20230729:2310,0.0,0.0,0.0,28.0,1.93,0.0
20230730:0010,0.0,0.0,0.0,27.0,1.66,0.0
20230730:0110,0.0,0.0,0.0,25.7,1.45,0.0
20230730:0210,0.0,0.0,0.0,24.28,1.24,0.0
20230730:0310,0.0,0.0,0.0,23.12,1.17,0.0
20230730:0410,0.0,0.0,0.0,22.53,1.45,0.0
20230730:0510,0.0,0.0,0.0,21.79,1.72,0.0
20230730:0610,22.58,46.63,9.96,21.72,1.72,0.0
20230730:0710,166.55,240.2,21.15,23.88,1.24,0.0
20230730:0810,364.04,466.42,32.55,26.61,1.45,0.0
20230730:0910,518.53,673.18,43.85,28.89,0.9,0.0
20230730:1010,623.59,842.07,54.51,30.73,0.41,0.0
20230730:1110,717.39,975.61,63.42,32.59,1.45,0.0
20230730:1210,746.21,1013.57,68.04,34.11,2.28,0.0
20230730:1310,738.05,996.39,65.71,35.31,2.9,0.0
20230730:1410,672.98,896.34,57.93,36.16,3.38,0.0
20230730:1510,567.75,745.28,47.7,36.62,3.72,0.0
20230730:1610,414.72,543.68,36.55,36.71,3.93,0.0
20230730:1710,229.22,322.82,25.15,36.37,4.0,0.0
20230730:1810,52.96,107.46,13.85,35.7,4.0,0.0
20230730:1910,3.84,14.48,2.96,34.73,3.03,0.0
20230730:2010,0.0,0.0,0.0,32.97,2.76,0.0
20230730:2110,0.0,0.0,0.0,31.46,2.48,0.0
20230730:2210,0.0,0.0,0.0,30.12,1.86,0.0
20230730:2310,0.0,0.0,0.0,28.46,1.24,0.0
20230731:0010,0.0,0.0,0.0,26.91,1.24,0.0
20230731:0110,0.0,0.0,0.0,25.89,1.86,0.0
20230731:0210,0.0,0.0,0.0,24.97,2.48,0.0
20230731:0310,0.0,0.0,0.0,23.99,2.55,0.0
20230731:0410,0.0,0.0,0.0,23.23,2.48,0.0
20230731:0510,0.0,0.0,0.0,22.62,2.41,0.0
20230731:0610,21.64,45.44,9.82,22.47,2.14,0.0
20230731:0710,167.6,241.9,21.01,24.14,1.93,0.0
20230731:0810,367.81,469.73,32.42,26.53,1.79,0.0
20230731:0910,527.21,682.07,43.7,28.87,1.17,0.0
20230731:1010,639.74,868.9,54.34,31.18,0.41,0.0
20230731:1110,709.19,983.23,63.21,33.07,0.76,0.0
20230731:1210,740.07,1022.34,67.8,34.62,1.59,0.0
20230731:1310,724.29,992.65,65.48,35.66,2.07,0.0
20230731:1410,667.4,903.77,57.74,36.37,2.28,0.0
20230731:1510,563.41,751.33,47.54,36.79,2.34,0.0
20230731:1610,412.17,547.16,36.4,36.89,2.34,0.0
20230731:1710,227.68,323.26,24.99,36.67,2.34,0.0
20230731:1810,52.63,107.5,13.69,36.14,2.48,0.0
20230731:1910,2.44,11.77,2.79,34.91,2.55,0.0
20230731:2010,0.0,0.0,0.0,33.11,2.62,0.0
20230731:2110,0.0,0.0,0.0,31.56,2.41,0.0
20230731:2210,0.0,0.0,0.0,30.22,2.07,0.0
20230731:2310,0.0,0.0,0.0,29.13,2.14,0.0
20230801:0010,0.0,0.0,0.0,28.15,2.41,0.0
20230801:0110,0.0,0.0,0.0,27.14,2.76,0.0
20230801:0210,0.0,0.0,0.0,26.14,2.62,0.0
20230801:0310,0.0,0.0,0.0,25.19,2.28,0.0
20230801:0410,0.0,0.0,0.0,24.29,1.93,0.0
20230801:0510,0.0,0.0,0.0,23.43,1.72,0.0
20230801:0610,20.99,44.43,9.67,22.78,1.45,0.0
20230801:0710,166.92,240.96,20.87,23.85,1.38,0.0
20230801:0810,369.59,470.51,32.28,25.89,1.79,0.0
20230801:0910,534.1,684.02,43.55,27.92,1.59,0.0
20230801:1010,657.15,869.98,54.18,29.83,1.31,0.0
20230801:1110,725.89,989.91,63.0,31.58,1.17,0.0
20230801:1210,746.98,1029.06,67.55,33.07,1.38,0.0
20230801:1310,727.22,999.28,65.25,34.25,1.59,0.0
20230801:1410,673.26,914.71,57.55,35.06,1.72,0.0
20230801:1510,566.56,756.4,47.37,35.51,1.79,0.0
20230801:1610,415.9,550.63,36.24,35.59,1.93,0.0
20230801:1710,229.04,323.71,24.83,35.37,1.93,0.0
20230801:1810,50.26,105.53,13.53,34.81,1.86,0.0
20230801:1910,2.9,12.67,2.61,34.34,1.24,0.0
20230801:2010,0.0,0.0,0.0,32.93,0.97,0.0
20230801:2110,0.0,0.0,0.0,30.84,0.76,0.0
20230801:2210,0.0,0.0,0.0,29.98,0.69,0.0
20230801:2310,0.0,0.0,0.0,28.91,0.41,0.0
20230802:0010,0.0,0.0,0.0,27.67,0.41,0.0
20230802:0110,0.0,0.0,0.0,26.46,0.69,0.0
20230802:0210,0.0,0.0,0.0,25.29,0.9,0.0
20230802:0310,0.0,0.0,0.0,24.09,0.97,0.0
20230802:0410,0.0,0.0,0.0,22.81,1.17,0.0
20230802:0510,0.0,0.0,0.0,21.99,1.17,0.0
20230802:0610,20.62,43.53,9.52,21.83,0.97,0.0
20230802:0710,165.39,240.17,20.73,23.86,0.48,0.0
20230802:0810,366.36,471.01,32.14,26.62,1.1,0.0
20230802:0910,537.16,688.98,43.41,28.91,1.86,0.0
20230802:1010,668.69,872.26,54.01,30.73,2.55,0.0
20230802:1110,744.06,987.82,62.79,32.33,2.9,0.0
20230802:1210,757.92,1013.13,67.3,33.74,3.24,0.0
20230802:1310,739.52,990.23,65.01,34.8,3.31,0.0
20230802:1410,677.74,901.42,57.34,35.57,3.31,0.0
20230802:1510,572.68,753.21,47.19,35.99,3.24,0.0
20230802:1610,417.7,548.48,36.07,36.01,3.17,0.0
20230802:1710,230.05,324.37,24.67,35.73,3.1,0.0
20230802:1810,49.45,104.43,13.36,34.89,2.97,0.0
20230802:1910,1.61,9.96,2.43,33.45,2.9,0.0
20230802:2010,0.0,0.0,0.0,31.66,2.34,0.0
20230802:2110,0.0,0.0,0.0,29.92,2.9,0.0
20230802:2210,0.0,0.0,0.0,28.21,3.31,0.0
20230802:2310,0.0,0.0,0.0,26.72,3.31,0.0
20230803:0010,0.0,0.0,0.0,25.55,2.83,0.0
20230803:0110,0.0,0.0,0.0,24.62,2.34,0.0
20230803:0210,0.0,0.0,0.0,23.81,2.07,0.0
20230803:0310,0.0,0.0,0.0,23.09,1.86,0.0
20230803:0410,0.0,0.0,0.0,22.41,1.52,0.0
20230803:0510,0.0,0.0,0.0,21.71,1.66,0.0
20230803:0610,25.45,48.59,9.37,21.37,1.79,0.0
20230803:0710,167.0,239.08,20.59,22.7,2.62,0.0
20230803:0810,372.63,467.32,31.99,23.92,2.48,0.0
20230803:0910,542.16,679.79,43.26,25.42,2.28,0.0
20230803:1010,677.72,871.32,53.83,26.95,2.21,0.0
20230803:1110,750.62,985.82,62.58,28.22,2.21,0.0
20230803:1210,775.54,1024.86,67.05,29.56,2.62,0.0
20230803:1310,755.91,994.99,64.76,30.68,3.03,0.0
20230803:1410,691.99,900.34,57.14,31.44,3.38,0.0
20230803:1510,586.83,752.11,47.01,31.8,3.72,0.0
20230803:1610,425.09,543.51,35.9,31.63,3.86,0.0
20230803:1710,232.74,319.43,24.5,31.04,4.07,0.0
20230803:1810,49.27,102.51,13.18,29.95,4.21,0.0
20230803:1910,0.86,8.15,2.25,29.15,3.72,0.0
20230803:2010,0.0,0.0,0.0,27.31,4.14,0.0
20230803:2110,0.0,0.0,0.0,26.03,3.72,0.0
20230803:2210,0.0,0.0,0.0,25.07,3.24,0.0
20230803:2310,0.0,0.0,0.0,24.07,3.72,0.0
20230804:0010,0.0,0.0,0.0,22.38,4.97,0.0
20230804:0110,0.0,0.0,0.0,20.46,5.03,0.0
20230804:0210,0.0,0.0,0.0,19.31,4.48,0.0
20230804:0310,0.0,0.0,0.0,18.57,3.86,0.0
20230804:0410,0.0,0.0,0.0,17.94,3.86,0.0
20230804:0510,0.0,0.0,0.0,17.34,3.86,0.0
20230804:0610,19.62,41.3,9.22,16.94,3.86,0.0
20230804:0710,175.33,243.19,20.44,17.14,3.93,0.0
20230804:0810,390.79,473.86,31.85,18.42,3.66,0.0
20230804:0910,573.0,693.18,43.1,20.16,3.45,0.0
20230804:1010,713.15,883.27,53.66,22.08,3.38,0.0
20230804:1110,784.37,993.35,62.36,24.01,3.38,0.0
20230804:1210,801.35,1031.13,66.79,25.78,3.24,0.0
20230804:1310,777.29,1007.07,64.51,27.2,3.03,0.0
20230804:1410,709.55,916.79,56.92,28.35,2.83,0.0
20230804:1510,599.74,766.8,46.82,29.14,2.76,0.0
20230804:1610,441.77,563.31,35.73,29.45,2.76,0.0
20230804:1710,239.52,328.05,24.33,29.37,2.69,0.0
20230804:1810,48.15,102.86,13.01,28.92,2.76,0.0
20230804:1910,0.88,8.15,2.06,27.28,3.1,0.0
20230804:2010,0.0,0.0,0.0,25.8,3.1,0.0
20230804:2110,0.0,0.0,0.0,24.5,3.52,0.0
20230804:2210,0.0,0.0,0.0,23.34,3.66,0.0
20230804:2310,0.0,0.0,0.0,22.21,3.59,0.0
20230805:0010,0.0,0.0,0.0,21.15,3.38,0.0
20230805:0110,0.0,0.0,0.0,20.12,3.17,0.0
20230805:0210,0.0,0.0,0.0,19.21,2.83,0.0
20230805:0310,0.0,0.0,0.0,18.39,2.55,0.0
20230805:0410,0.0,0.0,0.0,17.7,2.28,0.0
20230805:0510,0.0,0.0,0.0,17.08,2.0,0.0
20230805:0610,20.06,41.45,9.06,16.84,1.79,0.0
20230805:0710,171.33,240.19,20.3,17.56,1.79,0.0
20230805:0810,381.61,471.7,31.71,19.43,1.52,0.0
20230805:0910,550.43,690.16,42.95,21.63,0.9,0.0
20230805:1010,670.04,874.89,53.48,23.94,0.55,0.0
20230805:1110,736.86,990.51,62.14,26.18,0.62,0.0
20230805:1210,751.75,1022.39,66.52,28.22,0.83,0.0
20230805:1310,735.38,1004.2,64.26,29.99,0.9,0.0
20230805:1410,672.24,908.18,56.71,31.5,1.03,0.0
20230805:1510,570.97,758.44,46.63,32.64,1.17,0.0
20230805:1610,421.05,553.58,35.55,33.35,1.52,0.0
20230805:1710,228.82,320.87,24.15,33.56,2.07,0.0
20230805:1810,47.09,100.66,12.82,33.16,2.62,0.0
20230805:1910,0.48,7.24,1.86,31.98,1.72,0.0
20230805:2010,0.0,0.0,0.0,30.03,2.0,0.0
20230805:2110,0.0,0.0,0.0,28.28,2.21,0.0
20230805:2210,0.0,0.0,0.0,26.83,2.21,0.0
20230805:2310,0.0,0.0,0.0,25.57,2.07,0.0
20230806:0010,0.0,0.0,0.0,24.34,2.0,0.0
20230806:0110,0.0,0.0,0.0,23.34,2.48,0.0
20230806:0210,0.0,0.0,0.0,22.49,3.03,0.0
20230806:0310,0.0,0.0,0.0,21.49,3.24,0.0
20230806:0410,0.0,0.0,0.0,20.53,3.31,0.0
20230806:0510,0.0,0.0,0.0,19.87,3.24,0.0
20230806:0610,19.3,40.62,8.91,19.69,2.97,0.0
20230806:0710,167.22,237.35,20.15,21.19,3.03,0.0
20230806:0810,377.78,471.47,31.56,23.39,2.83,0.0
20230806:0910,548.17,687.16,42.8,26.02,2.62,0.0
20230806:1010,671.59,871.9,53.3,28.42,2.07,0.0
20230806:1110,727.17,980.59,61.92,30.44,1.38,0.0
20230806:1210,735.79,1018.15,66.25,32.02,0.9,0.0
20230806:1310,712.86,994.06,64.0,33.29,0.69,0.0
20230806:1410,662.43,915.29,56.48,34.23,0.69,0.0
20230806:1510,557.5,755.33,46.43,34.87,0.69,0.0
20230806:1610,405.54,543.83,35.36,35.19,0.62,0.0
20230806:1710,222.05,316.67,23.96,35.16,0.62,0.0
20230806:1810,46.45,99.38,12.63,34.72,0.76,0.0
20230806:1910,0.0,5.43,1.66,33.82,2.34,0.0
20230806:2010,0.0,0.0,0.0,31.74,2.97,0.0
20230806:2110,0.0,0.0,0.0,30.03,3.59,0.0
20230806:2210,0.0,0.0,0.0,28.5,4.34,0.0
20230806:2310,0.0,0.0,0.0,26.53,4.9,0.0
20230807:0010,0.0,0.0,0.0,24.49,4.55,0.0
20230807:0110,0.0,0.0,0.0,23.0,4.14,0.0
20230807:0210,0.0,0.0,0.0,21.99,3.72,0.0
20230807:0310,0.0,0.0,0.0,21.26,3.52,0.0
20230807:0410,0.0,0.0,0.0,20.68,3.31,0.0
20230807:0510,0.0,0.0,0.0,20.17,3.17,0.0
20230807:0610,18.81,39.8,8.75,20.05,2.9,0.0
20230807:0710,167.43,237.07,20.01,20.77,3.17,0.0
20230807:0810,378.61,471.46,31.41,23.12,2.97,0.0
20230807:0910,551.87,691.49,42.64,25.62,2.48,0.0
20230807:1010,668.62,866.62,53.12,27.98,2.0,0.0
20230807:1110,725.98,976.09,61.69,30.21,1.45,0.0
20230807:1210,731.53,1012.38,65.98,32.18,0.9,0.0
20230807:1310,712.97,995.35,63.73,33.79,0.76,0.0
20230807:1410,658.11,905.16,56.25,35.03,1.03,0.0
20230807:1510,555.96,750.04,46.22,35.81,1.17,0.0
20230807:1610,406.11,543.7,35.17,36.06,1.1,0.0
20230807:1710,219.05,312.63,23.78,35.92,0.97,0.0
20230807:1810,48.55,99.16,12.44,35.35,0.69,0.0
20230807:1910,0.0,3.62,1.46,34.34,0.55,0.0
20230807:2010,0.0,0.0,0.0,32.7,1.17,0.0
20230807:2110,0.0,0.0,0.0,30.76,1.59,0.0
20230807:2210,0.0,0.0,0.0,29.01,1.59,0.0
20230807:2310,0.0,0.0,0.0,27.74,1.86,0.0
20230808:0010,0.0,0.0,0.0,25.98,1.59,0.0
20230808:0110,0.0,0.0,0.0,25.41,2.07,0.0
20230808:0210,0.0,0.0,0.0,24.84,2.48,0.0
20230808:0310,0.0,0.0,0.0,23.96,2.28,0.0
20230808:0410,0.0,0.0,0.0,23.21,2.21,0.0
20230808:0510,0.0,0.0,0.0,22.7,2.0,0.0
20230808:0610,25.44,47.53,8.6,22.55,1.93,0.0
20230808:0710,158.38,225.55,19.86,23.86,2.34,0.0
20230808:0810,354.09,449.17,31.27,25.87,2.14,0.0
20230808:0910,524.28,670.66,42.48,28.19,1.66,0.0
20230808:1010,635.34,841.31,52.93,30.54,1.31,0.0
20230808:1110,699.9,959.61,61.46,32.81,1.03,0.0
20230808:1210,725.53,1014.84,65.71,34.93,1.03,0.0
20230808:1310,708.32,983.64,63.46,36.75,1.59,0.0
20230808:1410,651.01,888.78,56.01,38.09,2.21,0.0
20230808:1510,546.22,731.85,46.02,38.8,2.69,0.0
20230808:1610,387.99,517.87,34.97,38.99,2.97,0.0
20230808:1710,206.61,295.58,23.58,38.74,2.69,0.0
20230808:1810,50.67,95.97,12.24,38.13,2.28,0.0
20230808:1910,0.0,1.81,1.25,36.67,2.0,0.0
20230808:2010,0.0,0.0,0.0,34.9,2.34,0.0
20230808:2110,0.0,0.0,0.0,33.36,2.55,0.0
20230808:2210,0.0,0.0,0.0,32.14,2.62,0.0
20230808:2310,0.0,0.0,0.0,31.05,2.21,0.0
20230809:0010,0.0,0.0,0.0,29.82,1.72,0.0
20230809:0110,0.0,0.0,0.0,28.42,1.24,0.0
20230809:0210,0.0,0.0,0.0,29.0,0.76,0.0
20230809:0310,0.0,0.0,0.0,27.21,0.97,0.0
20230809:0410,0.0,0.0,0.0,25.29,1.52,0.0
20230809:0510,0.0,0.0,0.0,24.26,1.45,0.0
20230809:0610,26.94,48.96,8.44,23.88,1.45,0.0
20230809:0710,149.14,212.64,19.71,26.12,1.03,0.0
20230809:0810,328.46,429.24,31.12,29.61,0.76,0.0
20230809:0910,493.62,651.21,42.32,32.4,0.9,0.0
20230809:1010,619.95,835.74,52.74,34.8,1.52,0.0
20230809:1110,697.93,951.69,61.22,36.64,2.34,0.0
20230809:1210,725.76,994.76,65.42,38.07,2.9,0.0
20230809:1310,676.82,922.47,63.18,39.36,3.31,0.0
20230809:1410,494.62,662.51,55.77,40.47,3.86,0.0
20230809:1510,332.01,443.7,45.8,40.69,4.34,0.0
20230809:1610,396.69,529.46,34.77,39.09,3.03,0.0
20230809:1710,90.04,134.06,23.38,39.56,2.69,0.0
20230809:1810,50.8,87.83,12.04,38.33,3.38,0.0
20230809:1910,0.0,0.0,0.0,36.58,3.17,0.0
20230809:2010,0.0,0.0,0.0,34.52,2.83,0.0
20230809:2110,0.0,0.0,0.0,33.06,2.48,0.0
20230809:2210,0.0,0.0,0.0,31.88,2.28,0.0
20230809:2310,0.0,0.0,0.0,30.75,2.28,0.0
20230810:0010,0.0,0.0,0.0,29.83,2.28,0.0
20230810:0110,0.0,0.0,0.0,28.99,2.28,0.0
20230810:0210,0.0,0.0,0.0,28.24,2.21,0.0
20230810:0310,0.0,0.0,0.0,27.49,2.28,0.0
20230810:0410,0.0,0.0,0.0,26.75,2.28,0.0
20230810:0510,0.0,0.0,0.0,26.01,2.28,0.0
20230810:0610,21.71,43.29,8.28,25.47,2.21,0.0
20230810:0710,160.54,233.0,19.56,25.99,1.72,0.0
20230810:0810,362.63,465.19,30.97,28.3,2.28,0.0
20230810:0910,537.91,691.15,42.16,30.46,2.41,0.0
20230810:1010,662.15,870.98,52.55,32.5,2.62,0.0
20230810:1110,726.66,974.56,60.98,34.23,2.83,0.0
20230810:1210,745.69,1011.62,65.14,35.59,2.9,0.0
20230810:1310,728.09,992.48,62.9,36.67,2.76,0.0
20230810:1410,669.82,908.14,55.52,37.42,2.62,0.0
20230810:1510,560.81,751.51,45.58,37.86,2.41,0.0
20230810:1610,407.65,545.32,34.56,37.85,2.07,0.0
20230810:1710,217.95,313.55,23.18,37.51,1.72,0.0
20230810:1810,42.98,94.06,11.83,36.85,1.52,0.0
20230810:1910,0.0,0.0,0.0,35.57,1.1,0.0
20230810:2010,0.0,0.0,0.0,32.99,1.03,0.0
20230810:2110,0.0,0.0,0.0,30.73,1.17,0.0
20230810:2210,0.0,0.0,0.0,29.04,1.24,0.0
20230810:2310,0.0,0.0,0.0,27.56,1.52,0.0
20230811:0010,0.0,0.0,0.0,26.61,1.86,0.0
20230811:0110,0.0,0.0,0.0,25.39,2.28,0.0
20230811:0210,0.0,0.0,0.0,24.92,2.69,0.0
20230811:0310,0.0,0.0,0.0,24.4,2.83,0.0
20230811:0410,0.0,0.0,0.0,23.92,2.83,0.0
20230811:0510,0.0,0.0,0.0,23.41,2.62,0.0
20230811:0610,18.62,39.14,8.12,23.15,2.28,0.0
20230811:0710,162.5,234.67,19.41,24.02,1.79,0.0
20230811:0810,367.64,469.87,30.82,26.79,1.79,0.0
20230811:0910,535.68,694.73,41.99,29.38,1.24,0.0
20230811:1010,647.42,877.12,52.36,31.66,0.69,0.0
20230811:1110,696.79,980.99,60.74,33.83,0.34,0.0
20230811:1210,711.98,1024.32,64.85,35.53,0.21,0.0
20230811:1310,706.9,1006.07,62.62,36.79,0.69,0.0
20230811:1410,653.46,913.23,55.27,37.6,0.97,0.0
20230811:1510,548.61,750.65,45.35,38.06,1.03,0.0
20230811:1610,404.35,547.24,34.35,38.11,1.1,0.0
20230811:1710,215.0,310.92,22.97,37.91,1.17,0.0
20230811:1810,41.66,91.78,11.61,37.4,1.38,0.0
20230811:1910,0.0,0.0,0.0,36.28,1.52,0.0
20230811:2010,0.0,0.0,0.0,34.25,2.14,0.0
20230811:2110,0.0,0.0,0.0,32.7,2.28,0.0
20230811:2210,0.0,0.0,0.0,31.3,2.21,0.0
20230811:2310,0.0,0.0,0.0,29.81,2.0,0.0
20230812:0010,0.0,0.0,0.0,28.05,1.59,0.0
20230812:0110,0.0,0.0,0.0,26.81,1.31,0.0
20230812:0210,0.0,0.0,0.0,26.28,1.17,0.0
20230812:0310,0.0,0.0,0.0,24.74,1.38,0.0
20230812:0410,0.0,0.0,0.0,23.56,1.66,0.0
20230812:0510,0.0,0.0,0.0,22.71,1.52,0.0
20230812:0610,19.22,39.52,7.96,22.28,1.31,0.0
20230812:0710,159.6,231.89,19.26,24.32,1.03,0.0
20230812:0810,361.63,466.0,30.66,27.37,1.17,0.0
20230812:0910,532.0,690.91,41.83,29.78,1.24,0.0
20230812:1010,641.4,867.67,52.17,31.97,0.76,0.0
20230812:1110,689.34,971.22,60.5,33.94,0.28,0.0
20230812:1210,716.64,1007.15,64.56,35.6,0.97,0.0
20230812:1310,715.29,995.15,62.32,36.75,1.59,0.0
20230812:1410,660.97,908.31,55.01,37.43,1.72,0.0
20230812:1510,554.97,750.06,45.12,37.7,1.66,0.0
20230812:1610,399.28,536.19,34.13,37.62,1.52,0.0
20230812:1710,211.33,304.45,22.75,37.22,1.45,0.0
20230812:1810,40.18,89.34,11.39,36.71,1.59,0.0
20230812:1910,0.0,0.0,0.0,35.72,1.52,0.0
20230812:2010,0.0,0.0,0.0,34.14,1.93,0.0
20230812:2110,0.0,0.0,0.0,32.61,2.34,0.0
20230812:2210,0.0,0.0,0.0,31.18,2.41,0.0
20230812:2310,0.0,0.0,0.0,29.93,2.14,0.0
20230813:0010,0.0,0.0,0.0,28.73,2.0,0.0
20230813:0110,0.0,0.0,0.0,27.3,1.45,0.0
20230813:0210,0.0,0.0,0.0,26.05,1.66,0.0
20230813:0310,0.0,0.0,0.0,25.17,1.79,0.0
20230813:0410,0.0,0.0,0.0,24.38,1.66,0.0
20230813:0510,0.0,0.0,0.0,23.68,1.52,0.0
20230813:0610,17.74,37.68,7.8,23.31,1.59,0.0
20230813:0710,158.03,229.4,19.1,24.92,2.0,0.0
20230813:0810,364.39,464.13,30.51,27.0,2.34,0.0
20230813:0910,539.41,689.23,41.66,29.38,2.34,0.0
20230813:1010,656.65,861.48,51.97,31.54,2.34,0.0
20230813:1110,725.86,970.92,60.25,33.54,2.69,0.0
20230813:1210,744.79,1000.67,64.26,35.17,3.31,0.0
20230813:1310,730.62,981.49,62.03,36.33,3.59,0.0
20230813:1410,667.91,890.12,54.75,37.13,3.72,0.0
20230813:1510,561.76,739.31,44.88,37.59,3.93,0.0
20230813:1610,406.76,534.13,33.91,37.29,4.21,0.0
20230813:1710,212.59,302.74,22.54,36.68,4.14,0.0
20230813:1810,39.87,87.49,11.17,35.5,3.93,0.0
20230813:1910,0.0,0.0,0.0,33.82,3.52,0.0
20230813:2010,0.0,0.0,0.0,31.88,2.97,0.0
20230813:2110,0.0,0.0,0.0,30.32,2.48,0.0
20230813:2210,0.0,0.0,0.0,28.96,2.07,0.0
20230813:2310,0.0,0.0,0.0,27.86,2.0,0.0
20230814:0010,0.0,0.0,0.0,26.83,2.14,0.0
20230814:0110,0.0,0.0,0.0,25.99,2.21,0.0
20230814:0210,0.0,0.0,0.0,25.21,2.14,0.0
20230814:0310,0.0,0.0,0.0,24.49,2.0,0.0
20230814:0410,0.0,0.0,0.0,23.57,1.72,0.0
20230814:0510,0.0,0.0,0.0,22.77,1.52,0.0
20230814:0610,17.17,36.73,7.64,22.22,1.31,0.0
20230814:0710,160.21,232.22,18.95,23.63,0.83,0.0
20230814:0810,365.06,468.33,30.35,26.62,1.24,0.0
20230814:0910,541.5,695.01,41.49,28.68,1.72,0.0
20230814:1010,660.61,862.61,51.77,30.48,2.34,0.0
20230814:1110,729.6,964.49,60.0,31.99,2.97,0.0
20230814:1210,759.47,1012.61,63.96,33.2,3.24,0.0
20230814:1310,747.86,999.55,61.73,34.11,3.24,0.0
20230814:1410,683.96,906.62,54.48,34.86,3.31,0.0
20230814:1510,565.23,739.2,44.64,35.29,3.38,0.0
20230814:1610,375.8,491.02,33.68,35.29,3.45,0.0
20230814:1710,214.09,302.71,22.31,34.87,3.38,0.0
20230814:1810,43.49,86.63,10.94,34.05,3.17,0.0
20230814:1910,0.0,0.0,0.0,32.61,2.21,0.0
20230814:2010,0.0,0.0,0.0,30.91,2.07,0.0
20230814:2110,0.0,0.0,0.0,29.51,2.21,0.0
20230814:2210,0.0,0.0,0.0,28.26,2.28,0.0
20230814:2310,0.0,0.0,0.0,27.13,2.21,0.0
20230815:0010,0.0,0.0,0.0,26.16,2.14,0.0
20230815:0110,0.0,0.0,0.0,25.31,1.93,0.0
20230815:0210,0.0,0.0,0.0,24.13,1.52,0.0
20230815:0310,0.0,0.0,0.0,23.13,1.24,0.0
20230815:0410,0.0,0.0,0.0,22.41,1.24,0.0
20230815:0510,0.0,0.0,0.0,21.77,1.17,0.0
20230815:0610,15.89,34.93,7.48,21.46,1.1,0.0
20230815:0710,161.32,233.42,18.79,22.78,0.55,0.0
20230815:0810,364.84,469.57,30.2,26.14,0.69,0.0
20230815:0910,536.51,696.59,41.32,28.56,0.9,0.0
20230815:1010,648.37,859.43,51.56,30.71,1.45,0.0
20230815:1110,722.38,972.37,59.74,32.49,2.0,0.0
20230815:1210,749.26,1015.41,63.65,33.91,2.41,0.0
20230815:1310,740.72,1001.28,61.42,34.95,2.76,0.0
20230815:1410,674.55,902.25,54.21,35.67,2.9,0.0
20230815:1510,487.2,639.31,44.4,36.09,3.1,0.0
20230815:1610,266.77,353.43,33.45,36.18,3.24,0.0
20230815:1710,191.99,269.81,22.08,35.63,3.38,0.0
20230815:1810,44.56,76.77,10.71,34.49,3.45,0.0
20230815:1910,0.0,0.0,0.0,32.73,2.97,0.0
20230815:2010,0.0,0.0,0.0,31.08,2.62,0.0
20230815:2110,0.0,0.0,0.0,29.81,2.41,0.0
20230815:2210,0.0,0.0,0.0,28.66,2.28,0.0
20230815:2310,0.0,0.0,0.0,27.69,2.21,0.0
20230816:0010,0.0,0.0,0.0,26.81,2.07,0.0
20230816:0110,0.0,0.0,0.0,25.67,1.79,0.0
20230816:0210,0.0,0.0,0.0,24.5,1.66,0.0
20230816:0310,0.0,0.0,0.0,23.41,1.59,0.0
20230816:0410,0.0,0.0,0.0,22.65,1.45,0.0
20230816:0510,0.0,0.0,0.0,21.99,1.24,0.0
20230816:0610,17.9,37.25,7.32,21.64,1.1,0.0
20230816:0710,159.6,230.57,18.64,23.03,0.62,0.0
20230816:0810,364.64,468.85,30.04,26.27,0.83,0.0
20230816:0910,534.52,692.68,41.15,28.68,1.03,0.0
20230816:1010,652.31,864.84,51.36,30.66,1.45,0.0
20230816:1110,723.44,972.93,59.48,32.3,2.0,0.0
20230816:1210,755.37,1021.18,63.34,33.56,2.48,0.0
20230816:1310,742.41,1000.7,61.11,34.41,2.76,0.0
20230816:1410,683.97,912.51,53.93,35.04,2.9,0.0
20230816:1510,573.02,752.52,44.14,35.34,3.03,0.0
20230816:1610,411.22,538.41,33.21,35.15,3.03,0.0
20230816:1710,212.11,300.78,21.85,34.71,3.17,0.0
20230816:1810,37.48,82.63,10.48,33.86,2.97,0.0
20230816:1910,0.0,0.0,0.0,32.69,1.79,0.0
20230816:2010,0.0,0.0,0.0,31.03,2.0,0.0
20230816:2110,0.0,0.0,0.0,29.53,2.41,0.0
20230816:2210,0.0,0.0,0.0,28.22,2.48,0.0
20230816:2310,0.0,0.0,0.0,27.13,2.28,0.0
20230817:0010,0.0,0.0,0.0,26.21,2.07,0.0
20230817:0110,0.0,0.0,0.0,25.21,1.52,0.0
20230817:0210,0.0,0.0,0.0,24.01,1.24,0.0
20230817:0310,0.0,0.0,0.0,23.11,1.17,0.0
20230817:0410,0.0,0.0,0.0,22.53,1.03,0.0
20230817:0510,0.0,0.0,0.0,21.97,1.03,0.0
20230817:0610,15.98,34.66,7.16,21.46,1.03,0.0
20230817:0710,158.65,229.97,18.48,23.09,0.55,0.0
20230817:0810,360.08,463.12,29.88,26.26,0.76,0.0
20230817:0910,531.07,684.33,40.97,28.72,1.38,0.0
20230817:1010,651.21,853.77,51.15,30.87,2.14,0.0
20230817:1110,728.38,966.59,59.22,32.57,2.9,0.0
20230817:1210,759.41,1014.82,63.03,33.83,3.31,0.0
20230817:1310,743.61,994.37,60.8,34.69,3.38,0.0
20230817:1410,675.24,895.24,53.65,35.26,3.38,0.0
20230817:1510,566.09,741.71,43.89,35.58,3.31,0.0
20230817:1610,406.38,532.32,32.97,35.55,3.24,0.0
20230817:1710,208.76,296.91,21.61,35.1,3.24,0.0
20230817:1810,36.74,80.41,10.23,34.18,3.1,0.0
20230817:1910,0.0,0.0,0.0,32.54,2.48,0.0
20230817:2010,0.0,0.0,0.0,30.83,2.62,0.0
20230817:2110,0.0,0.0,0.0,29.36,2.76,0.0
20230817:2210,0.0,0.0,0.0,28.1,2.62,0.0
20230817:2310,0.0,0.0,0.0,27.09,2.41,0.0
20230818:0010,0.0,0.0,0.0,26.25,2.28,0.0
20230818:0110,0.0,0.0,0.0,25.46,2.21,0.0
20230818:0210,0.0,0.0,0.0,24.78,2.21,0.0
20230818:0310,0.0,0.0,0.0,24.21,2.14,0.0
20230818:0410,0.0,0.0,0.0,23.73,2.07,0.0
20230818:0510,0.0,0.0,0.0,23.09,2.0,0.0
20230818:0610,16.03,34.76,6.99,22.67,1.72,0.0
20230818:0710,155.5,222.52,18.33,23.28,1.38,0.0
20230818:0810,364.49,461.36,29.72,25.65,2.21,0.0
20230818:0910,570.6,721.77,40.8,27.81,2.76,0.0
20230818:1010,681.44,877.28,50.94,29.74,3.24,0.0
20230818:1110,627.75,811.33,58.96,31.43,3.72,0.0
20230818:1210,678.25,884.7,62.71,32.68,4.07,0.0
20230818:1310,749.16,984.63,60.48,33.59,4.34,0.0
20230818:1410,680.41,885.7,53.36,33.95,4.48,0.0
20230818:1510,388.85,500.14,43.63,33.93,4.48,0.0
20230818:1610,291.32,377.62,32.72,33.36,4.41,0.0
20230818:1710,172.87,238.99,21.37,32.73,4.21,0.0
20230818:1810,32.86,78.79,9.99,31.88,3.79,0.0
20230818:1910,0.0,0.0,0.0,30.76,3.1,0.0
20230818:2010,0.0,0.0,0.0,29.17,2.9,0.0
20230818:2110,0.0,0.0,0.0,27.91,2.69,0.0
20230818:2210,0.0,0.0,0.0,26.8,2.48,0.0
20230818:2310,0.0,0.0,0.0,25.94,2.28,0.0
20230819:0010,0.0,0.0,0.0,25.21,2.0,0.0
20230819:0110,0.0,0.0,0.0,24.55,1.72,0.0
20230819:0210,0.0,0.0,0.0,23.69,1.31,0.0
20230819:0310,0.0,0.0,0.0,23.02,0.69,0.0
20230819:0410,0.0,0.0,0.0,23.36,0.0,0.0
20230819:0510,0.0,0.0,0.0,22.11,0.62,0.0
20230819:0610,15.85,34.22,6.83,21.47,0.83,0.0
20230819:0710,155.4,224.95,18.17,22.76,0.41,0.0
20230819:0810,354.17,456.55,29.56,25.7,0.28,0.0
20230819:0910,520.28,681.33,40.62,28.24,0.21,0.0
20230819:1010,631.81,852.28,50.73,30.36,0.41,0.0
20230819:1110,710.08,965.39,58.69,32.22,1.31,0.0
20230819:1210,736.63,1000.86,62.39,33.75,2.07,0.0
20230819:1310,727.25,985.63,60.15,34.9,2.41,0.0
20230819:1410,668.81,897.49,53.06,35.69,2.55,0.0
20230819:1510,556.81,736.28,43.36,36.17,2.62,0.0
20230819:1610,396.09,523.21,32.47,36.24,2.55,0.0
20230819:1710,200.21,287.97,21.12,35.94,2.41,0.0
20230819:1810,33.13,74.98,9.74,35.22,2.28,0.0
20230819:1910,0.0,0.0,0.0,33.67,2.14,0.0
20230819:2010,0.0,0.0,0.0,31.94,2.48,0.0
20230819:2110,0.0,0.0,0.0,30.49,2.62,0.0
20230819:2210,0.0,0.0,0.0,29.26,2.34,0.0
20230819:2310,0.0,0.0,0.0,28.25,1.93,0.0
20230820:0010,0.0,0.0,0.0,27.19,1.59,0.0
20230820:0110,0.0,0.0,0.0,25.8,1.24,0.0
20230820:0210,0.0,0.0,0.0,24.96,0.97,0.0
20230820:0310,0.0,0.0,0.0,24.58,0.76,0.0
20230820:0410,0.0,0.0,0.0,24.23,0.55,0.0
20230820:0510,0.0,0.0,0.0,23.53,0.69,0.0
20230820:0610,15.94,34.36,6.66,22.37,1.1,0.0
20230820:0710,155.18,225.62,18.01,23.74,0.55,0.0
20230820:0810,353.45,458.93,29.4,27.31,0.34,0.0
20230820:0910,514.39,680.67,40.44,30.0,0.14,0.0
20230820:1010,621.53,851.42,50.51,32.32,0.21,0.0
20230820:1110,690.74,957.99,58.42,34.41,0.9,0.0
20230820:1210,717.67,998.57,62.07,36.04,1.45,0.0
20230820:1310,702.67,977.06,59.83,37.14,1.59,0.0
20230820:1410,644.88,889.26,52.77,37.86,1.52,0.0
20230820:1510,540.24,734.35,43.09,38.16,1.31,0.0
20230820:1610,387.41,524.42,32.22,38.12,1.03,0.0
20230820:1710,197.4,289.38,20.87,37.75,0.76,0.0
20230820:1810,31.14,72.76,9.49,37.21,0.83,0.0
20230820:1910,0.0,0.0,0.0,35.83,1.45,0.0
20230820:2010,0.0,0.0,0.0,34.11,1.86,0.0
20230820:2110,0.0,0.0,0.0,32.42,1.59,0.0
20230820:2210,0.0,0.0,0.0,30.8,1.17,0.0
20230820:2310,0.0,0.0,0.0,31.4,0.62,0.0
20230821:0010,0.0,0.0,0.0,30.23,0.28,0.0
20230821:0110,0.0,0.0,0.0,26.95,1.93,0.0
20230821:0210,0.0,0.0,0.0,26.23,2.34,0.0
20230821:0310,0.0,0.0,0.0,25.7,2.21,0.0
20230821:0410,0.0,0.0,0.0,24.95,1.79,0.0
20230821:0510,0.0,0.0,0.0,24.39,1.66,0.0
20230821:0610,15.67,33.94,6.5,23.82,1.66,0.0
20230821:0710,151.57,220.92,17.85,25.68,1.45,0.0
20230821:0810,353.1,455.11,29.23,28.86,1.86,0.0
20230821:0910,519.93,675.66,40.26,31.37,1.66,0.0
20230821:1010,629.16,845.17,50.3,33.77,1.45,0.0
20230821:1110,697.05,963.31,58.14,35.96,1.45,0.0
20230821:1210,711.06,997.44,61.74,37.67,1.45,0.0
20230821:1310,693.13,975.9,59.5,38.8,1.38,0.0
20230821:1410,638.3,893.02,52.46,39.35,1.17,0.0
20230821:1510,527.47,726.97,42.81,39.67,0.9,0.0
20230821:1610,375.82,514.99,31.96,39.58,0.62,0.0
20230821:1710,187.03,276.8,20.62,39.28,0.34,0.0
20230821:1810,30.28,70.51,9.23,38.71,0.83,0.0
20230821:1910,0.0,0.0,0.0,37.34,1.17,0.0
20230821:2010,0.0,0.0,0.0,35.48,1.17,0.0
20230821:2110,0.0,0.0,0.0,33.45,1.79,0.0
20230821:2210,0.0,0.0,0.0,32.13,2.69,0.0
20230821:2310,0.0,0.0,0.0,31.32,3.38,0.0
20230822:0010,0.0,0.0,0.0,30.35,3.24,0.0
20230822:0110,0.0,0.0,0.0,29.41,2.62,0.0
20230822:0210,0.0,0.0,0.0,28.59,1.79,0.0
20230822:0310,0.0,0.0,0.0,27.53,1.59,0.0
20230822:0410,0.0,0.0,0.0,26.79,1.79,0.0
20230822:0510,0.0,0.0,0.0,26.06,2.0,0.0
20230822:0610,15.0,33.17,6.33,25.57,2.0,0.0
20230822:0710,150.27,219.3,17.69,26.57,1.79,0.0
20230822:0810,352.96,454.37,29.07,29.35,2.34,0.0
20230822:0910,522.54,674.91,40.07,31.59,2.28,0.0
20230822:1010,635.1,844.24,50.08,33.82,2.14,0.0
20230822:1110,696.18,949.38,57.87,35.82,2.07,0.0
20230822:1210,719.08,995.21,61.41,37.4,2.07,0.0
20230822:1310,710.12,986.61,59.16,38.53,2.07,0.0
20230822:1410,644.1,884.75,52.16,39.23,2.14,0.0
20230822:1510,532.56,720.05,42.53,39.57,2.14,0.0
20230822:1610,380.05,512.91,31.69,39.49,2.0,0.0
20230822:1710,189.33,278.07,20.36,39.11,1.86,0.0
20230822:1810,30.86,68.65,8.97,38.45,1.86,0.0
20230822:1910,0.0,0.0,0.0,36.94,1.31,0.0
20230822:2010,0.0,0.0,0.0,35.36,2.21,0.0
20230822:2110,0.0,0.0,0.0,33.74,2.9,0.0
20230822:2210,0.0,0.0,0.0,32.48,3.17,0.0
20230822:2310,0.0,0.0,0.0,31.36,3.1,0.0
20230823:0010,0.0,0.0,0.0,30.4,3.1,0.0
20230823:0110,0.0,0.0,0.0,29.51,2.9,0.0
20230823:0210,0.0,0.0,0.0,28.63,2.48,0.0
20230823:0310,0.0,0.0,0.0,27.75,1.93,0.0
20230823:0410,0.0,0.0,0.0,26.94,1.66,0.0
20230823:0510,0.0,0.0,0.0,26.04,1.59,0.0
20230823:0610,14.38,32.3,6.17,25.2,1.52,0.0
20230823:0710,152.31,222.98,17.53,26.25,1.52,0.0
20230823:0810,354.47,456.83,28.9,29.2,2.07,0.0
20230823:0910,525.62,678.9,39.89,31.52,2.28,0.0
20230823:1010,633.87,842.18,49.85,33.53,2.07,0.0
20230823:1110,700.71,953.62,57.59,35.31,2.07,0.0
20230823:1210,726.78,999.47,61.08,36.74,2.28,0.0
20230823:1310,715.23,984.46,58.82,37.85,2.41,0.0
20230823:1410,652.07,887.8,51.85,38.62,2.55,0.0
20230823:1510,539.44,722.78,42.25,38.99,2.69,0.0
20230823:1610,384.23,513.11,31.42,38.98,3.03,0.0
20230823:1710,189.66,276.72,20.1,38.56,3.24,0.0
20230823:1810,29.52,66.72,8.7,37.64,3.24,0.0
20230823:1910,0.0,0.0,0.0,35.9,2.14,0.0
20230823:2010,0.0,0.0,0.0,34.39,1.93,0.0
20230823:2110,0.0,0.0,0.0,33.0,2.28,0.0
20230823:2210,0.0,0.0,0.0,31.73,2.62,0.0
20230823:2310,0.0,0.0,0.0,30.71,2.76,0.0
20230824:0010,0.0,0.0,0.0,29.72,2.69,0.0
20230824:0110,0.0,0.0,0.0,28.78,2.41,0.0
20230824:0210,0.0,0.0,0.0,27.79,2.14,0.0
20230824:0310,0.0,0.0,0.0,26.77,2.0,0.0
20230824:0410,0.0,0.0,0.0,26.03,2.0,0.0
20230824:0510,0.0,0.0,0.0,25.26,1.93,0.0
20230824:0610,14.75,32.59,6.0,24.51,1.79,0.0
20230824:0710,154.44,225.51,17.37,25.75,1.52,0.0
20230824:0810,361.31,464.78,28.74,28.71,2.0,0.0
20230824:0910,525.96,681.61,39.7,30.98,1.79,0.0
20230824:1010,639.53,857.42,49.63,33.0,1.45,0.0
20230824:1110,703.09,969.32,57.3,34.94,1.38,0.0
20230824:1210,723.37,1009.77,60.75,36.59,1.52,0.0
20230824:1310,712.59,993.63,58.48,37.75,1.72,0.0
20230824:1410,656.95,901.89,51.53,38.52,2.07,0.0
20230824:1510,544.89,732.88,41.96,38.82,2.34,0.0
20230824:1610,384.23,514.29,31.15,38.78,2.62,0.0
20230824:1710,187.72,273.76,19.83,38.33,2.9,0.0
20230824:1810,28.04,65.1,8.43,37.57,2.97,0.0
20230824:1910,0.0,0.0,0.0,36.05,3.17,0.0
20230824:2010,0.0,0.0,0.0,34.29,3.52,0.0
20230824:2110,0.0,0.0,0.0,32.83,3.24,0.0
20230824:2210,0.0,0.0,0.0,31.52,2.83,0.0
20230824:2310,0.0,0.0,0.0,30.44,2.48,0.0
20230825:0010,0.0,0.0,0.0,29.67,2.21,0.0
20230825:0110,0.0,0.0,0.0,28.81,1.93,0.0
20230825:0210,0.0,0.0,0.0,27.73,1.59,0.0
20230825:0310,0.0,0.0,0.0,26.29,1.52,0.0
20230825:0410,0.0,0.0,0.0,24.84,1.45,0.0
20230825:0510,0.0,0.0,0.0,23.99,1.03,0.0
20230825:0610,14.34,31.95,5.83,24.59,0.48,0.0
20230825:0710,150.25,218.14,17.21,24.78,0.34,0.0
20230825:0810,347.53,454.23,28.57,28.45,0.21,0.0
20230825:0910,509.25,670.18,39.52,31.49,0.83,0.0
20230825:1010,632.0,847.19,49.4,33.44,1.52,0.0
20230825:1110,721.49,977.37,57.02,35.03,2.41,0.0
20230825:1210,751.99,1017.99,60.41,36.33,3.31,0.0
20230825:1310,742.18,995.05,58.13,37.28,4.28,0.0
20230825:1410,676.24,891.6,51.21,37.78,5.24,0.0
20230825:1510,553.35,718.96,41.67,37.85,5.86,0.0
20230825:1610,417.23,543.7,30.87,37.37,6.28,0.0
20230825:1710,110.86,159.5,19.56,36.23,5.66,0.0
20230825:1810,19.26,39.14,8.16,35.26,4.83,0.0
20230825:1910,0.0,0.0,0.0,33.78,3.79,0.0
20230825:2010,0.0,0.0,0.0,32.44,3.17,0.0
20230825:2110,0.0,0.0,0.0,31.33,2.9,0.0
20230825:2210,0.0,0.0,0.0,30.24,2.9,0.0
20230825:2310,0.0,0.0,0.0,29.28,2.97,0.0
20230826:0010,0.0,0.0,0.0,28.43,2.76,0.0
20230826:0110,0.0,0.0,0.0,27.67,2.48,0.0
20230826:0210,0.0,0.0,0.0,26.8,2.48,0.0
20230826:0310,0.0,0.0,0.0,26.12,2.34,0.0
20230826:0410,0.0,0.0,0.0,25.46,1.79,0.0
20230826:0510,0.0,0.0,0.0,24.57,0.97,0.0
20230826:0610,12.88,28.48,5.67,23.96,1.52,0.0
20230826:0710,26.57,47.3,17.05,25.53,1.86,0.0
20230826:0810,43.12,69.06,28.4,27.37,3.17,0.0
20230826:0910,113.15,155.14,39.32,28.55,4.14,0.0
20230826:1010,45.65,72.84,49.17,29.56,4.69,0.0
20230826:1110,106.51,148.52,56.73,31.05,5.59,0.0
20230826:1210,63.99,96.49,60.06,31.48,6.41,0.0
20230826:1310,603.51,763.63,57.79,31.95,6.83,0.0
20230826:1410,314.31,401.85,50.89,32.71,7.03,0.0
20230826:1510,541.42,680.36,41.37,32.91,7.59,0.0
20230826:1610,374.69,475.46,30.59,32.46,7.45,0.0
20230826:1710,186.57,261.57,19.29,31.82,7.31,0.0
20230826:1810,28.72,59.38,7.89,30.71,6.62,0.0
20230826:1910,0.0,0.0,0.0,29.29,5.31,0.0
20230826:2010,0.0,0.0,0.0,28.17,4.48,0.0
20230826:2110,0.0,0.0,0.0,26.91,3.1,0.0
20230826:2210,0.0,0.0,0.0,25.34,3.1,0.0
20230826:2310,0.0,0.0,0.0,23.6,3.17,0.0
20230827:0010,0.0,0.0,0.0,22.25,3.03,0.0
20230827:0110,0.0,0.0,0.0,20.99,3.79,0.0
20230827:0210,0.0,0.0,0.0,19.61,4.07,0.0
20230827:0310,0.0,0.0,0.0,18.3,4.21,0.0
20230827:0410,0.0,0.0,0.0,17.4,4.0,0.0
20230827:0510,0.0,0.0,0.0,16.88,3.86,0.0
20230827:0610,9.8,24.77,5.5,16.39,3.93,0.0
20230827:0710,152.41,207.62,16.88,16.54,4.0,0.0
20230827:0810,383.05,459.3,28.23,17.32,4.48,0.0
20230827:0910,584.84,695.73,39.13,18.82,4.76,0.0
20230827:1010,725.43,873.61,48.94,20.5,5.66,0.0
20230827:1110,797.22,974.94,56.44,22.02,5.86,0.0
20230827:1210,815.48,1008.57,59.72,22.76,5.38,0.0
20230827:1310,808.5,1003.56,57.43,23.94,5.45,0.0
20230827:1410,667.89,821.61,50.56,25.01,5.66,0.0
20230827:1510,625.59,763.97,41.07,24.86,5.66,0.0
20230827:1610,337.61,416.5,30.31,24.78,5.59,0.0
20230827:1710,203.39,277.13,19.01,24.27,5.24,0.0
20230827:1810,25.29,57.88,7.61,23.32,4.83,0.0
20230827:1910,0.0,0.0,0.0,22.96,4.0,0.0
20230827:2010,0.0,0.0,0.0,21.85,3.31,0.0
20230827:2110,0.0,0.0,0.0,20.91,2.83,0.0
20230827:2210,0.0,0.0,0.0,19.99,2.62,0.0
20230827:2310,0.0,0.0,0.0,19.1,2.48,0.0
20230828:0010,0.0,0.0,0.0,18.33,2.14,0.0
20230828:0110,0.0,0.0,0.0,17.64,1.66,0.0
20230828:0210,0.0,0.0,0.0,16.89,1.1,0.0
20230828:0310,0.0,0.0,0.0,16.61,0.62,0.0
20230828:0410,0.0,0.0,0.0,16.16,0.48,0.0
20230828:0510,0.0,0.0,0.0,15.88,0.34,0.0
20230828:0610,8.33,22.82,5.33,15.64,0.14,0.0
20230828:0710,163.69,229.14,16.72,15.97,0.55,0.0
20230828:0810,382.13,469.16,28.06,17.85,1.17,0.0
20230828:0910,555.57,683.09,38.94,19.69,1.52,0.0
20230828:1010,681.71,859.13,48.7,21.61,1.72,0.0
20230828:1110,746.73,958.81,56.14,23.46,2.0,0.0
20230828:1210,777.01,1008.99,59.37,25.03,2.21,0.0
20230828:1310,772.41,998.51,57.08,26.67,2.9,0.0
20230828:1410,711.87,904.31,50.23,27.34,3.66,0.0
20230828:1510,586.05,732.17,40.77,27.54,4.07,0.0
20230828:1610,411.59,514.92,30.02,27.18,4.21,0.0
20230828:1710,197.72,273.97,18.73,26.52,4.14,0.0
20230828:1810,23.33,55.24,7.32,25.64,3.79,0.0
20230828:1910,0.0,0.0,0.0,25.78,2.0,0.0
20230828:2010,0.0,0.0,0.0,24.52,2.07,0.0
20230828:2110,0.0,0.0,0.0,23.55,1.93,0.0
20230828:2210,0.0,0.0,0.0,22.71,1.79,0.0
20230828:2310,0.0,0.0,0.0,21.88,1.86,0.0
20230829:0010,0.0,0.0,0.0,21.12,2.07,0.0
20230829:0110,0.0,0.0,0.0,20.41,2.55,0.0
20230829:0210,0.0,0.0,0.0,19.55,2.76,0.0
20230829:0310,0.0,0.0,0.0,18.74,2.48,0.0
20230829:0410,0.0,0.0,0.0,18.05,2.14,0.0
20230829:0510,0.0,0.0,0.0,17.49,2.07,0.0
20230829:0610,12.3,27.35,5.16,17.1,2.0,0.0
20230829:0710,146.23,202.08,16.55,18.02,1.38,0.0
20230829:0810,364.91,448.71,27.88,19.82,2.07,0.0
20230829:0910,524.2,645.0,38.74,21.43,2.0,0.0
20230829:1010,645.65,814.71,48.47,23.1,1.86,0.0
20230829:1110,715.87,927.14,55.85,24.69,1.66,0.0
20230829:1210,745.16,977.34,59.02,26.04,1.72,0.0
20230829:1310,744.06,979.9,56.72,26.76,1.66,0.0
20230829:1410,678.44,880.68,49.9,27.82,2.0,0.0
20230829:1510,491.42,622.5,40.46,27.8,2.21,0.0
20230829:1610,399.64,506.21,29.73,27.69,2.62,0.0
20230829:1710,168.82,232.46,18.44,26.95,3.24,0.0
20230829:1810,20.04,53.3,7.04,25.96,4.14,0.0
20230829:1910,0.0,0.0,0.0,25.4,3.79,0.0
20230829:2010,0.0,0.0,0.0,24.12,3.93,0.0
20230829:2110,0.0,0.0,0.0,23.31,3.72,0.0
20230829:2210,0.0,0.0,0.0,22.48,3.17,0.0
20230829:2310,0.0,0.0,0.0,21.69,2.76,0.0
20230830:0010,0.0,0.0,0.0,21.07,2.48,0.0
20230830:0110,0.0,0.0,0.0,20.47,2.28,0.0
20230830:0210,0.0,0.0,0.0,19.59,2.21,0.0
20230830:0310,0.0,0.0,0.0,18.84,2.28,0.0
20230830:0410,0.0,0.0,0.0,18.18,2.34,0.0
20230830:0510,0.0,0.0,0.0,17.64,2.34,0.0
20230830:0610,6.85,20.87,4.99,17.34,2.34,0.0
20230830:0710,165.98,233.96,16.39,17.61,1.72,0.0
20230830:0810,379.85,466.13,27.71,19.58,2.21,0.0
20230830:0910,466.05,569.25,38.55,21.25,2.41,0.0
20230830:1010,678.97,855.74,48.23,23.03,2.14,0.0
20230830:1110,742.83,962.05,55.55,24.72,1.86,0.0
20230830:1210,754.44,994.14,58.67,26.1,1.59,0.0
20230830:1310,732.14,967.89,56.36,27.04,1.45,0.0
20230830:1410,680.47,893.07,49.56,28.0,1.45,0.0
20230830:1510,560.39,720.76,40.15,28.38,1.59,0.0
20230830:1610,393.74,504.58,29.43,28.54,1.72,0.0
20230830:1710,184.78,260.89,18.16,28.36,1.93,0.0
20230830:1810,22.26,49.35,6.75,27.78,1.79,0.0
20230830:1910,0.0,0.0,0.0,26.57,2.0,0.0
20230830:2010,0.0,0.0,0.0,25.06,2.21,0.0
20230830:2110,0.0,0.0,0.0,23.85,2.28,0.0
20230830:2210,0.0,0.0,0.0,22.81,2.14,0.0
20230830:2310,0.0,0.0,0.0,21.85,2.07,0.0
20230831:0010,0.0,0.0,0.0,21.02,2.28,0.0
20230831:0110,0.0,0.0,0.0,20.31,2.48,0.0
20230831:0210,0.0,0.0,0.0,19.62,2.48,0.0
20230831:0310,0.0,0.0,0.0,18.94,2.34,0.0
20230831:0410,0.0,0.0,0.0,18.31,2.21,0.0
20230831:0510,0.0,0.0,0.0,17.76,2.07,0.0
20230831:0610,8.13,22.36,4.82,17.33,1.93,0.0
20230831:0710,159.29,224.0,16.22,18.21,1.72,0.0
20230831:0810,377.47,466.84,27.53,20.67,1.86,0.0
20230831:0910,545.39,682.46,38.35,22.95,1.38,0.0
20230831:1010,653.46,852.33,47.99,25.16,0.76,0.0
20230831:1110,714.18,963.0,55.24,27.18,0.55,0.0
20230831:1210,739.32,995.14,58.31,28.84,1.24,0.0
20230831:1310,738.29,988.26,55.99,30.06,1.72,0.0
20230831:1410,664.39,875.31,49.22,30.88,2.0,0.0
20230831:1510,548.02,711.15,39.83,31.32,2.0,0.0
20230831:1610,382.63,496.63,29.14,31.44,1.93,0.0
20230831:1710,170.51,243.47,17.87,31.16,1.72,0.0
20230831:1810,21.06,45.52,6.46,30.53,1.24,0.0
20230831:1910,0.0,0.0,0.0,29.46,0.76,0.0
20230831:2010,0.0,0.0,0.0,27.72,1.03,0.0
20230831:2110,0.0,0.0,0.0,25.9,1.38,0.0
20230831:2210,0.0,0.0,0.0,24.56,1.79,0.0
20230831:2310,0.0,0.0,0.0,23.5,1.86,0.0
20230901:0010,0.0,0.0,0.0,22.52,1.79,0.0
20230901:0110,0.0,0.0,0.0,21.66,1.59,0.0
20230901:0210,0.0,0.0,0.0,20.95,1.52,0.0
20230901:0310,0.0,0.0,0.0,20.05,1.45,0.0
20230901:0410,0.0,0.0,0.0,19.31,1.38,0.0
20230901:0510,0.0,0.0,0.0,18.6,1.38,0.0
20230901:0610,9.09,22.33,4.65,18.1,1.45,0.0
20230901:0710,113.84,156.57,16.05,18.86,1.03,0.0
20230901:0810,363.97,456.97,27.36,22.62,1.17,0.0
20230901:0910,486.91,614.87,38.15,25.61,1.38,0.0
20230901:1010,671.84,874.47,47.74,28.11,1.79,0.0
20230901:1110,729.33,956.7,54.94,29.95,2.69,0.0
20230901:1210,760.89,1000.26,57.95,31.12,3.38,0.0
20230901:1310,741.67,968.17,55.62,31.77,3.93,0.0
20230901:1410,487.17,623.05,48.87,32.1,4.0,0.0
20230901:1510,309.12,397.3,39.51,32.18,3.86,0.0
20230901:1610,321.81,414.21,28.84,31.97,3.93,0.0
20230901:1710,187.52,269.49,17.57,31.3,3.86,0.0
20230901:1810,0.0,5.68,6.16,29.98,2.76,0.0
20230901:1910,0.0,0.0,0.0,29.2,2.41,0.0
20230901:2010,0.0,0.0,0.0,28.23,2.41,0.0
20230901:2110,0.0,0.0,0.0,26.81,1.66,0.0
20230901:2210,0.0,0.0,0.0,25.84,1.38,0.0
20230901:2310,0.0,0.0,0.0,23.91,1.59,0.0
20230902:0010,0.0,0.0,0.0,22.13,1.1,0.0
20230902:0110,0.0,0.0,0.0,21.08,1.66,0.0
20230902:0210,0.0,0.0,0.0,19.81,1.59,0.0
20230902:0310,0.0,0.0,0.0,19.06,1.59,0.0
20230902:0410,0.0,0.0,0.0,18.28,1.59,0.0
20230902:0510,0.0,0.0,0.0,17.73,1.52,0.0
20230902:0610,9.04,22.9,4.48,17.12,1.1,0.0
20230902:0710,51.33,76.68,15.89,18.08,1.38,0.0
20230902:0810,36.42,58.65,27.18,19.51,2.41,0.0
20230902:0910,84.09,116.36,37.94,20.98,3.1,0.0
20230902:1010,148.57,192.98,47.49,22.67,3.03,0.0
20230902:1110,168.0,216.63,54.63,23.93,3.72,0.0
20230902:1210,80.12,113.52,57.59,25.07,4.07,0.0
20230902:1310,74.39,106.9,55.25,25.72,4.34,0.0
20230902:1410,39.67,64.33,48.52,26.22,4.34,0.0
20230902:1510,526.45,653.39,39.19,26.54,3.86,0.0
20230902:1610,98.49,136.22,28.53,26.16,3.24,0.0
20230902:1710,18.4,35.95,17.28,23.66,4.28,0.0
20230902:1810,9.34,22.7,5.87,20.83,3.24,0.0
20230902:1910,0.0,0.0,0.0,18.61,2.55,0.0
20230902:2010,0.0,0.0,0.0,17.8,3.1,0.0
20230902:2110,0.0,0.0,0.0,17.38,2.97,0.0
20230902:2210,0.0,0.0,0.0,17.41,2.97,0.0
20230902:2310,0.0,0.0,0.0,17.42,2.76,0.0
20230903:0010,0.0,0.0,0.0,17.43,2.62,0.0
20230903:0110,0.0,0.0,0.0,17.35,2.55,0.0
20230903:0210,0.0,0.0,0.0,17.27,2.41,0.0
20230903:0310,0.0,0.0,0.0,17.23,2.76,0.0
20230903:0410,0.0,0.0,0.0,17.28,2.97,0.0
20230903:0510,0.0,0.0,0.0,17.1,2.97,0.0
20230903:0610,8.11,21.43,4.31,17.14,2.41,0.0
20230903:0710,64.01,92.06,15.72,18.07,2.9,0.0
20230903:0810,164.24,207.82,27.0,18.42,2.21,0.0
20230903:0910,29.63,50.14,37.74,19.61,1.72,0.0
20230903:1010,363.93,446.21,47.24,21.42,2.41,0.0
20230903:1110,172.54,221.36,54.32,23.27,3.66,0.0
20230903:1210,53.8,81.35,57.23,24.23,3.66,0.0
20230903:1310,44.53,70.0,54.88,24.51,3.31,0.0
20230903:1410,39.44,63.38,48.17,23.34,2.0,0.0
20230903:1510,219.51,276.75,38.87,21.62,1.03,0.0
20230903:1610,305.13,379.03,28.22,21.19,1.24,0.0
20230903:1710,80.5,113.45,16.98,21.2,1.45,0.0
20230903:1810,10.95,33.38,5.57,20.98,1.45,0.0
20230903:1910,0.0,0.0,0.0,22.97,4.14,0.0
20230903:2010,0.0,0.0,0.0,22.57,3.79,0.0
20230903:2110,0.0,0.0,0.0,22.14,3.52,0.0
20230903:2210,0.0,0.0,0.0,21.74,3.03,0.0
20230903:2310,0.0,0.0,0.0,20.64,2.48,0.0
20230904:0010,0.0,0.0,0.0,19.25,1.66,0.0
20230904:0110,0.0,0.0,0.0,19.0,0.97,0.0
20230904:0210,0.0,0.0,0.0,18.84,1.1,0.0
20230904:0310,0.0,0.0,0.0,18.62,1.17,0.0
20230904:0410,0.0,0.0,0.0,18.43,1.1,0.0
20230904:0510,0.0,0.0,0.0,18.5,0.76,0.0
20230904:0610,0.0,2.84,4.14,18.52,0.83,0.0
20230904:0710,49.57,74.82,15.55,18.63,0.55,0.0
20230904:0810,128.16,167.34,26.82,18.88,0.62,0.0
20230904:0910,38.63,61.49,37.53,19.51,0.62,0.0
20230904:1010,86.61,119.19,46.99,19.72,0.69,0.0
20230904:1110,661.47,844.3,54.01,20.23,0.69,0.0
20230904:1210,148.21,192.03,56.86,20.64,0.9,0.0
20230904:1310,92.66,126.76,54.5,20.85,1.24,0.0
20230904:1410,438.57,541.66,47.82,21.44,1.52,0.0
20230904:1510,574.05,711.1,38.54,21.74,1.79,0.0
20230904:1610,391.17,487.1,27.91,22.12,1.45,0.0
20230904:1710,168.98,235.11,16.67,22.19,1.52,0.0
20230904:1810,13.84,32.74,5.26,21.64,2.07,0.0
20230904:1910,0.0,0.0,0.0,21.75,1.24,0.0
20230904:2010,0.0,0.0,0.0,20.51,1.31,0.0
20230904:2110,0.0,0.0,0.0,19.62,1.52,0.0
20230904:2210,0.0,0.0,0.0,18.9,1.59,0.0
20230904:2310,0.0,0.0,0.0,18.23,1.66,0.0
20230905:0010,0.0,0.0,0.0,17.43,1.45,0.0
20230905:0110,0.0,0.0,0.0,16.76,1.1,0.0
20230905:0210,0.0,0.0,0.0,16.42,0.83,0.0
20230905:0310,0.0,0.0,0.0,15.69,0.97,0.0
20230905:0410,0.0,0.0,0.0,15.02,1.17,0.0
20230905:0510,0.0,0.0,0.0,14.73,1.17,0.0
20230905:0610,5.96,18.92,3.97,14.52,1.1,0.0
20230905:0710,102.99,140.83,15.38,16.02,0.69,0.0
20230905:0810,392.46,484.62,26.64,18.05,0.69,0.0
20230905:0910,572.39,713.2,37.32,20.21,0.9,0.0
20230905:1010,626.21,797.7,46.74,22.28,0.9,0.0
20230905:1110,774.55,1026.11,53.69,23.79,0.9,0.0
20230905:1210,750.3,981.49,56.5,25.06,1.59,0.0
20230905:1310,649.18,839.76,54.13,25.86,1.52,0.0
20230905:1410,634.33,818.7,47.47,26.49,1.52,0.0
20230905:1510,550.01,700.8,38.21,26.74,1.52,0.0
20230905:1610,263.78,337.88,27.6,26.72,1.24,0.0
20230905:1710,85.49,122.89,16.37,26.44,0.9,0.0
20230905:1810,8.37,21.91,4.96,25.45,0.55,0.0
20230905:1910,0.0,0.0,0.0,24.1,1.79,0.0
20230905:2010,0.0,0.0,0.0,22.84,1.79,0.0
20230905:2110,0.0,0.0,0.0,21.79,1.66,0.0
20230905:2210,0.0,0.0,0.0,20.82,1.59,0.0
20230905:2310,0.0,0.0,0.0,20.14,1.38,0.0
20230906:0010,0.0,0.0,0.0,19.9,1.45,0.0
20230906:0110,0.0,0.0,0.0,19.56,1.59,0.0
20230906:0210,0.0,0.0,0.0,18.94,1.66,0.0
20230906:0310,0.0,0.0,0.0,18.89,1.93,0.0
20230906:0410,0.0,0.0,0.0,18.33,2.0,0.0
20230906:0510,0.0,0.0,0.0,18.09,1.86,0.0
20230906:0610,3.58,13.24,3.79,18.0,1.72,0.0
20230906:0710,61.32,89.41,15.2,19.2,1.86,0.0
20230906:0810,353.84,436.33,26.45,20.4,1.93,0.0
20230906:0910,533.74,657.55,37.11,21.8,2.0,0.0
20230906:1010,594.1,746.39,46.48,23.34,1.79,0.0
20230906:1110,470.53,590.78,53.37,25.03,2.0,0.0
20230906:1210,668.24,858.69,56.13,25.75,2.07,0.0
20230906:1310,706.2,915.98,53.75,26.08,1.86,0.0
20230906:1410,664.14,858.02,47.11,26.52,1.66,0.0
20230906:1510,522.39,666.72,37.87,26.84,1.24,0.0
20230906:1610,326.6,417.56,27.29,26.89,1.1,0.0
20230906:1710,164.91,237.01,16.06,26.97,1.17,0.0
20230906:1810,10.22,28.16,4.65,25.94,0.55,0.0
20230906:1910,0.0,0.0,0.0,25.04,1.45,0.0
20230906:2010,0.0,0.0,0.0,23.55,1.66,0.0
20230906:2110,0.0,0.0,0.0,22.49,1.72,0.0
20230906:2210,0.0,0.0,0.0,21.33,1.59,0.0
20230906:2310,0.0,0.0,0.0,20.52,1.45,0.0
20230907:0010,0.0,0.0,0.0,20.22,1.66,0.0
20230907:0110,0.0,0.0,0.0,19.95,1.79,0.0
20230907:0210,0.0,0.0,0.0,19.78,1.93,0.0
20230907:0310,0.0,0.0,0.0,19.57,1.93,0.0
20230907:0410,0.0,0.0,0.0,19.32,1.79,0.0
20230907:0510,0.0,0.0,0.0,19.03,1.72,0.0
20230907:0610,5.29,17.88,3.62,18.77,1.66,0.0
20230907:0710,109.37,152.58,15.03,20.09,1.93,0.0
20230907:0810,229.06,286.27,26.27,21.46,2.76,0.0
20230907:0910,520.48,642.26,36.9,22.78,2.21,0.0
20230907:1010,629.86,797.98,46.22,24.26,1.79,0.0
20230907:1110,354.27,447.84,53.05,25.65,1.38,0.0
20230907:1210,176.98,231.76,55.75,26.63,1.31,0.0
20230907:1310,743.84,989.18,53.36,27.15,1.24,0.0
20230907:1410,633.06,821.21,46.75,27.4,1.45,0.0
20230907:1510,469.41,593.85,37.54,27.39,1.86,0.0
20230907:1610,307.58,391.97,26.97,27.34,1.93,0.0
20230907:1710,101.87,145.23,15.75,26.89,1.66,0.0
20230907:1810,9.37,25.01,4.34,25.89,0.69,0.0
20230907:1910,0.0,0.0,0.0,25.27,1.59,0.0
20230907:2010,0.0,0.0,0.0,23.86,1.72,0.0
20230907:2110,0.0,0.0,0.0,22.74,1.86,0.0
20230907:2210,0.0,0.0,0.0,21.96,1.38,0.0
20230907:2310,0.0,0.0,0.0,21.37,0.9,0.0
20230908:0010,0.0,0.0,0.0,20.93,0.83,0.0
20230908:0110,0.0,0.0,0.0,20.71,1.45,0.0
20230908:0210,0.0,0.0,0.0,20.21,1.72,0.0
20230908:0310,0.0,0.0,0.0,19.67,2.0,0.0
20230908:0410,0.0,0.0,0.0,19.21,2.0,0.0
20230908:0510,0.0,0.0,0.0,19.05,1.86,0.0
20230908:0610,5.57,17.57,3.45,18.81,1.72,0.0
20230908:0710,150.12,212.8,14.86,19.57,1.38,0.0
20230908:0810,363.42,451.57,26.08,21.32,1.52,0.0
20230908:0910,527.02,655.54,36.68,22.99,1.66,0.0
20230908:1010,661.12,848.23,45.96,24.54,1.38,0.0
20230908:1110,737.13,964.24,52.73,25.88,1.59,0.0
20230908:1210,664.26,860.79,55.38,26.81,1.86,0.0
20230908:1310,704.46,917.53,52.98,27.57,2.07,0.0
20230908:1410,665.65,858.53,46.38,27.89,2.21,0.0
20230908:1510,539.84,683.77,37.2,27.87,2.34,0.0
20230908:1610,367.59,468.93,26.65,27.79,2.0,0.0
20230908:1710,164.92,239.4,15.44,27.62,1.59,0.0
20230908:1810,6.78,23.68,4.03,27.32,0.28,0.0
20230908:1910,0.0,0.0,0.0,25.58,1.79,0.0
20230908:2010,0.0,0.0,0.0,23.68,1.86,0.0
20230908:2110,0.0,0.0,0.0,22.51,1.86,0.0
20230908:2210,0.0,0.0,0.0,21.98,1.93,0.0
20230908:2310,0.0,0.0,0.0,21.91,2.07,0.0
20230909:0010,0.0,0.0,0.0,21.46,2.14,0.0
20230909:0110,0.0,0.0,0.0,20.89,2.0,0.0
20230909:0210,0.0,0.0,0.0,20.13,1.79,0.0
20230909:0310,0.0,0.0,0.0,19.58,1.66,0.0
20230909:0410,0.0,0.0,0.0,19.16,1.66,0.0
20230909:0510,0.0,0.0,0.0,18.91,1.52,0.0
20230909:0610,3.05,12.3,3.27,18.57,1.45,0.0
20230909:0710,135.74,191.6,14.68,19.95,0.69,0.0
20230909:0810,353.0,443.07,25.9,22.01,0.76,0.0
20230909:0910,458.16,574.8,36.47,23.49,0.83,0.0
20230909:1010,582.17,739.91,45.7,24.66,1.38,0.0
20230909:1110,642.02,821.15,52.41,25.64,2.0,0.0
20230909:1210,677.95,870.27,55.0,26.38,2.41,0.0
20230909:1310,572.73,723.47,52.6,26.58,2.83,0.0
20230909:1410,107.84,147.57,46.02,26.35,3.03,0.0
20230909:1510,124.06,166.49,36.86,25.76,3.1,0.0
20230909:1610,24.47,44.46,26.33,25.38,2.76,0.0
20230909:1710,33.16,55.81,15.13,25.16,2.28,0.0
20230909:1810,6.49,19.09,3.72,24.34,1.86,0.0
20230909:1910,0.0,0.0,0.0,23.52,1.66,0.0
20230909:2010,0.0,0.0,0.0,21.81,1.72,0.0
20230909:2110,0.0,0.0,0.0,20.75,1.86,0.0
20230909:2210,0.0,0.0,0.0,19.82,2.07,0.0
20230909:2310,0.0,0.0,0.0,19.18,1.93,0.0
20230910:0010,0.0,0.0,0.0,18.91,1.59,0.0
20230910:0110,0.0,0.0,0.0,18.63,1.45,0.0
20230910:0210,0.0,0.0,0.0,18.18,1.72,0.0
20230910:0310,0.0,0.0,0.0,18.0,1.72,0.0
20230910:0410,0.0,0.0,0.0,17.89,1.59,0.0
20230910:0510,0.0,0.0,0.0,17.53,1.52,0.0
20230910:0610,3.77,15.04,3.1,17.41,1.38,0.0
20230910:0710,154.05,217.81,14.51,18.6,1.17,0.0
20230910:0810,381.83,474.21,25.71,20.62,1.24,0.0
20230910:0910,561.98,701.15,36.25,22.26,1.38,0.0
20230910:1010,707.55,903.23,45.43,23.98,1.86,0.0
20230910:1110,789.95,1026.35,52.08,25.3,2.21,0.0
20230910:1210,814.36,1065.2,54.63,26.22,2.41,0.0
20230910:1310,731.99,952.3,52.21,27.14,2.21,0.0
20230910:1410,651.38,835.55,45.65,27.77,2.41,0.0
20230910:1510,554.62,699.14,36.52,27.75,2.83,0.0
20230910:1610,368.33,461.82,26.0,25.67,3.1,0.0
20230910:1710,161.11,231.88,14.81,24.78,2.0,0.0
20230910:1810,5.47,19.39,3.41,24.08,1.86,0.0
20230910:1910,0.0,0.0,0.0,24.21,1.66,0.0
20230910:2010,0.0,0.0,0.0,22.79,1.59,0.0
20230910:2110,0.0,0.0,0.0,21.63,1.66,0.0
20230910:2210,0.0,0.0,0.0,21.78,0.14,0.0
20230910:2310,0.0,0.0,0.0,21.41,0.07,0.0
20230911:0010,0.0,0.0,0.0,19.59,1.1,0.0
20230911:0110,0.0,0.0,0.0,19.02,1.17,0.0
20230911:0210,0.0,0.0,0.0,18.55,1.1,0.0
20230911:0310,0.0,0.0,0.0,18.01,1.1,0.0
20230911:0410,0.0,0.0,0.0,17.41,1.31,0.0
20230911:0510,0.0,0.0,0.0,17.42,1.52,0.0
20230911:0610,3.4,14.29,2.93,17.48,1.66,0.0
20230911:0710,156.49,220.38,14.33,17.78,1.03,0.0
20230911:0810,309.06,381.05,25.52,19.43,1.38,0.0
20230911:0910,533.47,655.04,36.03,20.85,1.86,0.0
20230911:1010,627.17,777.13,45.16,22.02,2.55,0.0
20230911:1110,643.41,801.02,51.75,23.04,3.03,0.0
20230911:1210,760.69,962.8,54.25,23.86,3.17,0.0
20230911:1310,806.08,1026.32,51.82,24.33,3.24,0.0
20230911:1410,690.15,864.25,45.28,24.65,3.31,0.0
20230911:1510,543.49,671.65,36.17,24.6,3.17,0.0
20230911:1610,242.09,305.36,25.68,24.3,2.9,0.0
20230911:1710,120.16,169.71,14.5,23.86,2.62,0.0
20230911:1810,2.46,11.35,3.09,22.93,1.93,0.0
20230911:1910,0.0,0.0,0.0,21.35,1.59,0.0
20230911:2010,0.0,0.0,0.0,20.2,1.38,0.0
20230911:2110,0.0,0.0,0.0,19.44,1.38,0.0
20230911:2210,0.0,0.0,0.0,18.78,1.38,0.0
20230911:2310,0.0,0.0,0.0,18.05,1.38,0.0
20230912:0010,0.0,0.0,0.0,17.52,1.17,0.0
20230912:0110,0.0,0.0,0.0,17.2,1.1,0.0
20230912:0210,0.0,0.0,0.0,17.3,0.83,0.0
20230912:0310,0.0,0.0,0.0,17.61,0.48,0.0
20230912:0410,0.0,0.0,0.0,17.42,0.34,0.0
20230912:0510,0.0,0.0,0.0,17.06,0.41,0.0
20230912:0610,3.16,13.44,2.75,16.69,0.21,0.0
20230912:0710,54.0,80.14,14.16,17.34,0.07,0.0
20230912:0810,131.57,171.54,25.32,18.89,0.28,0.0
20230912:0910,248.13,310.2,35.81,20.76,0.55,0.0
20230912:1010,527.93,664.08,44.89,22.14,0.83,0.0
20230912:1110,729.34,945.19,51.42,23.35,1.31,0.0
20230912:1210,823.44,1076.36,53.87,24.3,2.0,0.0
20230912:1310,782.53,1017.05,51.43,24.56,1.93,0.0
20230912:1410,691.2,887.87,44.91,24.78,1.66,0.0
20230912:1510,558.24,702.94,35.83,24.94,1.72,0.0
20230912:1610,281.39,355.79,25.35,25.13,2.0,0.0
20230912:1710,94.02,134.89,14.18,24.74,1.86,0.0
20230912:1810,3.86,15.27,2.77,23.29,1.86,0.0
20230912:1910,0.0,0.0,0.0,21.84,2.28,0.0
20230912:2010,0.0,0.0,0.0,20.57,2.14,0.0
20230912:2110,0.0,0.0,0.0,19.68,2.34,0.0
20230912:2210,0.0,0.0,0.0,18.91,2.28,0.0
20230912:2310,0.0,0.0,0.0,18.31,2.21,0.0
20230913:0010,0.0,0.0,0.0,17.8,2.21,0.0
20230913:0110,0.0,0.0,0.0,17.32,2.28,0.0
20230913:0210,0.0,0.0,0.0,16.97,2.41,0.0
20230913:0310,0.0,0.0,0.0,16.64,2.48,0.0
20230913:0410,0.0,0.0,0.0,16.39,2.62,0.0
20230913:0510,0.0,0.0,0.0,16.18,2.62,0.0
20230913:0610,2.79,12.55,2.57,15.95,2.55,0.0
20230913:0710,152.61,212.49,13.98,16.56,2.21,0.0
20230913:0810,383.22,464.98,25.13,18.34,2.76,0.0
20230913:0910,572.96,697.9,35.58,20.39,2.62,0.0
20230913:1010,704.06,883.21,44.62,22.3,2.34,0.0
20230913:1110,771.94,996.95,51.09,23.8,1.93,0.0
20230913:1210,785.91,1031.63,53.49,24.95,1.66,0.0
20230913:1310,757.7,998.22,51.04,25.6,1.38,0.0
20230913:1410,679.81,885.63,44.54,25.91,1.17,0.0
20230913:1510,543.85,692.06,35.48,26.1,1.31,0.0
20230913:1610,360.37,459.1,25.02,26.12,1.38,0.0
20230913:1710,141.77,206.72,13.86,25.77,1.31,0.0
20230913:1810,2.7,12.35,2.46,24.35,0.76,0.0
20230913:1910,0.0,0.0,0.0,23.68,1.79,0.0
20230913:2010,0.0,0.0,0.0,21.87,1.86,0.0
20230913:2110,0.0,0.0,0.0,20.68,1.79,0.0
20230913:2210,0.0,0.0,0.0,19.87,1.79,0.0
20230913:2310,0.0,0.0,0.0,19.65,1.86,0.0
20230914:0010,0.0,0.0,0.0,19.28,1.86,0.0
20230914:0110,0.0,0.0,0.0,18.61,1.86,0.0
20230914:0210,0.0,0.0,0.0,18.29,2.0,0.0
20230914:0310,0.0,0.0,0.0,17.33,2.0,0.0
20230914:0410,0.0,0.0,0.0,17.0,2.0,0.0
20230914:0510,0.0,0.0,0.0,16.92,2.07,0.0
20230914:0610,1.1,8.7,2.4,16.74,2.07,0.0
20230914:0710,111.23,154.18,13.8,17.46,2.0,0.0
20230914:0810,160.26,203.75,24.94,19.14,2.34,0.0
20230914:0910,246.06,304.8,35.36,20.83,2.28,0.0
20230914:1010,400.0,493.7,44.35,22.44,1.93,0.0
20230914:1110,617.89,784.75,50.75,24.34,1.79,0.0
20230914:1210,662.74,854.33,53.1,25.32,1.66,0.0
20230914:1310,718.21,940.93,50.64,25.94,1.38,0.0
20230914:1410,348.3,442.0,44.17,26.7,1.24,0.0
20230914:1510,535.8,685.83,35.13,27.02,1.17,0.0
20230914:1610,346.21,443.93,24.69,27.16,1.24,0.0
20230914:1710,132.76,195.39,13.54,26.73,0.9,0.0
20230914:1810,1.48,9.46,2.14,26.13,0.07,0.0
20230914:1910,0.0,0.0,0.0,24.34,1.1,0.0
20230914:2010,0.0,0.0,0.0,22.99,1.79,0.0
20230914:2110,0.0,0.0,0.0,21.63,2.0,0.0
20230914:2210,0.0,0.0,0.0,20.9,2.0,0.0
20230914:2310,0.0,0.0,0.0,20.83,2.21,0.0
20230915:0010,0.0,0.0,0.0,20.07,2.76,0.0
20230915:0110,0.0,0.0,0.0,19.24,2.28,0.0
20230915:0210,0.0,0.0,0.0,18.42,2.14,0.0
20230915:0310,0.0,0.0,0.0,17.55,2.83,0.0
20230915:0410,0.0,0.0,0.0,17.37,3.03,0.0
20230915:0510,0.0,0.0,0.0,17.67,2.9,0.0
20230915:0610,0.33,6.62,2.22,18.02,2.9,0.0
20230915:0710,16.13,32.16,13.62,18.25,2.07,0.0
20230915:0810,270.8,331.93,24.74,19.23,2.9,0.0
20230915:0910,480.94,580.39,35.13,19.69,2.76,0.0
20230915:1010,700.85,859.25,44.07,19.44,2.83,0.0
20230915:1110,667.64,828.95,50.41,19.98,2.14,0.0
20230915:1210,778.29,1002.17,52.72,21.43,1.52,0.0
20230915:1310,236.7,297.7,50.25,22.39,1.72,0.0
20230915:1410,694.9,888.95,43.79,22.83,1.31,0.0
20230915:1510,545.81,687.81,34.78,23.04,0.9,0.0
20230915:1610,346.9,435.09,24.36,22.88,1.38,0.0
20230915:1710,144.88,210.42,13.22,22.4,1.38,0.0
20230915:1810,0.32,6.62,1.82,20.03,1.66,0.0
20230915:1910,0.0,0.0,0.0,21.0,1.31,0.0
20230915:2010,0.0,0.0,0.0,19.84,1.24,0.0
20230915:2110,0.0,0.0,0.0,19.01,1.17,0.0
20230915:2210,0.0,0.0,0.0,18.69,1.66,0.0
20230915:2310,0.0,0.0,0.0,18.14,1.59,0.0
20230916:0010,0.0,0.0,0.0,17.79,1.45,0.0
20230916:0110,0.0,0.0,0.0,17.75,1.66,0.0
20230916:0210,0.0,0.0,0.0,17.64,1.66,0.0
20230916:0310,0.0,0.0,0.0,17.61,1.79,0.0
20230916:0410,0.0,0.0,0.0,17.38,1.79,0.0
20230916:0510,0.0,0.0,0.0,17.18,2.28,0.0
20230916:0610,0.0,0.95,2.04,17.07,2.41,0.0
20230916:0710,43.18,66.52,13.44,16.97,1.72,0.0
20230916:0810,65.93,93.65,24.54,17.73,2.62,0.0
20230916:0910,229.31,281.07,34.9,18.52,3.52,0.0
20230916:1010,337.95,409.75,43.79,19.9,3.31,0.0
20230916:1110,289.86,356.35,50.07,21.19,3.31,0.0
20230916:1210,608.83,750.35,52.33,22.26,3.38,0.0
20230916:1310,370.58,456.63,49.86,22.92,2.9,0.0
20230916:1410,213.36,270.29,43.41,23.79,2.9,0.0
20230916:1510,212.75,269.35,34.43,24.13,3.03,0.0
20230916:1610,157.05,204.23,24.02,24.3,3.38,0.0
20230916:1710,88.91,129.23,12.89,23.96,2.62,0.0
20230916:1810,0.0,5.68,1.5,22.68,1.79,0.0
20230916:1910,0.0,0.0,0.0,20.88,1.66,0.0
20230916:2010,0.0,0.0,0.0,20.06,1.79,0.0
20230916:2110,0.0,0.0,0.0,19.37,1.86,0.0
20230916:2210,0.0,0.0,0.0,19.14,1.93,0.0
20230916:2310,0.0,0.0,0.0,18.96,1.93,0.0
20230917:0010,0.0,0.0,0.0,18.72,1.86,0.0
20230917:0110,0.0,0.0,0.0,18.5,1.79,0.0
20230917:0210,0.0,0.0,0.0,18.04,1.79,0.0
20230917:0310,0.0,0.0,0.0,17.51,1.72,0.0
20230917:0410,0.0,0.0,0.0,16.78,1.38,0.0
20230917:0510,0.0,0.0,0.0,16.48,1.03,0.0
20230917:0610,0.0,0.95,1.86,15.92,1.17,0.0
20230917:0710,85.14,119.38,13.25,16.4,1.03,0.0
20230917:0810,26.97,46.35,24.34,17.5,1.38,0.0
20230917:0910,57.84,84.19,34.67,17.86,2.07,0.0
20230917:1010,90.69,122.98,43.51,19.02,3.79,0.0
20230917:1110,204.96,254.4,49.73,19.46,4.55,0.0
20230917:1210,222.19,272.82,51.95,18.07,4.07,0.0
20230917:1310,344.02,412.74,49.46,17.44,3.38,0.0
20230917:1410,641.17,777.73,43.04,17.61,2.48,0.0
20230917:1510,433.61,518.98,34.08,18.73,3.24,0.0
20230917:1610,182.4,229.1,23.69,19.8,4.14,0.0
20230917:1710,59.97,88.76,12.57,19.73,3.38,0.0
20230917:1810,0.0,0.91,1.17,19.22,1.59,0.0
20230917:1910,0.0,0.0,0.0,17.78,1.52,0.0
20230917:2010,0.0,0.0,0.0,17.21,1.66,0.0
20230917:2110,0.0,0.0,0.0,17.02,1.93,0.0
20230917:2210,0.0,0.0,0.0,16.81,2.21,0.0
20230917:2310,0.0,0.0,0.0,16.27,2.34,0.0
20230918:0010,0.0,0.0,0.0,15.73,2.41,0.0
20230918:0110,0.0,0.0,0.0,15.25,2.41,0.0
20230918:0210,0.0,0.0,0.0,14.8,2.28,0.0
20230918:0310,0.0,0.0,0.0,14.31,2.0,0.0
20230918:0410,0.0,0.0,0.0,13.8,1.79,0.0
20230918:0510,0.0,0.0,0.0,13.51,1.66,0.0
20230918:0610,0.0,2.84,1.68,13.48,1.59,0.0
20230918:0710,157.62,218.38,13.07,14.81,1.52,0.0
20230918:0810,213.0,260.98,24.14,16.02,2.48,0.0
20230918:0910,245.93,298.76,34.43,17.19,2.97,0.0
20230918:1010,632.61,764.01,43.23,18.18,3.1,0.0
20230918:1110,557.81,676.86,49.39,19.06,2.83,0.0
20230918:1210,669.51,827.78,51.56,19.79,2.48,0.0
20230918:1310,487.05,594.77,49.06,20.21,2.34,0.0
20230918:1410,312.85,382.23,42.66,20.25,2.62,0.0
20230918:1510,300.77,367.61,33.72,20.63,2.69,0.0
20230918:1610,195.23,246.01,23.35,20.55,2.34,0.0
20230918:1710,131.94,191.57,12.25,20.44,1.93,0.0
20230918:1810,0.0,0.0,0.0,19.74,1.24,0.0
20230918:1910,0.0,0.0,0.0,18.16,0.9,0.0
20230918:2010,0.0,0.0,0.0,18.03,0.69,0.0
20230918:2110,0.0,0.0,0.0,17.62,0.69,0.0
20230918:2210,0.0,0.0,0.0,16.11,1.1,0.0
20230918:2310,0.0,0.0,0.0,15.32,1.31,0.0
20230919:0010,0.0,0.0,0.0,15.02,1.17,0.0
20230919:0110,0.0,0.0,0.0,14.55,1.17,0.0
20230919:0210,0.0,0.0,0.0,14.07,1.03,0.0
20230919:0310,0.0,0.0,0.0,13.74,0.97,0.0
20230919:0410,0.0,0.0,0.0,13.38,0.97,0.0
20230919:0510,0.0,0.0,0.0,12.87,1.1,0.0
20230919:0610,0.0,3.78,1.5,12.62,1.31,0.0
20230919:0710,152.78,210.09,12.88,13.25,1.03,0.0
20230919:0810,391.09,476.31,23.94,16.33,1.03,0.0
20230919:0910,582.96,717.31,34.2,18.72,1.24,0.0
20230919:1010,660.33,833.8,42.94,20.35,1.03,0.0
20230919:1110,690.89,897.88,49.05,21.54,0.48,0.0
20230919:1210,744.98,996.0,51.17,22.26,0.14,0.0
20230919:1310,715.67,940.16,48.67,23.22,0.62,0.0
20230919:1410,686.27,886.13,42.28,23.37,0.97,0.0
20230919:1510,553.51,698.58,33.37,23.49,1.03,0.0
20230919:1610,356.64,452.02,23.02,23.18,0.69,0.0
20230919:1710,125.75,186.28,11.92,22.77,0.55,0.0
20230919:1810,0.0,0.0,0.0,21.83,0.41,0.0
20230919:1910,0.0,0.0,0.0,19.84,1.38,0.0
20230919:2010,0.0,0.0,0.0,18.71,1.52,0.0
20230919:2110,0.0,0.0,0.0,17.75,1.17,0.0
20230919:2210,0.0,0.0,0.0,17.24,1.24,0.0
20230919:2310,0.0,0.0,0.0,16.41,1.45,0.0
20230920:0010,0.0,0.0,0.0,15.69,1.59,0.0
20230920:0110,0.0,0.0,0.0,15.06,1.45,0.0
20230920:0210,0.0,0.0,0.0,14.53,1.24,0.0
20230920:0310,0.0,0.0,0.0,13.93,1.17,0.0
20230920:0410,0.0,0.0,0.0,13.29,1.1,0.0
20230920:0510,0.0,0.0,0.0,12.82,1.1,0.0
20230920:0610,0.0,0.0,0.0,12.64,1.1,0.0
20230920:0710,147.81,203.09,12.7,12.88,0.69,0.0
20230920:0810,382.18,464.3,23.73,14.72,0.48,0.0
20230920:0910,572.36,703.11,33.96,17.14,0.76,0.0
20230920:1010,714.19,895.59,42.66,19.35,1.52,0.0
20230920:1110,791.22,1002.9,48.7,21.31,2.34,0.0
20230920:1210,773.37,972.49,50.78,22.59,3.24,0.0
20230920:1310,780.35,977.48,48.27,23.36,3.79,0.0
20230920:1410,708.8,878.15,41.9,23.75,4.0,0.0
20230920:1510,577.55,706.58,33.01,23.79,4.14,0.0
20230920:1610,352.92,437.32,22.68,23.39,4.21,0.0
20230920:1710,121.8,179.5,11.6,22.5,3.52,0.0
20230920:1810,0.0,0.0,0.0,21.01,3.24,0.0
20230920:1910,0.0,0.0,0.0,19.61,3.03,0.0
20230920:2010,0.0,0.0,0.0,18.53,2.97,0.0
20230920:2110,0.0,0.0,0.0,17.57,2.97,0.0
20230920:2210,0.0,0.0,0.0,16.75,3.03,0.0
20230920:2310,0.0,0.0,0.0,16.04,3.03,0.0
20230921:0010,0.0,0.0,0.0,15.45,3.1,0.0
20230921:0110,0.0,0.0,0.0,14.92,3.24,0.0
20230921:0210,0.0,0.0,0.0,14.56,3.24,0.0
20230921:0310,0.0,0.0,0.0,14.4,3.24,0.0
20230921:0410,0.0,0.0,0.0,14.06,3.24,0.0
20230921:0510,0.0,0.0,0.0,13.71,3.52,0.0
20230921:0610,0.0,0.0,0.0,13.39,3.59,0.0
20230921:0710,102.74,140.93,12.51,13.94,3.86,0.0
20230921:0810,126.79,161.24,23.53,14.84,5.72,0.0
20230921:0910,74.1,102.17,33.72,15.96,5.93,0.0
20230921:1010,205.32,251.17,42.37,16.94,5.86,0.0
20230921:1110,142.13,180.68,48.36,17.77,5.93,0.0
20230921:1210,273.56,330.42,50.39,18.39,6.0,0.0
20230921:1310,553.16,659.13,47.87,17.87,4.28,0.0
20230921:1410,241.52,293.56,41.52,17.83,4.83,0.0
20230921:1510,196.6,242.4,32.66,18.24,5.66,0.0
20230921:1610,109.01,143.26,22.35,17.92,5.24,0.0
20230921:1710,46.85,71.71,11.27,17.71,4.97,0.0
20230921:1810,0.0,0.0,0.0,17.23,3.66,0.0
20230921:1910,0.0,0.0,0.0,17.04,2.34,0.0
20230921:2010,0.0,0.0,0.0,16.44,1.93,0.0
20230921:2110,0.0,0.0,0.0,15.69,1.59,0.0
20230921:2210,0.0,0.0,0.0,15.29,1.52,0.0
20230921:2310,0.0,0.0,0.0,14.77,1.52,0.0
20230922:0010,0.0,0.0,0.0,14.1,1.59,0.0
20230922:0110,0.0,0.0,0.0,13.44,1.66,0.0
20230922:0210,0.0,0.0,0.0,12.6,1.72,0.0
20230922:0310,0.0,0.0,0.0,11.76,1.79,0.0
20230922:0410,0.0,0.0,0.0,10.89,1.79,0.0
20230922:0510,0.0,0.0,0.0,10.01,1.79,0.0
20230922:0610,0.0,0.0,0.0,9.25,1.79,0.0
20230922:0710,152.38,205.99,12.32,10.2,1.24,0.0
20230922:0810,386.47,462.0,23.32,13.38,1.45,0.0
20230922:0910,599.51,718.06,33.48,14.63,1.79,0.0
20230922:1010,717.06,883.95,42.08,16.04,1.52,0.0
20230922:1110,784.37,986.08,48.01,17.53,1.66,0.0
20230922:1210,814.24,1030.38,50.0,18.85,2.0,0.0
20230922:1310,781.68,984.78,47.47,19.95,2.21,0.0
20230922:1410,703.59,874.45,41.14,20.69,2.41,0.0
20230922:1510,557.79,682.5,32.3,21.05,2.48,0.0
20230922:1610,358.49,443.97,22.01,21.09,2.41,0.0
20230922:1710,120.75,178.33,10.95,20.68,1.86,0.0
20230922:1810,0.0,0.0,0.0,19.11,1.24,0.0
20230922:1910,0.0,0.0,0.0,17.33,1.45,0.0
20230922:2010,0.0,0.0,0.0,15.85,1.59,0.0
20230922:2110,0.0,0.0,0.0,14.82,1.66,0.0
20230922:2210,0.0,0.0,0.0,13.84,1.66,0.0
20230922:2310,0.0,0.0,0.0,12.95,1.59,0.0
20230923:0010,0.0,0.0,0.0,12.32,1.59,0.0
20230923:0110,0.0,0.0,0.0,11.77,1.52,0.0
20230923:0210,0.0,0.0,0.0,11.3,1.59,0.0
20230923:0310,0.0,0.0,0.0,10.82,1.59,0.0
20230923:0410,0.0,0.0,0.0,10.42,1.59,0.0
20230923:0510,0.0,0.0,0.0,10.04,1.59,0.0
20230923:0610,0.0,0.0,0.0,9.64,1.52,0.0
20230923:0710,146.98,198.65,12.13,10.11,1.38,0.0
20230923:0810,380.87,456.04,23.11,13.38,1.24,0.0
20230923:0910,576.34,696.49,33.24,16.15,1.52,0.0
20230923:1010,714.0,885.58,41.78,18.0,1.72,0.0
20230923:1110,763.46,975.53,47.66,19.21,1.17,0.0
20230923:1210,774.61,1011.99,49.61,20.2,0.69,0.0
20230923:1310,757.09,999.0,47.07,20.99,0.34,0.0
20230923:1410,666.29,868.67,40.76,21.6,0.07,0.0
20230923:1510,529.53,671.78,31.95,21.9,0.14,0.0
20230923:1610,343.35,434.3,21.67,21.86,0.41,0.0
20230923:1710,114.67,172.12,10.62,21.49,0.62,0.0
20230923:1810,0.0,0.0,0.0,19.99,0.76,0.0
20230923:1910,0.0,0.0,0.0,20.22,0.28,0.0
20230923:2010,0.0,0.0,0.0,19.1,0.83,0.0
20230923:2110,0.0,0.0,0.0,15.78,1.59,0.0
20230923:2210,0.0,0.0,0.0,14.66,1.79,0.0
20230923:2310,0.0,0.0,0.0,13.53,1.72,0.0
20230924:0010,0.0,0.0,0.0,12.82,1.72,0.0
20230924:0110,0.0,0.0,0.0,12.31,1.72,0.0
20230924:0210,0.0,0.0,0.0,11.88,1.72,0.0
20230924:0310,0.0,0.0,0.0,11.55,1.79,0.0
20230924:0410,0.0,0.0,0.0,11.31,1.79,0.0
20230924:0510,0.0,0.0,0.0,10.85,1.79,0.0
20230924:0610,0.0,0.0,0.0,10.58,1.66,0.0
20230924:0710,147.49,199.9,11.94,11.01,1.52,0.0
20230924:0810,378.34,455.08,22.9,14.34,1.24,0.0
20230924:0910,563.36,689.63,32.99,17.69,1.1,0.0
20230924:1010,693.91,879.13,41.49,20.18,1.1,0.0
20230924:1110,747.7,973.32,47.31,22.02,0.97,0.0
20230924:1210,763.17,1008.64,49.22,23.54,0.9,0.0
20230924:1310,750.67,1002.41,46.67,24.65,0.62,0.0
20230924:1410,658.17,870.6,40.38,25.41,0.28,0.0
20230924:1510,522.08,676.74,31.59,25.76,0.07,0.0
20230924:1610,311.6,401.53,21.33,25.73,0.41,0.0
20230924:1710,102.9,157.48,10.29,25.16,0.83,0.0
20230924:1810,0.0,0.0,0.0,23.06,1.66,0.0
20230924:1910,0.0,0.0,0.0,20.79,1.66,0.0
20230924:2010,0.0,0.0,0.0,19.09,1.72,0.0
20230924:2110,0.0,0.0,0.0,17.87,2.0,0.0
20230924:2210,0.0,0.0,0.0,16.6,2.0,0.0
20230924:2310,0.0,0.0,0.0,15.36,1.86,0.0
20230925:0010,0.0,0.0,0.0,14.48,1.79,0.0
20230925:0110,0.0,0.0,0.0,13.76,1.72,0.0
20230925:0210,0.0,0.0,0.0,13.11,1.66,0.0
20230925:0310,0.0,0.0,0.0,12.56,1.66,0.0
20230925:0410,0.0,0.0,0.0,12.13,1.66,0.0
20230925:0510,0.0,0.0,0.0,11.79,1.66,0.0
20230925:0610,0.0,0.0,0.0,11.52,1.66,0.0
20230925:0710,144.5,197.16,11.75,12.08,1.38,0.0
20230925:0810,372.42,451.97,22.69,15.82,1.03,0.0
20230925:0910,551.15,681.69,32.74,19.3,0.9,0.0
20230925:1010,675.09,868.83,41.19,22.19,0.76,0.0
20230925:1110,719.88,954.52,46.96,24.23,0.55,0.0
20230925:1210,738.04,996.75,48.82,25.69,0.41,0.0
20230925:1310,731.79,991.45,46.28,26.73,0.41,0.0
20230925:1410,652.95,864.37,40.0,27.36,0.62,0.0
20230925:1510,512.0,662.04,31.23,27.61,0.62,0.0
20230925:1610,324.73,421.75,21.0,27.49,0.62,0.0
20230925:1710,106.48,165.65,9.97,26.73,1.1,0.0
20230925:1810,0.0,0.0,0.0,24.71,1.93,0.0
20230925:1910,0.0,0.0,0.0,22.17,1.86,0.0
20230925:2010,0.0,0.0,0.0,20.4,1.86,0.0
20230925:2110,0.0,0.0,0.0,18.83,1.86,0.0
20230925:2210,0.0,0.0,0.0,17.45,1.79,0.0
20230925:2310,0.0,0.0,0.0,16.58,1.79,0.0
20230926:0010,0.0,0.0,0.0,16.26,2.07,0.0
20230926:0110,0.0,0.0,0.0,16.21,2.07,0.0
20230926:0210,0.0,0.0,0.0,15.57,1.93,0.0
20230926:0310,0.0,0.0,0.0,15.01,1.93,0.0
20230926:0410,0.0,0.0,0.0,14.72,2.0,0.0
20230926:0510,0.0,0.0,0.0,14.1,1.93,0.0
20230926:0610,0.0,0.0,0.0,13.7,1.86,0.0
20230926:0710,137.4,189.47,11.56,14.01,1.59,0.0
20230926:0810,357.57,435.53,22.47,17.15,1.31,0.0
20230926:0910,542.39,665.31,32.5,19.9,1.59,0.0
20230926:1010,673.28,855.21,40.9,21.87,1.24,0.0
20230926:1110,723.05,946.43,46.61,23.63,0.9,0.0
20230926:1210,723.91,966.55,48.43,25.14,0.55,0.0
20230926:1310,696.08,934.7,45.88,26.38,0.34,0.0
20230926:1410,618.86,826.47,39.62,27.24,0.0,0.0
20230926:1510,499.14,648.19,30.88,27.6,0.28,0.0
20230926:1610,305.25,397.1,20.66,27.53,0.48,0.0
20230926:1710,97.81,153.82,9.65,26.83,0.62,0.0
20230926:1810,0.0,0.0,0.0,25.13,0.69,0.0
20230926:1910,0.0,0.0,0.0,25.15,0.41,0.0
20230926:2010,0.0,0.0,0.0,23.96,0.83,0.0
20230926:2110,0.0,0.0,0.0,19.77,1.59,0.0
20230926:2210,0.0,0.0,0.0,18.29,1.86,0.0
20230926:2310,0.0,0.0,0.0,16.99,1.79,0.0
20230927:0010,0.0,0.0,0.0,15.96,1.66,0.0
20230927:0110,0.0,0.0,0.0,15.58,1.72,0.0
20230927:0210,0.0,0.0,0.0,15.66,1.93,0.0
20230927:0310,0.0,0.0,0.0,15.45,1.93,0.0
20230927:0410,0.0,0.0,0.0,14.97,1.79,0.0
20230927:0510,0.0,0.0,0.0,14.51,1.72,0.0
20230927:0610,0.0,0.0,0.0,14.15,1.79,0.0
20230927:0710,127.98,177.08,11.36,14.35,1.45,0.0
20230927:0810,355.51,435.58,22.26,18.13,1.17,0.0
20230927:0910,541.07,666.19,32.24,20.51,1.52,0.0
20230927:1010,667.18,849.97,40.6,22.37,1.17,0.0
20230927:1110,713.29,934.19,46.25,24.09,0.9,0.0
20230927:1210,730.68,974.96,48.04,25.5,0.69,0.0
20230927:1310,704.0,929.28,45.48,26.68,1.1,0.0
20230927:1410,668.99,869.38,39.24,27.39,1.59,0.0
20230927:1510,443.19,560.4,30.52,27.69,1.86,0.0
20230927:1610,299.62,385.52,20.33,27.44,1.86,0.0
20230927:1710,95.85,151.25,9.32,26.53,1.24,0.0
20230927:1810,0.0,0.0,0.0,24.19,1.1,0.0
20230927:1910,0.0,0.0,0.0,24.67,0.41,0.0
20230927:2010,0.0,0.0,0.0,23.91,0.28,0.0
20230927:2110,0.0,0.0,0.0,22.9,0.55,0.0
20230927:2210,0.0,0.0,0.0,21.84,0.62,0.0
20230927:2310,0.0,0.0,0.0,20.2,0.9,0.0
20230928:0010,0.0,0.0,0.0,18.93,1.03,0.0
20230928:0110,0.0,0.0,0.0,18.45,0.9,0.0
20230928:0210,0.0,0.0,0.0,17.56,1.1,0.0
20230928:0310,0.0,0.0,0.0,16.14,1.31,0.0
20230928:0410,0.0,0.0,0.0,15.25,1.31,0.0
20230928:0510,0.0,0.0,0.0,14.61,1.24,0.0
20230928:0610,0.0,0.0,0.0,14.0,1.24,0.0
20230928:0710,130.7,180.87,11.17,13.93,1.03,0.0
20230928:0810,354.33,435.67,22.04,17.62,0.55,0.0
20230928:0910,530.44,666.88,31.99,21.15,0.34,0.0
20230928:1010,651.79,845.72,40.3,23.65,0.55,0.0
20230928:1110,708.48,928.61,45.9,25.56,1.17,0.0
20230928:1210,740.07,968.31,47.65,26.89,1.93,0.0
20230928:1310,738.92,962.56,45.08,27.76,2.34,0.0
20230928:1410,647.48,831.44,38.86,28.26,2.41,0.0
20230928:1510,505.13,640.45,30.17,28.41,2.28,0.0
20230928:1610,304.89,394.02,19.99,28.2,1.86,0.0
20230928:1710,86.35,137.62,9.0,26.91,0.97,0.0
20230928:1810,0.0,0.0,0.0,25.15,0.97,0.0
20230928:1910,0.0,0.0,0.0,23.41,1.31,0.0
20230928:2010,0.0,0.0,0.0,24.09,0.9,0.0
20230928:2110,0.0,0.0,0.0,24.23,0.41,0.0
20230928:2210,0.0,0.0,0.0,21.26,1.24,0.0
20230928:2310,0.0,0.0,0.0,18.95,1.79,0.0
20230929:0010,0.0,0.0,0.0,17.64,1.66,0.0
20230929:0110,0.0,0.0,0.0,16.8,1.52,0.0
20230929:0210,0.0,0.0,0.0,16.21,1.52,0.0
20230929:0310,0.0,0.0,0.0,15.68,1.52,0.0
20230929:0410,0.0,0.0,0.0,15.27,1.66,0.0
20230929:0510,0.0,0.0,0.0,15.12,1.79,0.0
20230929:0610,0.0,0.0,0.0,14.67,1.79,0.0
20230929:0710,133.09,184.85,10.97,14.9,1.59,0.0
20230929:0810,347.82,425.68,21.82,18.16,1.31,0.0
20230929:0910,534.28,663.16,31.74,21.66,1.31,0.0
20230929:1010,654.24,840.6,39.99,24.76,1.31,0.0
20230929:1110,701.99,923.1,45.54,27.11,1.38,0.0
20230929:1210,718.93,963.01,47.26,28.75,1.17,0.0
20230929:1310,715.87,969.4,44.68,29.77,0.9,0.0
20230929:1410,633.49,846.5,38.48,30.35,0.76,0.0
20230929:1510,492.42,642.81,29.81,30.55,0.83,0.0
20230929:1610,302.72,398.2,19.66,30.34,1.03,0.0
20230929:1710,83.02,134.71,8.68,29.15,1.31,0.0
20230929:1810,0.0,0.0,0.0,26.87,1.86,0.0
20230929:1910,0.0,0.0,0.0,24.3,1.86,0.0
20230929:2010,0.0,0.0,0.0,22.43,1.72,0.0
20230929:2110,0.0,0.0,0.0,21.19,1.66,0.0
20230929:2210,0.0,0.0,0.0,19.95,1.59,0.0
20230929:2310,0.0,0.0,0.0,18.7,1.72,0.0
20230930:0010,0.0,0.0,0.0,18.12,1.79,0.0
20230930:0110,0.0,0.0,0.0,18.16,2.0,0.0
20230930:0210,0.0,0.0,0.0,17.4,1.86,0.0
20230930:0310,0.0,0.0,0.0,16.55,1.66,0.0
20230930:0410,0.0,0.0,0.0,16.09,1.72,0.0
20230930:0510,0.0,0.0,0.0,15.89,1.79,0.0
20230930:0610,0.0,0.0,0.0,15.55,1.79,0.0
20230930:0710,130.06,181.62,10.77,15.57,1.45,0.0
20230930:0810,348.02,428.39,21.6,19.1,1.17,0.0
20230930:0910,530.76,661.5,31.48,22.52,1.31,0.0
20230930:1010,648.2,832.5,39.69,24.86,1.31,0.0
20230930:1110,702.51,927.69,45.19,26.78,1.1,0.0
20230930:1210,713.05,960.28,46.87,28.38,0.83,0.0
20230930:1310,706.0,959.64,44.29,29.51,0.62,0.0
20230930:1410,616.93,826.81,38.11,30.29,0.48,0.0
20230930:1510,484.53,635.29,29.46,30.68,0.55,0.0
20230930:1610,293.7,387.76,19.32,30.59,0.83,0.0
20230930:1710,79.33,130.08,8.36,29.51,1.45,0.0
20230930:1810,0.0,0.0,0.0,27.02,2.34,0.0
20230930:1910,0.0,0.0,0.0,24.88,2.21,0.0
20230930:2010,0.0,0.0,0.0,23.14,2.14,0.0
20230930:2110,0.0,0.0,0.0,21.6,2.0,0.0
20230930:2210,0.0,0.0,0.0,20.16,1.72,0.0
20230930:2310,0.0,0.0,0.0,19.03,1.66,0.0
20231001:0010,0.0,0.0,0.0,18.21,1.66,0.0
20231001:0110,0.0,0.0,0.0,17.57,1.72,0.0
20231001:0210,0.0,0.0,0.0,17.12,1.79,0.0
20231001:0310,0.0,0.0,0.0,16.58,1.79,0.0
20231001:0410,0.0,0.0,0.0,16.02,1.79,0.0
20231001:0510,0.0,0.0,0.0,15.52,1.79,0.0
20231001:0610,0.0,0.0,0.0,15.09,1.79,0.0
20231001:0710,133.1,185.41,10.57,15.25,1.72,0.0
20231001:0810,356.95,437.29,21.38,18.22,1.24,0.0
20231001:0910,534.72,668.06,31.23,22.51,1.17,0.0
20231001:1010,661.12,851.39,39.39,25.22,1.38,0.0
20231001:1110,708.67,940.88,44.83,27.19,1.03,0.0
20231001:1210,707.97,958.54,46.47,28.81,0.69,0.0
20231001:1310,695.63,952.04,43.89,30.01,0.41,0.0
20231001:1410,614.89,832.18,37.73,30.77,0.21,0.0
20231001:1510,484.31,639.43,29.11,31.01,0.28,0.0
20231001:1610,299.96,397.34,18.99,30.83,0.69,0.0
20231001:1710,80.67,133.55,8.04,29.62,1.24,0.0
20231001:1810,0.0,0.0,0.0,27.3,2.07,0.0
20231001:1910,0.0,0.0,0.0,25.02,2.21,0.0
20231001:2010,0.0,0.0,0.0,22.82,2.14,0.0
20231001:2110,0.0,0.0,0.0,21.16,2.0,0.0
20231001:2210,0.0,0.0,0.0,19.69,1.86,0.0
20231001:2310,0.0,0.0,0.0,18.49,1.66,0.0
20231002:0010,0.0,0.0,0.0,17.68,1.66,0.0
20231002:0110,0.0,0.0,0.0,17.18,1.79,0.0
20231002:0210,0.0,0.0,0.0,16.79,1.86,0.0
20231002:0310,0.0,0.0,0.0,16.22,1.86,0.0
20231002:0410,0.0,0.0,0.0,15.6,1.86,0.0
20231002:0510,0.0,0.0,0.0,14.99,1.72,0.0
20231002:0610,0.0,0.0,0.0,14.53,1.72,0.0
20231002:0710,138.52,192.61,10.37,14.51,1.59,0.0
20231002:0810,344.98,423.17,21.16,18.13,1.03,0.0
20231002:0910,536.75,668.16,30.97,22.16,1.31,0.0
20231002:1010,646.63,826.34,39.08,24.42,1.45,0.0
20231002:1110,700.7,919.96,44.48,26.35,1.24,0.0
20231002:1210,716.62,958.65,46.08,28.02,1.03,0.0
20231002:1310,700.05,945.33,43.5,29.26,0.76,0.0
20231002:1410,587.04,775.61,37.35,30.05,0.83,0.0
20231002:1510,431.48,559.4,28.76,30.32,0.83,0.0
20231002:1610,294.33,388.29,18.66,30.15,0.83,0.0
20231002:1710,65.16,108.52,7.72,28.53,0.55,0.0
20231002:1810,0.0,0.0,0.0,27.4,0.83,0.0
20231002:1910,0.0,0.0,0.0,26.26,0.69,0.0
20231002:2010,0.0,0.0,0.0,25.25,0.83,0.0
20231002:2110,0.0,0.0,0.0,22.3,1.31,0.0
20231002:2210,0.0,0.0,0.0,20.17,1.59,0.0
20231002:2310,0.0,0.0,0.0,19.1,1.66,0.0
20231003:0010,0.0,0.0,0.0,18.14,1.59,0.0
20231003:0110,0.0,0.0,0.0,17.09,1.52,0.0
20231003:0210,0.0,0.0,0.0,16.24,1.45,0.0
20231003:0310,0.0,0.0,0.0,15.65,1.45,0.0
20231003:0410,0.0,0.0,0.0,15.15,1.45,0.0
20231003:0510,0.0,0.0,0.0,14.65,1.45,0.0
20231003:0610,0.0,0.0,0.0,14.19,1.45,0.0
20231003:0710,104.85,147.03,10.17,14.22,1.31,0.0
20231003:0810,335.74,410.59,20.94,17.25,0.9,0.0
20231003:0910,519.66,646.43,30.71,20.82,0.76,0.0
20231003:1010,657.43,851.31,38.77,23.78,0.69,0.0
20231003:1110,722.68,969.2,44.12,25.95,0.48,0.0
20231003:1210,711.59,964.55,45.69,27.6,0.41,0.0
20231003:1310,706.84,950.82,43.11,28.79,0.83,0.0
20231003:1410,612.87,804.71,36.98,29.54,1.17,0.0
20231003:1510,477.4,614.42,28.41,29.86,1.45,0.0
20231003:1610,287.71,376.88,18.33,29.64,1.52,0.0
20231003:1710,67.11,112.78,7.4,28.18,0.83,0.0
20231003:1810,0.0,0.0,0.0,28.18,0.34,0.0
20231003:1910,0.0,0.0,0.0,24.58,1.17,0.0
20231003:2010,0.0,0.0,0.0,23.52,1.31,0.0
20231003:2110,0.0,0.0,0.0,21.8,1.59,0.0
20231003:2210,0.0,0.0,0.0,21.7,1.31,0.0
20231003:2310,0.0,0.0,0.0,20.09,1.45,0.0
20231004:0010,0.0,0.0,0.0,18.45,2.07,0.0
20231004:0110,0.0,0.0,0.0,17.65,2.28,0.0
20231004:0210,0.0,0.0,0.0,17.3,2.07,0.0
20231004:0310,0.0,0.0,0.0,16.73,1.86,0.0
20231004:0410,0.0,0.0,0.0,16.33,1.79,0.0
20231004:0510,0.0,0.0,0.0,16.02,1.66,0.0
20231004:0610,0.0,0.0,0.0,15.95,1.79,0.0
20231004:0710,118.44,166.91,9.97,15.99,1.72,0.0
20231004:0810,348.85,427.07,20.71,18.66,1.59,0.0
20231004:0910,543.1,666.66,30.45,20.87,1.86,0.0
20231004:1010,665.61,844.31,38.47,22.74,1.45,0.0
20231004:1110,722.2,947.19,43.76,24.8,1.03,0.0
20231004:1210,738.24,991.6,45.31,26.54,0.69,0.0
20231004:1310,712.97,959.25,42.71,28.0,0.69,0.0
20231004:1410,621.34,814.16,36.61,29.0,1.17,0.0
20231004:1510,475.77,610.98,28.06,29.49,1.45,0.0
20231004:1610,286.64,375.31,18.0,29.36,1.52,0.0
20231004:1710,61.93,105.48,7.09,28.22,0.9,0.0
20231004:1810,0.0,0.0,0.0,26.56,0.69,0.0
20231004:1910,0.0,0.0,0.0,26.26,0.14,0.0
20231004:2010,0.0,0.0,0.0,25.22,0.55,0.0
20231004:2110,0.0,0.0,0.0,22.83,1.17,0.0
20231004:2210,0.0,0.0,0.0,20.4,1.52,0.0
20231004:2310,0.0,0.0,0.0,19.02,1.66,0.0
20231005:0010,0.0,0.0,0.0,17.73,1.45,0.0
20231005:0110,0.0,0.0,0.0,16.97,1.45,0.0
20231005:0210,0.0,0.0,0.0,16.37,1.38,0.0
20231005:0310,0.0,0.0,0.0,15.82,1.38,0.0
20231005:0410,0.0,0.0,0.0,15.38,1.38,0.0
20231005:0510,0.0,0.0,0.0,15.03,1.45,0.0
20231005:0610,0.0,0.0,0.0,14.72,1.45,0.0
20231005:0710,120.47,169.12,9.77,14.91,1.45,0.0
20231005:0810,348.94,428.15,20.48,18.29,1.1,0.0
20231005:0910,532.47,664.08,30.18,21.91,1.03,0.0
20231005:1010,651.54,840.55,38.16,24.69,1.03,0.0
20231005:1110,711.87,949.14,43.4,26.74,0.76,0.0
20231005:1210,714.71,973.74,44.92,28.35,0.41,0.0
20231005:1310,693.73,949.7,42.32,29.52,0.28,0.0
20231005:1410,601.6,808.06,36.23,30.09,0.21,0.0
20231005:1510,459.37,601.48,27.71,30.33,0.34,0.0
20231005:1610,277.33,367.21,17.68,30.14,0.69,0.0
20231005:1710,58.91,101.84,6.78,29.1,1.38,0.0
20231005:1810,0.0,0.0,0.0,26.84,2.14,0.0
20231005:1910,0.0,0.0,0.0,24.66,2.28,0.0
20231005:2010,0.0,0.0,0.0,22.81,2.28,0.0
20231005:2110,0.0,0.0,0.0,21.32,2.14,0.0
20231005:2210,0.0,0.0,0.0,20.07,2.0,0.0
20231005:2310,0.0,0.0,0.0,18.95,1.79,0.0
20231006:0010,0.0,0.0,0.0,18.2,1.79,0.0
20231006:0110,0.0,0.0,0.0,17.88,1.86,0.0
20231006:0210,0.0,0.0,0.0,17.49,1.93,0.0
20231006:0310,0.0,0.0,0.0,17.03,1.93,0.0
20231006:0410,0.0,0.0,0.0,16.4,1.93,0.0
20231006:0510,0.0,0.0,0.0,15.79,1.93,0.0
20231006:0610,0.0,0.0,0.0,15.34,1.93,0.0
20231006:0710,118.23,166.42,9.56,15.49,1.86,0.0
20231006:0810,350.3,428.16,20.25,17.96,1.38,0.0
20231006:0910,528.4,657.56,29.92,22.5,1.38,0.0
20231006:1010,642.1,821.02,37.85,25.39,1.66,0.0
20231006:1110,712.15,935.24,43.05,27.42,1.59,0.0
20231006:1210,719.42,957.06,44.53,29.02,1.52,0.0
20231006:1310,705.2,941.7,41.93,30.17,1.45,0.0
20231006:1410,620.69,818.49,35.86,30.82,1.38,0.0
20231006:1510,457.93,593.76,27.36,31.03,1.24,0.0
20231006:1610,278.54,368.57,17.35,30.76,1.24,0.0
20231006:1710,57.3,100.17,6.47,29.48,1.59,0.0
20231006:1810,0.0,0.0,0.0,26.83,2.28,0.0
20231006:1910,0.0,0.0,0.0,24.77,2.14,0.0
20231006:2010,0.0,0.0,0.0,22.89,2.07,0.0
20231006:2110,0.0,0.0,0.0,21.17,1.93,0.0
20231006:2210,0.0,0.0,0.0,19.64,1.72,0.0
20231006:2310,0.0,0.0,0.0,18.62,1.72,0.0
20231007:0010,0.0,0.0,0.0,18.11,1.86,0.0
20231007:0110,0.0,0.0,0.0,17.7,2.0,0.0
20231007:0210,0.0,0.0,0.0,17.34,2.14,0.0
20231007:0310,0.0,0.0,0.0,16.82,2.14,0.0
20231007:0410,0.0,0.0,0.0,16.21,2.07,0.0
20231007:0510,0.0,0.0,0.0,15.63,2.0,0.0
20231007:0610,0.0,0.0,0.0,15.15,1.93,0.0
20231007:0710,118.65,166.95,9.35,15.06,1.79,0.0
20231007:0810,353.22,430.42,20.02,17.2,1.31,0.0
20231007:0910,525.03,651.91,29.65,21.95,1.31,0.0
20231007:1010,648.48,826.97,37.54,24.53,1.59,0.0
20231007:1110,706.06,926.66,42.69,26.48,1.31,0.0
20231007:1210,714.88,955.79,44.14,28.1,1.03,0.0
20231007:1310,697.3,940.74,41.55,29.33,0.76,0.0
20231007:1410,603.98,804.89,35.5,30.11,0.55,0.0
20231007:1510,449.82,590.8,27.02,30.39,0.14,0.0
20231007:1610,287.5,382.55,17.03,30.25,0.41,0.0
20231007:1710,44.06,79.03,6.16,29.17,1.59,0.0
20231007:1810,0.0,0.0,0.0,26.75,2.41,0.0
20231007:1910,0.0,0.0,0.0,24.54,2.21,0.0
20231007:2010,0.0,0.0,0.0,22.84,2.14,0.0
20231007:2110,0.0,0.0,0.0,21.32,2.0,0.0
20231007:2210,0.0,0.0,0.0,19.82,1.79,0.0
20231007:2310,0.0,0.0,0.0,18.65,1.66,0.0
20231008:0010,0.0,0.0,0.0,17.87,1.66,0.0
20231008:0110,0.0,0.0,0.0,17.3,1.72,0.0
20231008:0210,0.0,0.0,0.0,16.71,1.66,0.0
20231008:0310,0.0,0.0,0.0,16.06,1.59,0.0
20231008:0410,0.0,0.0,0.0,15.52,1.59,0.0
20231008:0510,0.0,0.0,0.0,15.32,1.72,0.0
20231008:0610,0.0,0.0,0.0,14.99,1.79,0.0
20231008:0710,124.45,174.82,9.15,14.58,1.52,0.0
20231008:0810,341.88,417.43,19.79,17.12,1.03,0.0
20231008:0910,506.69,628.71,29.39,21.02,0.9,0.0
20231008:1010,634.05,817.95,37.22,23.82,0.69,0.0
20231008:1110,675.88,895.72,42.33,26.0,0.55,0.0
20231008:1210,699.78,944.4,43.76,27.71,0.48,0.0
20231008:1310,684.33,922.32,41.16,29.01,0.62,0.0
20231008:1410,595.78,787.79,35.13,29.83,0.76,0.0
20231008:1510,442.01,572.27,26.68,30.12,0.9,0.0
20231008:1610,238.69,316.12,16.71,29.88,1.03,0.0
20231008:1710,35.27,65.17,5.85,28.6,1.03,0.0
20231008:1810,0.0,0.0,0.0,26.63,1.52,0.0
20231008:1910,0.0,0.0,0.0,24.49,2.0,0.0
20231008:2010,0.0,0.0,0.0,22.42,1.86,0.0
20231008:2110,0.0,0.0,0.0,20.99,1.52,0.0
20231008:2210,0.0,0.0,0.0,20.78,1.03,0.0
20231008:2310,0.0,0.0,0.0,18.69,1.72,0.0
20231009:0010,0.0,0.0,0.0,18.49,2.0,0.0
20231009:0110,0.0,0.0,0.0,18.01,2.0,0.0
20231009:0210,0.0,0.0,0.0,16.93,1.79,0.0
20231009:0310,0.0,0.0,0.0,16.27,1.79,0.0
20231009:0410,0.0,0.0,0.0,15.73,1.79,0.0
20231009:0510,0.0,0.0,0.0,15.21,1.72,0.0
20231009:0610,0.0,0.0,0.0,14.76,1.66,0.0
20231009:0710,110.31,155.94,8.94,14.46,1.45,0.0
20231009:0810,340.53,417.24,19.56,17.44,0.83,0.0
20231009:0910,511.6,634.84,29.12,20.94,0.9,0.0
20231009:1010,627.81,806.2,36.91,23.23,0.69,0.0
20231009:1110,688.08,910.7,41.98,25.05,0.48,0.0
20231009:1210,695.41,932.78,43.37,26.54,0.41,0.0
20231009:1310,671.32,902.0,40.78,27.68,0.34,0.0
20231009:1410,575.37,762.87,34.76,28.43,0.14,0.0
20231009:1510,413.74,536.6,26.34,28.77,0.14,0.0
20231009:1610,267.56,353.3,16.39,28.53,0.48,0.0
20231009:1710,39.07,73.23,5.55,27.51,0.97,0.0
20231009:1810,0.0,0.0,0.0,25.74,1.72,0.0
20231009:1910,0.0,0.0,0.0,24.14,2.0,0.0
20231009:2010,0.0,0.0,0.0,22.42,2.0,0.0
20231009:2110,0.0,0.0,0.0,20.66,1.66,0.0
20231009:2210,0.0,0.0,0.0,21.48,0.76,0.0
20231009:2310,0.0,0.0,0.0,18.85,1.66,0.0
20231010:0010,0.0,0.0,0.0,17.57,1.66,0.0
20231010:0110,0.0,0.0,0.0,17.08,1.72,0.0
20231010:0210,0.0,0.0,0.0,16.29,1.59,0.0
20231010:0310,0.0,0.0,0.0,15.5,1.59,0.0
20231010:0410,0.0,0.0,0.0,14.92,1.72,0.0
20231010:0510,0.0,0.0,0.0,14.6,1.79,0.0
20231010:0610,0.0,0.0,0.0,14.13,1.79,0.0
20231010:0710,114.07,160.52,8.73,13.69,1.52,0.0
20231010:0810,354.59,432.42,19.33,16.4,0.83,0.0
20231010:0910,533.41,663.03,28.85,19.95,0.62,0.0
20231010:1010,654.39,840.66,36.6,22.19,0.62,0.0
20231010:1110,705.37,935.2,41.62,24.01,0.34,0.0
20231010:1210,717.52,963.2,42.99,25.46,0.34,0.0
20231010:1310,693.35,932.09,40.39,26.57,0.28,0.0
20231010:1410,606.85,801.57,34.4,27.32,0.28,0.0
20231010:1510,452.13,584.73,26.0,27.67,0.21,0.0
20231010:1610,264.65,349.1,16.07,27.52,0.14,0.0
20231010:1710,41.02,77.69,5.25,26.35,0.21,0.0
20231010:1810,0.0,0.0,0.0,24.93,0.62,0.0
20231010:1910,0.0,0.0,0.0,22.92,1.59,0.0
20231010:2010,0.0,0.0,0.0,21.1,1.59,0.0
20231010:2110,0.0,0.0,0.0,20.92,1.17,0.0
20231010:2210,0.0,0.0,0.0,21.47,0.9,0.0
20231010:2310,0.0,0.0,0.0,19.08,1.17,0.0
20231011:0010,0.0,0.0,0.0,16.78,1.59,0.0
20231011:0110,0.0,0.0,0.0,15.67,1.45,0.0
20231011:0210,0.0,0.0,0.0,14.99,1.45,0.0
20231011:0310,0.0,0.0,0.0,14.39,1.45,0.0
20231011:0410,0.0,0.0,0.0,13.77,1.45,0.0
20231011:0510,0.0,0.0,0.0,13.27,1.45,0.0
20231011:0610,0.0,0.0,0.0,12.91,1.45,0.0
20231011:0710,113.86,160.0,8.52,12.69,1.52,0.0
20231011:0810,353.11,428.73,19.09,15.75,0.97,0.0
20231011:0910,521.79,641.97,28.58,19.32,0.97,0.0
20231011:1010,651.35,828.99,36.29,21.76,0.9,0.0
20231011:1110,702.33,921.94,41.27,23.81,0.62,0.0
20231011:1210,707.28,942.32,42.61,25.33,0.48,0.0
20231011:1310,685.51,911.88,40.01,26.49,0.55,0.0
20231011:1410,601.15,782.61,34.04,27.21,0.83,0.0
20231011:1510,443.16,565.3,25.67,27.41,0.97,0.0
20231011:1610,255.37,334.45,15.76,27.12,0.9,0.0
20231011:1710,41.36,79.29,4.95,25.85,0.48,0.0
20231011:1810,0.0,0.0,0.0,25.56,0.34,0.0
20231011:1910,0.0,0.0,0.0,22.7,1.1,0.0
20231011:2010,0.0,0.0,0.0,21.73,1.17,0.0
20231011:2110,0.0,0.0,0.0,20.85,1.24,0.0
20231011:2210,0.0,0.0,0.0,19.39,1.45,0.0
20231011:2310,0.0,0.0,0.0,18.16,1.38,0.0
20231012:0010,0.0,0.0,0.0,16.9,1.45,0.0
20231012:0110,0.0,0.0,0.0,15.82,1.45,0.0
20231012:0210,0.0,0.0,0.0,15.02,1.38,0.0
20231012:0310,0.0,0.0,0.0,14.43,1.38,0.0
20231012:0410,0.0,0.0,0.0,13.92,1.38,0.0
20231012:0510,0.0,0.0,0.0,13.51,1.45,0.0
20231012:0610,0.0,0.0,0.0,13.2,1.52,0.0
20231012:0710,111.27,156.82,8.31,12.92,1.52,0.0
20231012:0810,342.99,415.57,18.86,15.44,1.03,0.0
20231012:0910,527.99,651.77,28.31,19.25,0.76,0.0
20231012:1010,640.34,821.43,35.97,22.17,0.55,0.0
20231012:1110,689.15,913.24,40.91,24.28,0.28,0.0
20231012:1210,711.13,948.75,42.23,25.81,0.55,0.0
20231012:1310,687.91,909.09,39.64,26.88,0.9,0.0
20231012:1410,600.65,779.54,33.68,27.46,1.03,0.0
20231012:1510,447.0,570.25,25.33,27.57,1.03,0.0
20231012:1610,257.93,338.39,15.45,27.29,0.9,0.0
20231012:1710,33.46,66.37,4.65,26.04,0.48,0.0
20231012:1810,0.0,0.0,0.0,24.5,0.9,0.0
20231012:1910,0.0,0.0,0.0,23.09,1.86,0.0
20231012:2010,0.0,0.0,0.0,21.08,1.86,0.0
20231012:2110,0.0,0.0,0.0,19.43,1.72,0.0
20231012:2210,0.0,0.0,0.0,18.14,1.59,0.0
20231012:2310,0.0,0.0,0.0,17.21,1.52,0.0
20231013:0010,0.0,0.0,0.0,16.45,1.45,0.0
20231013:0110,0.0,0.0,0.0,15.72,1.45,0.0
20231013:0210,0.0,0.0,0.0,15.08,1.52,0.0
20231013:0310,0.0,0.0,0.0,14.71,1.66,0.0
20231013:0410,0.0,0.0,0.0,14.32,1.79,0.0
20231013:0510,0.0,0.0,0.0,13.82,1.72,0.0
20231013:0610,0.0,0.0,0.0,13.3,1.66,0.0
20231013:0710,106.4,151.02,8.09,13.19,1.59,0.0
20231013:0810,341.1,414.21,18.62,15.88,1.03,0.0
20231013:0910,523.86,645.19,28.04,19.95,1.1,0.0
20231013:1010,572.43,717.46,35.66,22.27,1.24,0.0
20231013:1110,662.06,848.05,40.56,24.15,1.45,0.0
20231013:1210,684.92,881.33,41.85,25.55,1.86,0.0
20231013:1310,535.92,674.23,39.26,26.43,2.48,0.0
20231013:1410,302.99,379.91,33.33,26.71,2.97,0.0
20231013:1510,314.66,393.08,25.0,26.46,2.97,0.0
20231013:1610,159.78,211.42,15.14,25.96,2.69,0.0
20231013:1710,27.48,56.3,4.36,24.79,2.07,0.0
20231013:1810,0.0,0.0,0.0,23.47,2.28,0.0
20231013:1910,0.0,0.0,0.0,22.31,2.28,0.0
20231013:2010,0.0,0.0,0.0,21.27,1.66,0.0
20231013:2110,0.0,0.0,0.0,19.94,1.17,0.0
20231013:2210,0.0,0.0,0.0,19.49,0.97,0.0
20231013:2310,0.0,0.0,0.0,19.29,1.31,0.0
20231014:0010,0.0,0.0,0.0,18.92,1.66,0.0
20231014:0110,0.0,0.0,0.0,18.7,1.24,0.0
20231014:0210,0.0,0.0,0.0,18.86,0.48,0.0
20231014:0310,0.0,0.0,0.0,17.92,2.07,0.0
20231014:0410,0.0,0.0,0.0,16.37,1.72,0.0
20231014:0510,0.0,0.0,0.0,15.38,0.76,0.0
20231014:0610,0.0,0.0,0.0,15.46,0.55,0.0
20231014:0710,86.56,125.99,7.88,14.75,0.76,0.0
20231014:0810,176.06,219.34,18.38,15.22,0.83,0.0
20231014:0910,538.2,651.88,27.77,16.5,1.1,0.0
20231014:1010,641.73,793.69,35.35,18.2,1.24,0.0
20231014:1110,505.75,618.54,40.2,19.87,1.79,0.0
20231014:1210,287.14,353.74,41.48,20.77,2.0,0.0
20231014:1310,584.71,725.19,38.89,21.3,1.79,0.0
20231014:1410,519.21,641.22,32.98,21.69,1.59,0.0
20231014:1510,393.28,483.8,24.68,22.09,1.59,0.0
20231014:1610,256.05,326.52,14.84,21.8,1.52,0.0
20231014:1710,16.91,37.2,4.07,21.35,1.1,0.0
20231014:1810,0.0,0.0,0.0,20.53,0.55,0.0
20231014:1910,0.0,0.0,0.0,18.79,0.9,0.0
20231014:2010,0.0,0.0,0.0,17.57,0.9,0.0
20231014:2110,0.0,0.0,0.0,16.9,0.83,0.0
20231014:2210,0.0,0.0,0.0,16.24,0.9,0.0
20231014:2310,0.0,0.0,0.0,15.71,0.9,0.0
20231015:0010,0.0,0.0,0.0,15.41,0.76,0.0
20231015:0110,0.0,0.0,0.0,15.4,0.55,0.0
20231015:0210,0.0,0.0,0.0,14.48,0.83,0.0
20231015:0310,0.0,0.0,0.0,14.29,0.83,0.0
20231015:0410,0.0,0.0,0.0,14.2,0.9,0.0
20231015:0510,0.0,0.0,0.0,14.07,1.03,0.0
20231015:0610,0.0,0.0,0.0,14.05,1.17,0.0
20231015:0710,104.91,150.33,7.66,13.69,0.97,0.0
20231015:0810,279.23,340.2,18.14,15.31,0.62,0.0
20231015:0910,470.75,572.1,27.49,17.2,0.69,0.0
20231015:1010,660.55,820.44,35.03,18.99,1.38,0.0
20231015:1110,667.06,830.43,39.85,20.42,1.93,0.0
20231015:1210,662.56,825.1,41.1,21.04,2.14,0.0
20231015:1310,492.58,602.42,38.52,21.43,2.41,0.0
20231015:1410,161.42,206.77,32.63,21.32,2.48,0.0
20231015:1510,65.65,94.6,24.35,20.85,2.07,0.0
20231015:1610,114.45,153.12,14.53,20.64,1.72,0.0
20231015:1710,10.28,25.6,3.78,20.19,1.45,0.0
20231015:1810,0.0,0.0,0.0,19.39,1.24,0.0
20231015:1910,0.0,0.0,0.0,18.6,1.72,0.0
20231015:2010,0.0,0.0,0.0,17.95,1.66,0.0
20231015:2110,0.0,0.0,0.0,16.7,1.1,0.0
20231015:2210,0.0,0.0,0.0,16.02,0.9,0.0
20231015:2310,0.0,0.0,0.0,15.75,1.03,0.0
20231016:0010,0.0,0.0,0.0,15.57,1.03,0.0
20231016:0110,0.0,0.0,0.0,15.49,0.83,0.0
20231016:0210,0.0,0.0,0.0,15.2,1.03,0.0
20231016:0310,0.0,0.0,0.0,14.97,1.1,0.0
20231016:0410,0.0,0.0,0.0,14.85,1.1,0.0
20231016:0510,0.0,0.0,0.0,14.79,1.1,0.0
20231016:0610,0.0,0.0,0.0,14.71,1.1,0.0
20231016:0710,54.37,83.76,7.45,15.49,1.03,0.0
20231016:0810,215.85,264.36,17.9,15.85,2.21,0.0
20231016:0910,404.66,481.08,27.22,16.9,2.55,0.0
20231016:1010,474.29,567.64,34.72,17.82,2.55,0.0
20231016:1110,479.16,576.28,39.5,18.81,2.83,0.0
20231016:1210,486.87,587.83,40.73,19.42,2.83,0.0
20231016:1310,506.14,611.68,38.15,19.8,2.9,0.0
20231016:1410,243.24,299.35,32.28,20.1,2.76,0.0
20231016:1510,256.06,313.67,24.03,20.11,2.69,0.0
20231016:1610,78.2,109.47,14.23,20.03,2.55,0.0
20231016:1710,4.63,15.14,3.5,19.6,1.52,0.0
20231016:1810,0.0,0.0,0.0,18.39,0.97,0.0
20231016:1910,0.0,0.0,0.0,18.22,1.03,0.0
20231016:2010,0.0,0.0,0.0,17.67,1.03,0.0
20231016:2110,0.0,0.0,0.0,17.42,1.03,0.0
20231016:2210,0.0,0.0,0.0,17.24,1.03,0.0
20231016:2310,0.0,0.0,0.0,17.15,1.1,0.0
20231017:0010,0.0,0.0,0.0,17.17,1.24,0.0
20231017:0110,0.0,0.0,0.0,17.18,1.45,0.0
20231017:0210,0.0,0.0,0.0,17.11,1.52,0.0
20231017:0310,0.0,0.0,0.0,17.0,1.59,0.0
20231017:0410,0.0,0.0,0.0,17.1,1.79,0.0
20231017:0510,0.0,0.0,0.0,17.04,1.86,0.0
20231017:0610,0.0,0.0,0.0,17.19,2.07,0.0
20231017:0710,4.73,15.14,7.23,16.46,2.07,0.0
20231017:0810,268.29,327.47,17.66,17.32,2.07,0.0
20231017:0910,134.98,174.05,26.95,18.96,2.69,0.0
20231017:1010,451.44,542.93,34.41,20.28,3.45,0.0
20231017:1110,363.02,440.69,39.15,22.01,4.28,0.0
20231017:1210,732.19,898.99,40.36,23.54,5.24,0.0
20231017:1310,30.45,52.03,37.78,24.27,6.41,0.0
20231017:1410,57.79,86.08,31.94,24.26,6.62,0.0
20231017:1510,397.21,480.14,23.71,24.0,6.62,0.0
20231017:1610,36.51,59.6,13.94,23.37,4.9,0.0
20231017:1710,17.57,40.98,3.22,22.17,4.9,0.0
20231017:1810,0.0,0.0,0.0,21.19,4.97,0.0
20231017:1910,0.0,0.0,0.0,20.03,5.1,0.0
20231017:2010,0.0,0.0,0.0,18.87,5.17,0.0
20231017:2110,0.0,0.0,0.0,17.94,4.76,0.0
20231017:2210,0.0,0.0,0.0,17.49,4.97,0.0
20231017:2310,0.0,0.0,0.0,17.02,5.72,0.0
20231018:0010,0.0,0.0,0.0,17.02,5.45,0.0
20231018:0110,0.0,0.0,0.0,16.74,5.52,0.0
20231018:0210,0.0,0.0,0.0,16.6,5.45,0.0
20231018:0310,0.0,0.0,0.0,16.58,4.9,0.0
20231018:0410,0.0,0.0,0.0,15.95,4.55,0.0
20231018:0510,0.0,0.0,0.0,15.84,4.55,0.0
20231018:0610,0.0,0.0,0.0,15.68,4.62,0.0
20231018:0710,61.45,93.44,7.01,15.8,4.9,0.0
20231018:0810,127.22,162.58,17.42,15.97,5.31,0.0
20231018:0910,110.22,143.62,26.67,16.55,6.0,0.0
20231018:1010,443.29,518.77,34.09,17.36,6.28,0.0
20231018:1110,674.84,797.29,38.8,18.46,6.48,0.0
20231018:1210,332.98,398.48,39.99,19.64,6.41,0.0
20231018:1310,380.22,453.16,37.42,20.34,6.69,0.0
20231018:1410,255.03,309.73,31.59,20.31,6.69,0.0
20231018:1510,137.53,176.78,23.4,20.13,6.0,0.0
20231018:1610,129.49,169.62,13.65,19.64,4.97,0.0
20231018:1710,3.04,12.3,2.94,19.05,4.21,0.0
20231018:1810,0.0,0.0,0.0,18.22,4.07,0.0
20231018:1910,0.0,0.0,0.0,17.59,4.07,0.0
20231018:2010,0.0,0.0,0.0,17.12,4.34,0.0
20231018:2110,0.0,0.0,0.0,16.99,4.76,0.0
20231018:2210,0.0,0.0,0.0,16.78,4.76,0.0
20231018:2310,0.0,0.0,0.0,16.63,4.97,0.0
20231019:0010,0.0,0.0,0.0,16.34,5.03,0.0
20231019:0110,0.0,0.0,0.0,16.1,5.03,0.0
20231019:0210,0.0,0.0,0.0,15.92,4.55,0.0
20231019:0310,0.0,0.0,0.0,15.87,4.14,0.0
20231019:0410,0.0,0.0,0.0,15.63,4.07,0.0
20231019:0510,0.0,0.0,0.0,15.17,4.07,0.0
20231019:0610,0.0,0.0,0.0,14.89,4.21,0.0
20231019:0710,1.17,8.51,6.79,15.28,4.69,0.0
20231019:0810,12.27,26.49,17.18,15.6,5.52,0.0
20231019:0910,38.79,60.54,26.4,15.71,6.48,0.0
20231019:1010,27.26,46.35,33.78,15.99,6.62,0.0
20231019:1110,32.49,52.97,38.45,16.52,8.21,0.0
20231019:1210,46.29,70.0,39.63,17.57,9.59,0.0
20231019:1310,36.81,58.65,37.06,18.12,9.24,0.0
20231019:1410,24.03,42.57,31.26,18.07,8.41,0.0
20231019:1510,19.74,36.89,23.09,17.68,8.62,0.0
20231019:1610,7.67,19.87,13.36,17.23,8.0,0.0
20231019:1710,0.0,2.84,2.67,15.87,5.31,0.0
20231019:1810,0.0,0.0,0.0,14.4,5.1,0.0
20231019:1910,0.0,0.0,0.0,13.63,4.34,0.0
20231019:2010,0.0,0.0,0.0,13.21,3.86,0.0
20231019:2110,0.0,0.0,0.0,12.39,4.21,0.0
20231019:2210,0.0,0.0,0.0,11.99,4.14,0.0
20231019:2310,0.0,0.0,0.0,11.95,4.14,0.0
20231020:0010,0.0,0.0,0.0,11.53,4.76,0.0
20231020:0110,0.0,0.0,0.0,11.4,4.62,0.0
20231020:0210,0.0,0.0,0.0,11.35,4.34,0.0
20231020:0310,0.0,0.0,0.0,11.14,4.41,0.0
20231020:0410,0.0,0.0,0.0,11.02,4.0,0.0
20231020:0510,0.0,0.0,0.0,10.82,3.93,0.0
20231020:0610,0.0,0.0,0.0,10.74,4.0,0.0
20231020:0710,16.39,31.95,6.58,10.79,4.34,0.0
20231020:0810,172.07,208.63,16.93,11.37,6.07,0.0
20231020:0910,327.11,377.27,26.12,11.8,5.45,0.0
20231020:1010,622.21,713.99,33.47,12.76,5.93,0.0
20231020:1110,614.4,713.18,38.11,14.17,5.45,0.0
20231020:1210,679.2,794.78,39.27,15.02,5.45,0.0
20231020:1310,454.06,530.88,36.71,15.96,5.17,0.0
20231020:1410,361.81,426.18,30.92,16.43,4.55,0.0
20231020:1510,480.49,565.66,22.78,16.9,4.48,0.0
20231020:1610,259.61,321.34,13.07,16.58,3.93,0.0
20231020:1710,3.72,14.61,2.4,15.68,3.38,0.0
20231020:1810,0.0,0.0,0.0,14.39,3.03,0.0
20231020:1910,0.0,0.0,0.0,13.42,3.59,0.0
20231020:2010,0.0,0.0,0.0,12.48,3.38,0.0
20231020:2110,0.0,0.0,0.0,11.96,3.1,0.0
20231020:2210,0.0,0.0,0.0,11.46,2.76,0.0
20231020:2310,0.0,0.0,0.0,11.05,2.48,0.0
20231021:0010,0.0,0.0,0.0,10.71,2.41,0.0
20231021:0110,0.0,0.0,0.0,10.29,2.21,0.0
20231021:0210,0.0,0.0,0.0,9.68,2.14,0.0
20231021:0310,0.0,0.0,0.0,9.19,2.0,0.0
20231021:0410,0.0,0.0,0.0,8.71,1.86,0.0
20231021:0510,0.0,0.0,0.0,8.33,1.86,0.0
20231021:0610,0.0,0.0,0.0,7.78,1.93,0.0
20231021:0710,94.09,133.49,6.36,7.55,1.86,0.0
20231021:0810,367.93,430.38,16.69,8.96,1.79,0.0
20231021:0910,587.51,684.89,25.85,10.82,2.28,0.0
20231021:1010,702.97,837.0,33.16,12.39,2.21,0.0
20231021:1110,794.02,963.59,37.77,13.64,2.34,0.0
20231021:1210,791.56,965.12,38.91,14.67,2.41,0.0
20231021:1310,711.83,858.9,36.35,15.45,2.62,0.0
20231021:1410,627.83,748.04,30.59,15.51,2.76,0.0
20231021:1510,356.85,421.37,22.47,15.22,2.97,0.0
20231021:1610,223.01,276.72,12.79,14.88,2.62,0.0
20231021:1710,2.12,10.41,2.14,14.27,1.72,0.0
20231021:1810,0.0,0.0,0.0,13.11,1.52,0.0
20231021:1910,0.0,0.0,0.0,12.23,1.24,0.0
20231021:2010,0.0,0.0,0.0,11.92,0.97,0.0
20231021:2110,0.0,0.0,0.0,11.66,0.97,0.0
20231021:2210,0.0,0.0,0.0,11.92,0.55,0.0
20231021:2310,0.0,0.0,0.0,10.66,1.38,0.0
20231022:0010,0.0,0.0,0.0,9.76,1.52,0.0
20231022:0110,0.0,0.0,0.0,9.39,1.59,0.0
20231022:0210,0.0,0.0,0.0,9.1,1.52,0.0
20231022:0310,0.0,0.0,0.0,8.64,1.52,0.0
20231022:0410,0.0,0.0,0.0,8.36,1.45,0.0
20231022:0510,0.0,0.0,0.0,8.65,1.52,0.0
20231022:0610,0.0,0.0,0.0,9.19,1.66,0.0
20231022:0710,89.31,128.93,6.13,9.6,2.0,0.0
20231022:0810,68.45,93.81,16.45,10.35,1.93,0.0
20231022:0910,236.47,281.23,25.57,12.32,2.41,0.0
20231022:1010,653.66,772.84,32.84,14.27,3.1,0.0
20231022:1110,334.22,396.29,37.42,15.82,3.59,0.0
20231022:1210,137.34,175.01,38.55,16.82,3.93,0.0
20231022:1310,172.36,214.93,36.0,17.37,4.21,0.0
20231022:1410,143.4,182.14,30.26,17.65,4.76,0.0
20231022:1510,194.54,238.11,22.17,16.64,4.41,0.0
20231022:1610,35.75,56.76,12.51,14.95,2.76,0.0
20231022:1710,0.0,0.95,1.88,13.73,3.45,0.0
20231022:1810,0.0,0.0,0.0,13.07,3.66,0.0
20231022:1910,0.0,0.0,0.0,12.55,3.03,0.0
20231022:2010,0.0,0.0,0.0,12.6,3.52,0.0
20231022:2110,0.0,0.0,0.0,12.72,3.59,0.0
20231022:2210,0.0,0.0,0.0,13.09,2.9,0.0
20231022:2310,0.0,0.0,0.0,13.82,3.17,0.0
20231023:0010,0.0,0.0,0.0,14.22,4.14,0.0
20231023:0110,0.0,0.0,0.0,13.27,4.62,0.0
20231023:0210,0.0,0.0,0.0,12.58,4.34,0.0
20231023:0310,0.0,0.0,0.0,12.49,4.07,0.0
20231023:0410,0.0,0.0,0.0,12.43,3.86,0.0
20231023:0510,0.0,0.0,0.0,12.1,3.93,0.0
20231023:0610,0.0,0.0,0.0,11.59,3.52,0.0
20231023:0710,87.35,127.15,5.91,10.26,2.14,0.0
20231023:0810,226.18,270.82,16.2,11.1,2.07,0.0
20231023:0910,449.1,523.09,25.3,12.46,2.41,0.0
20231023:1010,561.73,660.55,32.53,14.01,2.83,0.0
20231023:1110,556.59,655.55,37.08,15.36,3.66,0.0
20231023:1210,160.29,200.34,38.2,15.98,3.72,0.0
20231023:1310,347.46,412.15,35.66,15.97,3.17,0.0
20231023:1410,37.79,59.6,29.94,16.5,3.31,0.0
20231023:1510,14.21,29.33,21.87,16.65,2.76,0.0
20231023:1610,22.82,40.68,12.24,15.61,2.55,0.0
20231023:1710,0.0,5.68,1.62,14.23,2.21,0.0
20231023:1810,0.0,0.0,0.0,13.27,2.21,0.0
20231023:1910,0.0,0.0,0.0,12.11,2.07,0.0
20231023:2010,0.0,0.0,0.0,11.69,2.21,0.0
20231023:2110,0.0,0.0,0.0,11.28,2.34,0.0
20231023:2210,0.0,0.0,0.0,10.7,2.41,0.0
20231023:2310,0.0,0.0,0.0,10.4,2.48,0.0
20231024:0010,0.0,0.0,0.0,10.36,2.55,0.0
20231024:0110,0.0,0.0,0.0,10.45,2.28,0.0
20231024:0210,0.0,0.0,0.0,10.45,2.0,0.0
20231024:0310,0.0,0.0,0.0,10.34,2.21,0.0
20231024:0410,0.0,0.0,0.0,9.99,2.41,0.0
20231024:0510,0.0,0.0,0.0,10.0,2.69,0.0
20231024:0610,0.0,0.0,0.0,9.81,2.62,0.0
20231024:0710,78.29,115.73,5.69,8.88,2.07,0.0
20231024:0810,122.37,153.25,15.96,9.37,3.31,0.0
20231024:0910,384.06,440.09,25.02,10.27,3.66,0.0
20231024:1010,599.6,688.67,32.23,11.72,4.69,0.0
20231024:1110,497.89,571.95,36.74,12.74,5.59,0.0
20231024:1210,251.48,297.95,37.85,13.5,5.86,0.0
20231024:1310,52.78,76.62,35.31,13.68,6.14,0.0
20231024:1410,157.29,194.23,29.62,13.55,4.83,0.0
20231024:1510,115.23,147.64,21.58,13.74,4.21,0.0
20231024:1610,54.48,78.94,11.97,13.58,4.0,0.0
20231024:1710,0.0,3.78,1.37,13.18,3.93,0.0
20231024:1810,0.0,0.0,0.0,12.74,3.79,0.0
20231024:1910,0.0,0.0,0.0,12.6,4.55,0.0
20231024:2010,0.0,0.0,0.0,12.8,4.69,0.0
20231024:2110,0.0,0.0,0.0,12.97,4.62,0.0
20231024:2210,0.0,0.0,0.0,13.0,4.48,0.0
20231024:2310,0.0,0.0,0.0,13.03,4.41,0.0
20231025:0010,0.0,0.0,0.0,13.08,4.07,0.0
20231025:0110,0.0,0.0,0.0,13.08,3.79,0.0
20231025:0210,0.0,0.0,0.0,13.07,3.38,0.0
20231025:0310,0.0,0.0,0.0,12.97,3.24,0.0
20231025:0410,0.0,0.0,0.0,12.97,3.38,0.0
20231025:0510,0.0,0.0,0.0,13.02,3.24,0.0
20231025:0610,0.0,0.0,0.0,12.71,2.69,0.0
20231025:0710,26.61,47.13,5.47,13.05,3.17,0.0
20231025:0810,36.08,56.76,15.71,13.32,4.28,0.0
20231025:0910,171.43,209.91,24.75,14.14,4.9,0.0
20231025:1010,200.37,243.53,31.92,15.17,4.69,0.0
20231025:1110,303.05,359.81,36.41,16.24,4.83,0.0
20231025:1210,61.46,87.98,37.5,17.06,4.76,0.0
20231025:1310,512.64,604.84,34.98,17.62,4.69,0.0
20231025:1410,565.72,668.98,29.3,17.95,4.48,0.0
20231025:1510,131.87,169.01,21.29,17.68,3.66,0.0
20231025:1610,79.08,109.67,11.7,17.62,4.48,0.0
20231025:1710,0.0,0.0,0.0,16.79,4.48,0.0
20231025:1810,0.0,0.0,0.0,15.79,4.41,0.0
20231025:1910,0.0,0.0,0.0,15.83,4.21,0.0
20231025:2010,0.0,0.0,0.0,15.6,4.21,0.0
20231025:2110,0.0,0.0,0.0,15.41,4.28,0.0
20231025:2210,0.0,0.0,0.0,15.48,4.28,0.0
20231025:2310,0.0,0.0,0.0,15.7,4.21,0.0
20231026:0010,0.0,0.0,0.0,15.75,4.07,0.0
20231026:0110,0.0,0.0,0.0,15.72,4.0,0.0
20231026:0210,0.0,0.0,0.0,15.61,4.14,0.0
20231026:0310,0.0,0.0,0.0,15.57,4.41,0.0
20231026:0410,0.0,0.0,0.0,15.64,4.62,0.0
20231026:0510,0.0,0.0,0.0,15.64,4.9,0.0
20231026:0610,0.0,0.0,0.0,15.58,5.31,0.0
20231026:0710,2.1,10.41,5.25,15.65,5.24,0.0
20231026:0810,35.63,56.76,15.47,15.95,5.66,0.0
20231026:0910,89.73,120.14,24.47,16.08,5.86,0.0
20231026:1010,226.02,272.39,31.61,16.76,7.45,0.0
20231026:1110,145.25,183.34,36.07,17.17,7.72,0.0
20231026:1210,85.05,115.41,37.15,17.66,7.79,0.0
20231026:1310,67.63,95.54,34.64,18.26,6.9,0.0
20231026:1410,76.89,105.95,28.99,17.51,7.66,0.0
20231026:1510,67.41,94.6,21.01,16.36,5.93,0.0
20231026:1610,19.18,35.95,11.44,15.88,4.07,0.0
20231026:1710,0.0,0.0,0.0,15.7,3.86,0.0
20231026:1810,0.0,0.0,0.0,15.03,4.0,0.0
20231026:1910,0.0,0.0,0.0,14.86,3.72,0.0
20231026:2010,0.0,0.0,0.0,14.63,2.9,0.0
20231026:2110,0.0,0.0,0.0,14.35,2.28,0.0
20231026:2210,0.0,0.0,0.0,13.66,2.0,0.0
20231026:2310,0.0,0.0,0.0,13.08,1.72,0.0
20231027:0010,0.0,0.0,0.0,13.22,1.72,0.0
20231027:0110,0.0,0.0,0.0,12.93,1.86,0.0
20231027:0210,0.0,0.0,0.0,12.66,2.34,0.0
20231027:0310,0.0,0.0,0.0,12.3,2.97,0.0
20231027:0410,0.0,0.0,0.0,11.79,3.31,0.0
20231027:0510,0.0,0.0,0.0,11.12,3.17,0.0
20231027:0610,0.0,0.0,0.0,10.81,2.76,0.0
20231027:0710,17.42,33.83,5.03,10.42,3.38,0.0
20231027:0810,194.89,234.08,15.22,11.02,4.9,0.0
20231027:0910,539.62,617.32,24.2,11.87,5.03,0.0
20231027:1010,704.72,815.23,31.31,12.94,5.31,0.0
20231027:1110,277.26,326.98,35.74,13.89,5.31,0.0
20231027:1210,293.18,346.19,36.81,14.98,5.59,0.0
20231027:1310,431.13,502.24,34.31,15.49,5.45,0.0
20231027:1410,433.31,503.86,28.68,15.52,5.38,0.0
20231027:1510,352.99,413.56,20.73,15.33,4.97,0.0
20231027:1610,134.39,173.15,11.18,15.04,4.62,0.0
20231027:1710,0.0,0.0,0.0,14.23,4.07,0.0
20231027:1810,0.0,0.0,0.0,13.4,3.79,0.0
20231027:1910,0.0,0.0,0.0,13.19,3.45,0.0
20231027:2010,0.0,0.0,0.0,12.66,3.38,0.0
20231027:2110,0.0,0.0,0.0,12.54,3.31,0.0
20231027:2210,0.0,0.0,0.0,12.36,3.24,0.0
20231027:2310,0.0,0.0,0.0,12.21,3.17,0.0
20231028:0010,0.0,0.0,0.0,12.09,3.24,0.0
20231028:0110,0.0,0.0,0.0,11.89,3.31,0.0
20231028:0210,0.0,0.0,0.0,11.92,3.24,0.0
20231028:0310,0.0,0.0,0.0,11.72,3.38,0.0
20231028:0410,0.0,0.0,0.0,11.72,3.24,0.0
20231028:0510,0.0,0.0,0.0,11.78,3.17,0.0
20231028:0610,0.0,0.0,0.0,11.73,3.24,0.0
20231028:0710,43.73,71.86,4.8,12.2,3.31,0.0
20231028:0810,323.27,380.93,14.98,12.5,4.41,0.0
20231028:0910,274.8,321.64,23.93,13.05,5.24,0.0
20231028:1010,254.11,300.39,31.0,13.83,5.79,0.0
20231028:1110,625.07,725.13,35.41,14.76,5.93,0.0
20231028:1210,815.1,961.25,36.47,15.53,5.93,0.0
20231028:1310,250.7,299.68,33.98,15.72,5.59,0.0
20231028:1410,601.29,701.85,28.38,15.89,5.17,0.0
20231028:1510,450.9,525.86,20.45,15.68,5.38,0.0
20231028:1610,194.12,243.76,10.93,15.51,4.62,0.0
20231028:1710,0.0,0.0,0.0,14.93,3.38,0.0
20231028:1810,0.0,0.0,0.0,14.4,3.1,0.0
20231028:1910,0.0,0.0,0.0,14.5,4.07,0.0
20231028:2010,0.0,0.0,0.0,14.21,4.14,0.0
20231028:2110,0.0,0.0,0.0,14.05,4.28,0.0
20231028:2210,0.0,0.0,0.0,14.05,4.76,0.0
20231028:2310,0.0,0.0,0.0,13.78,4.9,0.0
20231029:0010,0.0,0.0,0.0,13.59,4.69,0.0
20231029:0110,0.0,0.0,0.0,13.44,4.76,0.0
20231029:0210,0.0,0.0,0.0,13.19,4.76,0.0
20231029:0310,0.0,0.0,0.0,13.05,4.76,0.0
20231029:0410,0.0,0.0,0.0,13.02,4.97,0.0
20231029:0510,0.0,0.0,0.0,12.89,4.69,0.0
20231029:0610,0.0,0.0,0.0,12.93,4.62,0.0
20231029:0710,14.66,30.55,4.58,13.11,4.62,0.0
20231029:0810,64.09,89.76,14.73,13.46,4.62,0.0
20231029:0910,244.25,289.41,23.65,14.04,5.24,0.0
20231029:1010,447.31,517.23,30.7,14.86,6.0,0.0
20231029:1110,155.25,193.65,35.09,15.6,5.66,0.0
20231029:1210,235.7,283.93,36.14,16.38,5.93,0.0
20231029:1310,136.83,173.93,33.66,16.83,5.79,0.0
20231029:1410,84.42,114.46,28.08,16.78,5.24,0.0
20231029:1510,173.78,215.01,20.18,16.78,4.21,0.0
20231029:1610,48.93,73.23,10.68,16.05,3.59,0.0
20231029:1710,0.0,0.0,0.0,15.11,3.59,0.0
20231029:1810,0.0,0.0,0.0,14.1,3.38,0.0
20231029:1910,0.0,0.0,0.0,14.72,3.52,0.0
20231029:2010,0.0,0.0,0.0,14.34,3.52,0.0
20231029:2110,0.0,0.0,0.0,14.38,3.31,0.0
20231029:2210,0.0,0.0,0.0,14.08,3.17,0.0
20231029:2310,0.0,0.0,0.0,14.0,3.31,0.0
20231030:0010,0.0,0.0,0.0,13.57,3.79,0.0
20231030:0110,0.0,0.0,0.0,13.27,4.0,0.0
20231030:0210,0.0,0.0,0.0,13.15,4.55,0.0
20231030:0310,0.0,0.0,0.0,12.86,4.76,0.0
20231030:0410,0.0,0.0,0.0,12.23,4.76,0.0
20231030:0510,0.0,0.0,0.0,11.64,4.48,0.0
20231030:0610,0.0,0.0,0.0,11.47,4.14,0.0
20231030:0710,33.62,58.22,4.36,11.67,3.31,0.0
20231030:0810,247.37,294.85,14.49,11.84,3.38,0.0
20231030:0910,190.95,230.7,23.38,12.66,2.97,0.0
20231030:1010,653.65,766.86,30.4,13.11,3.24,0.0
20231030:1110,629.11,738.56,34.76,13.33,3.31,0.0
20231030:1210,810.22,970.34,35.81,14.2,3.59,0.0
20231030:1310,759.75,900.33,33.34,14.51,4.07,0.0
20231030:1410,649.68,759.63,27.79,14.52,4.34,0.0
20231030:1510,438.7,508.57,19.91,13.82,4.83,0.0
20231030:1610,220.43,272.8,10.44,12.93,3.79,0.0
20231030:1710,0.0,0.0,0.0,12.51,3.72,0.0
20231030:1810,0.0,0.0,0.0,11.79,3.45,0.0
20231030:1910,0.0,0.0,0.0,11.09,2.97,0.0
20231030:2010,0.0,0.0,0.0,10.42,2.76,0.0
20231030:2110,0.0,0.0,0.0,9.94,2.69,0.0
20231030:2210,0.0,0.0,0.0,9.48,2.62,0.0
20231030:2310,0.0,0.0,0.0,9.1,2.41,0.0
20231031:0010,0.0,0.0,0.0,8.77,2.21,0.0
20231031:0110,0.0,0.0,0.0,8.42,1.86,0.0
20231031:0210,0.0,0.0,0.0,8.07,1.66,0.0
20231031:0310,0.0,0.0,0.0,7.78,1.59,0.0
20231031:0410,0.0,0.0,0.0,7.53,1.52,0.0
20231031:0510,0.0,0.0,0.0,7.38,1.45,0.0
20231031:0610,0.0,0.0,0.0,7.29,1.17,0.0
20231031:0710,14.08,29.29,4.13,7.15,1.17,0.0
20231031:0810,152.11,186.11,14.24,7.83,0.97,0.0
20231031:0910,178.9,216.32,23.11,9.8,0.83,0.0
20231031:1010,117.23,149.46,30.1,11.26,0.97,0.0
20231031:1110,320.63,380.28,34.44,12.18,0.76,0.0
20231031:1210,338.09,402.26,35.48,12.87,0.69,0.0
20231031:1310,372.41,442.09,33.02,13.3,0.9,0.0
20231031:1410,372.43,440.85,27.5,13.68,1.17,0.0
20231031:1510,262.68,314.07,19.65,13.78,1.38,0.0
20231031:1610,123.77,161.29,10.2,13.64,1.38,0.0
20231031:1710,0.0,0.0,0.0,13.01,1.17,0.0
20231031:1810,0.0,0.0,0.0,11.76,1.52,0.0
20231031:1910,0.0,0.0,0.0,10.42,1.1,0.0
20231031:2010,0.0,0.0,0.0,10.08,1.03,0.0
20231031:2110,0.0,0.0,0.0,10.2,0.9,0.0
20231031:2210,0.0,0.0,0.0,9.54,1.1,0.0
20231031:2310,0.0,0.0,0.0,9.11,1.1,0.0
20231101:0010,0.0,0.0,0.0,8.5,1.31,0.0
20231101:0110,0.0,0.0,0.0,8.38,1.72,0.0
20231101:0210,0.0,0.0,0.0,8.34,1.93,0.0
20231101:0310,0.0,0.0,0.0,8.43,2.14,0.0
20231101:0410,0.0,0.0,0.0,8.57,2.07,0.0
20231101:0510,0.0,0.0,0.0,8.5,2.28,0.0
20231101:0610,0.0,0.0,0.0,8.78,2.48,0.0
20231101:0710,18.43,36.62,3.91,10.38,3.72,0.0
20231101:0810,61.7,86.26,14.0,11.09,3.45,0.0
20231101:0910,85.48,113.52,22.84,11.99,4.07,0.0
20231101:1010,338.32,391.6,29.8,12.64,5.03,0.0
20231101:1110,128.11,161.76,34.13,13.31,5.38,0.0
20231101:1210,169.4,207.81,35.16,13.79,5.72,0.0
20231101:1310,233.66,278.35,32.71,14.0,5.86,0.0
20231101:1410,260.06,307.53,27.21,14.24,4.9,0.0
20231101:1510,203.53,245.24,19.39,14.2,4.55,0.0
20231101:1610,75.63,104.48,9.97,13.98,4.83,0.0
20231101:1710,0.0,0.0,0.0,13.72,4.69,0.0
20231101:1810,0.0,0.0,0.0,13.81,4.62,0.0
20231101:1910,0.0,0.0,0.0,14.03,5.17,0.0
20231101:2010,0.0,0.0,0.0,14.35,5.86,0.0
20231101:2110,0.0,0.0,0.0,14.47,6.0,0.0
20231101:2210,0.0,0.0,0.0,14.35,6.34,0.0
20231101:2310,0.0,0.0,0.0,14.26,6.48,0.0
20231102:0010,0.0,0.0,0.0,14.29,6.55,0.0
20231102:0110,0.0,0.0,0.0,14.43,6.69,0.0
20231102:0210,0.0,0.0,0.0,14.49,6.9,0.0
20231102:0310,0.0,0.0,0.0,14.6,7.17,0.0
20231102:0410,0.0,0.0,0.0,14.66,7.52,0.0
20231102:0510,0.0,0.0,0.0,14.65,7.93,0.0
20231102:0610,0.0,0.0,0.0,14.52,8.14,0.0
20231102:0710,0.35,6.62,3.69,14.88,8.48,0.0
20231102:0810,22.25,39.73,13.76,14.61,8.21,0.0
20231102:0910,29.06,48.24,22.57,14.05,6.97,0.0
20231102:1010,140.71,175.85,29.51,14.1,7.24,0.0
20231102:1110,535.25,613.81,33.81,14.12,7.31,0.0
20231102:1210,832.47,969.76,34.84,14.84,7.31,0.0
20231102:1310,786.34,905.56,32.41,14.62,8.48,0.0
20231102:1410,35.11,55.81,26.93,14.67,7.72,0.0
20231102:1510,328.01,377.83,19.13,11.49,5.72,0.0
20231102:1610,107.92,140.88,9.74,11.43,4.69,0.0
20231102:1710,0.0,0.0,0.0,10.87,4.48,0.0
20231102:1810,0.0,0.0,0.0,10.04,4.41,0.0
20231102:1910,0.0,0.0,0.0,9.66,3.93,0.0
20231102:2010,0.0,0.0,0.0,9.2,3.93,0.0
20231102:2110,0.0,0.0,0.0,8.74,3.59,0.0
20231102:2210,0.0,0.0,0.0,8.2,3.45,0.0
20231102:2310,0.0,0.0,0.0,7.61,3.66,0.0
20231103:0010,0.0,0.0,0.0,7.34,4.0,0.0
20231103:0110,0.0,0.0,0.0,7.28,4.28,0.0
20231103:0210,0.0,0.0,0.0,7.21,4.55,0.0
20231103:0310,0.0,0.0,0.0,7.21,4.69,0.0
20231103:0410,0.0,0.0,0.0,7.64,4.9,0.0
20231103:0510,0.0,0.0,0.0,7.94,4.76,0.0
20231103:0610,0.0,0.0,0.0,8.06,4.69,0.0
20231103:0710,27.98,50.69,3.47,8.33,5.1,0.0
20231103:0810,186.47,223.03,13.51,8.7,4.69,0.0
20231103:0910,298.92,341.7,22.31,9.21,5.72,0.0
20231103:1010,381.32,432.83,29.22,9.69,5.52,0.0
20231103:1110,784.27,903.9,33.5,10.26,4.97,0.0
20231103:1210,281.35,327.57,34.52,11.41,5.45,0.0
20231103:1310,220.75,262.81,32.11,12.55,5.24,0.0
20231103:1410,107.82,139.05,26.65,13.26,5.24,0.0
20231103:1510,51.95,75.68,18.89,13.61,4.9,0.0
20231103:1610,26.09,44.46,9.51,13.39,3.72,0.0
20231103:1710,0.0,0.0,0.0,12.55,2.9,0.0
20231103:1810,0.0,0.0,0.0,11.84,2.62,0.0
20231103:1910,0.0,0.0,0.0,11.77,3.52,0.0
20231103:2010,0.0,0.0,0.0,11.57,3.66,0.0
20231103:2110,0.0,0.0,0.0,11.26,3.86,0.0
20231103:2210,0.0,0.0,0.0,10.99,4.14,0.0
20231103:2310,0.0,0.0,0.0,10.79,4.41,0.0
20231104:0010,0.0,0.0,0.0,10.57,4.76,0.0
20231104:0110,0.0,0.0,0.0,10.39,4.97,0.0
20231104:0210,0.0,0.0,0.0,10.38,4.76,0.0
20231104:0310,0.0,0.0,0.0,10.47,4.48,0.0
20231104:0410,0.0,0.0,0.0,10.6,4.62,0.0
20231104:0510,0.0,0.0,0.0,10.78,5.17,0.0
20231104:0610,0.0,0.0,0.0,11.1,5.52,0.0
20231104:0710,24.01,45.88,3.25,11.32,6.14,0.0
20231104:0810,59.45,83.74,13.27,11.71,6.48,0.0
20231104:0910,88.25,116.45,22.04,12.12,6.07,0.0
20231104:1010,41.81,63.38,28.93,12.55,6.97,0.0
20231104:1110,48.04,70.95,33.19,13.45,8.21,0.0
20231104:1210,53.47,77.57,34.21,14.36,8.62,0.0
20231104:1310,45.33,68.11,31.81,14.75,8.28,0.0
20231104:1410,20.05,36.89,26.38,14.69,7.52,0.0
20231104:1510,35.13,55.81,18.64,14.62,8.28,0.0
20231104:1610,103.32,137.24,9.29,14.47,7.66,0.0
20231104:1710,0.0,0.0,0.0,14.0,7.24,0.0
20231104:1810,0.0,0.0,0.0,12.94,6.83,0.0
20231104:1910,0.0,0.0,0.0,12.46,6.0,0.0
20231104:2010,0.0,0.0,0.0,12.03,5.72,0.0
20231104:2110,0.0,0.0,0.0,11.53,5.52,0.0
20231104:2210,0.0,0.0,0.0,11.03,5.31,0.0
20231104:2310,0.0,0.0,0.0,10.57,5.24,0.0
20231105:0010,0.0,0.0,0.0,9.91,5.03,0.0
20231105:0110,0.0,0.0,0.0,9.54,4.83,0.0
20231105:0210,0.0,0.0,0.0,9.3,4.62,0.0
20231105:0310,0.0,0.0,0.0,8.97,4.41,0.0
20231105:0410,0.0,0.0,0.0,8.66,4.21,0.0
20231105:0510,0.0,0.0,0.0,8.49,4.14,0.0
20231105:0610,0.0,0.0,0.0,8.16,3.86,0.0
20231105:0710,34.11,60.47,3.02,8.34,3.79,0.0
20231105:0810,337.52,393.21,13.03,8.93,3.72,0.0
20231105:0910,470.06,531.15,21.78,9.73,5.52,0.0
20231105:1010,583.1,663.81,28.64,10.79,5.17,0.0
20231105:1110,725.5,838.98,32.89,11.66,4.9,0.0
20231105:1210,757.6,883.88,33.91,12.25,4.55,0.0
20231105:1310,653.62,756.88,31.52,13.03,4.9,0.0
20231105:1410,182.25,221.14,26.12,13.28,4.76,0.0
20231105:1510,456.59,528.26,18.4,13.34,4.9,0.0
20231105:1610,217.75,270.73,9.08,12.99,4.41,0.0
20231105:1710,0.0,0.0,0.0,12.06,4.0,0.0
20231105:1810,0.0,0.0,0.0,11.07,3.86,0.0
20231105:1910,0.0,0.0,0.0,10.49,3.38,0.0
20231105:2010,0.0,0.0,0.0,10.06,3.38,0.0
20231105:2110,0.0,0.0,0.0,9.62,3.17,0.0
20231105:2210,0.0,0.0,0.0,9.22,2.9,0.0
20231105:2310,0.0,0.0,0.0,8.82,2.62,0.0
20231106:0010,0.0,0.0,0.0,8.23,2.55,0.0
20231106:0110,0.0,0.0,0.0,7.72,2.48,0.0
20231106:0210,0.0,0.0,0.0,7.34,2.34,0.0
20231106:0310,0.0,0.0,0.0,6.95,2.21,0.0
20231106:0410,0.0,0.0,0.0,6.56,2.07,0.0
20231106:0510,0.0,0.0,0.0,6.1,2.0,0.0
20231106:0610,0.0,0.0,0.0,5.85,1.86,0.0
20231106:0710,24.79,46.77,2.8,5.5,1.72,0.0
20231106:0810,316.21,368.98,12.79,6.2,1.31,0.0
20231106:0910,554.48,639.77,21.51,8.5,1.93,0.0
20231106:1010,701.0,825.03,28.35,10.03,2.07,0.0
20231106:1110,792.9,950.19,32.59,11.19,2.21,0.0
20231106:1210,780.23,934.28,33.61,11.93,2.41,0.0
20231106:1310,315.51,369.73,31.23,12.36,2.62,0.0
20231106:1410,254.41,300.95,25.85,12.45,2.62,0.0
20231106:1510,445.45,519.91,18.17,12.42,2.62,0.0
20231106:1610,234.02,290.41,8.87,11.72,2.34,0.0
20231106:1710,0.0,0.0,0.0,10.53,2.41,0.0
20231106:1810,0.0,0.0,0.0,9.2,2.28,0.0
20231106:1910,0.0,0.0,0.0,8.81,2.14,0.0
20231106:2010,0.0,0.0,0.0,8.23,2.07,0.0
20231106:2110,0.0,0.0,0.0,7.43,1.86,0.0
20231106:2210,0.0,0.0,0.0,6.64,1.66,0.0
20231106:2310,0.0,0.0,0.0,5.92,1.59,0.0
20231107:0010,0.0,0.0,0.0,5.18,1.45,0.0
20231107:0110,0.0,0.0,0.0,4.52,1.38,0.0
20231107:0210,0.0,0.0,0.0,3.97,1.24,0.0
20231107:0310,0.0,0.0,0.0,3.77,1.1,0.0
20231107:0410,0.0,0.0,0.0,3.6,1.03,0.0
20231107:0510,0.0,0.0,0.0,2.75,1.17,0.0
20231107:0610,0.0,0.0,0.0,2.48,1.1,0.0
20231107:0710,17.52,35.83,2.58,2.01,1.24,0.0
20231107:0810,322.46,372.21,12.55,3.25,0.97,0.0
20231107:0910,543.46,623.18,21.25,6.29,1.45,0.0
20231107:1010,270.25,313.51,28.07,8.24,2.14,0.0
20231107:1110,357.35,412.05,32.29,9.68,2.62,0.0
20231107:1210,475.33,548.23,33.31,10.68,2.9,0.0
20231107:1310,471.98,545.25,30.95,11.34,2.97,0.0
20231107:1410,241.39,285.49,25.6,12.04,3.1,0.0
20231107:1510,211.62,252.52,17.94,11.8,2.97,0.0
20231107:1610,186.04,232.89,8.67,11.36,2.76,0.0
20231107:1710,0.0,0.0,0.0,10.42,2.14,0.0
20231107:1810,0.0,0.0,0.0,9.52,2.07,0.0
20231107:1910,0.0,0.0,0.0,9.09,2.28,0.0
20231107:2010,0.0,0.0,0.0,8.42,2.14,0.0
20231107:2110,0.0,0.0,0.0,7.67,2.0,0.0
20231107:2210,0.0,0.0,0.0,6.9,1.79,0.0
20231107:2310,0.0,0.0,0.0,6.14,1.66,0.0
20231108:0010,0.0,0.0,0.0,5.55,1.59,0.0
20231108:0110,0.0,0.0,0.0,5.11,1.31,0.0
20231108:0210,0.0,0.0,0.0,4.37,1.17,0.0
20231108:0310,0.0,0.0,0.0,3.96,1.17,0.0
20231108:0410,0.0,0.0,0.0,4.17,1.03,0.0
20231108:0510,0.0,0.0,0.0,4.39,0.83,0.0
20231108:0610,0.0,0.0,0.0,4.16,0.76,0.0
20231108:0710,0.0,3.78,2.36,4.35,1.1,0.0
20231108:0810,53.22,75.04,12.32,5.55,0.83,0.0
20231108:0910,101.23,129.23,20.99,7.7,1.45,0.0
20231108:1010,188.46,225.63,27.79,9.17,1.86,0.0
20231108:1110,526.72,612.2,32.0,10.61,2.07,0.0
20231108:1210,445.42,518.09,33.02,11.66,2.28,0.0
20231108:1310,504.75,588.0,30.67,12.58,2.69,0.0
20231108:1410,533.32,621.66,25.35,12.97,2.83,0.0
20231108:1510,392.85,459.01,17.72,13.16,2.97,0.0
20231108:1610,206.46,259.17,8.47,12.75,2.48,0.0
20231108:1710,0.0,0.0,0.0,11.98,2.34,0.0
20231108:1810,0.0,0.0,0.0,11.23,2.55,0.0
20231108:1910,0.0,0.0,0.0,10.7,2.48,0.0
20231108:2010,0.0,0.0,0.0,10.26,2.76,0.0
20231108:2110,0.0,0.0,0.0,9.71,2.76,0.0
20231108:2210,0.0,0.0,0.0,9.54,2.9,0.0
20231108:2310,0.0,0.0,0.0,9.4,3.1,0.0
20231109:0010,0.0,0.0,0.0,9.54,3.52,0.0
20231109:0110,0.0,0.0,0.0,9.78,3.66,0.0
20231109:0210,0.0,0.0,0.0,9.97,3.79,0.0
20231109:0310,0.0,0.0,0.0,10.09,3.86,0.0
20231109:0410,0.0,0.0,0.0,10.23,3.86,0.0
20231109:0510,0.0,0.0,0.0,10.38,3.72,0.0
20231109:0610,0.0,0.0,0.0,10.43,3.24,0.0
20231109:0710,0.02,5.68,2.15,10.22,2.76,0.0
20231109:0810,155.49,191.8,12.08,10.46,2.28,0.0
20231109:0910,502.39,580.38,20.74,11.67,3.17,0.0
20231109:1010,664.07,783.56,27.51,12.69,2.55,0.0
20231109:1110,763.97,924.0,31.71,13.99,2.28,0.0
20231109:1210,777.74,946.15,32.73,14.81,2.34,0.0
20231109:1310,604.13,719.73,30.4,15.31,2.48,0.0
20231109:1410,593.29,706.06,25.1,15.75,2.55,0.0
20231109:1510,427.89,507.85,17.5,15.94,2.62,0.0
20231109:1610,111.52,149.11,8.28,15.6,2.0,0.0
20231109:1710,0.0,0.0,0.0,14.29,1.86,0.0
20231109:1810,0.0,0.0,0.0,12.81,2.21,0.0
20231109:1910,0.0,0.0,0.0,11.95,2.97,0.0
20231109:2010,0.0,0.0,0.0,11.26,2.9,0.0
20231109:2110,0.0,0.0,0.0,10.64,2.62,0.0
20231109:2210,0.0,0.0,0.0,10.4,2.21,0.0
20231109:2310,0.0,0.0,0.0,10.09,2.07,0.0
20231110:0010,0.0,0.0,0.0,9.71,1.93,0.0
20231110:0110,0.0,0.0,0.0,9.22,1.79,0.0
20231110:0210,0.0,0.0,0.0,8.84,1.66,0.0
20231110:0310,0.0,0.0,0.0,8.76,1.59,0.0
20231110:0410,0.0,0.0,0.0,8.34,1.72,0.0
20231110:0510,0.0,0.0,0.0,7.81,1.72,0.0
20231110:0610,0.0,0.0,0.0,7.23,1.66,0.0
20231110:0710,1.27,8.51,1.93,7.27,1.52,0.0
20231110:0810,278.02,328.36,11.84,7.92,1.45,0.0
20231110:0910,485.93,562.46,20.48,10.27,2.0,0.0
20231110:1010,674.26,790.99,27.24,11.75,2.69,0.0
20231110:1110,672.61,788.8,31.42,12.87,3.38,0.0
20231110:1210,436.25,507.48,32.44,13.53,3.52,0.0
20231110:1310,565.06,660.06,30.14,13.99,3.52,0.0
20231110:1410,526.85,615.15,24.86,14.34,3.38,0.0
20231110:1510,420.88,495.59,17.29,14.33,2.62,0.0
20231110:1610,109.45,145.85,8.09,14.23,2.28,0.0
20231110:1710,0.0,0.0,0.0,13.27,2.34,0.0
20231110:1810,0.0,0.0,0.0,12.69,2.9,0.0
20231110:1910,0.0,0.0,0.0,12.0,3.45,0.0
20231110:2010,0.0,0.0,0.0,11.7,3.66,0.0
20231110:2110,0.0,0.0,0.0,11.54,3.86,0.0
20231110:2210,0.0,0.0,0.0,11.5,4.0,0.0
20231110:2310,0.0,0.0,0.0,11.57,4.14,0.0
20231111:0010,0.0,0.0,0.0,11.65,4.48,0.0
20231111:0110,0.0,0.0,0.0,11.73,4.62,0.0
20231111:0210,0.0,0.0,0.0,11.83,4.62,0.0
20231111:0310,0.0,0.0,0.0,12.0,4.41,0.0
20231111:0410,0.0,0.0,0.0,12.14,4.21,0.0
20231111:0510,0.0,0.0,0.0,12.2,4.0,0.0
20231111:0610,0.0,0.0,0.0,12.38,3.79,0.0
20231111:0710,0.0,0.95,1.71,12.56,3.66,0.0
20231111:0810,168.75,208.42,11.61,12.85,3.45,0.0
20231111:0910,291.55,340.71,20.23,13.59,4.97,0.0
20231111:1010,434.85,504.27,26.97,14.26,4.34,0.0
20231111:1110,750.11,881.69,31.14,14.9,4.97,0.0
20231111:1210,582.28,680.18,32.17,15.68,4.97,0.0
20231111:1310,253.49,302.99,29.88,16.22,5.24,0.0
20231111:1410,379.09,444.67,24.63,16.82,4.97,0.0
20231111:1510,277.6,331.49,17.08,16.92,4.48,0.0
20231111:1610,68.46,97.87,7.91,16.51,4.14,0.0
20231111:1710,0.0,0.0,0.0,15.7,4.07,0.0
20231111:1810,0.0,0.0,0.0,14.99,4.14,0.0
20231111:1910,0.0,0.0,0.0,14.92,4.62,0.0
20231111:2010,0.0,0.0,0.0,14.37,4.48,0.0
20231111:2110,0.0,0.0,0.0,14.01,4.34,0.0
20231111:2210,0.0,0.0,0.0,13.49,4.0,0.0
20231111:2310,0.0,0.0,0.0,13.06,3.79,0.0
20231112:0010,0.0,0.0,0.0,13.02,3.93,0.0
20231112:0110,0.0,0.0,0.0,12.83,3.93,0.0
20231112:0210,0.0,0.0,0.0,12.38,3.72,0.0
20231112:0310,0.0,0.0,0.0,12.3,3.52,0.0
20231112:0410,0.0,0.0,0.0,12.27,3.45,0.0
20231112:0510,0.0,0.0,0.0,12.3,3.17,0.0
20231112:0610,0.0,0.0,0.0,12.29,3.03,0.0
20231112:0710,0.0,3.78,1.5,12.73,2.62,0.0
20231112:0810,263.67,318.65,11.38,13.08,2.14,0.0
20231112:0910,450.85,526.76,19.98,14.0,2.97,0.0
20231112:1010,595.61,704.46,26.7,15.09,2.83,0.0
20231112:1110,704.55,848.1,30.87,16.8,3.1,0.0
20231112:1210,720.71,873.23,31.89,17.44,3.03,0.0
20231112:1310,712.53,867.98,29.62,18.29,2.83,0.0
20231112:1410,604.61,728.5,24.4,18.73,2.9,0.0
20231112:1510,414.04,497.51,16.88,18.95,2.97,0.0
20231112:1610,162.82,213.34,7.73,18.34,2.41,0.0
20231112:1710,0.0,0.0,0.0,17.0,2.48,0.0
20231112:1810,0.0,0.0,0.0,15.71,2.55,0.0
20231112:1910,0.0,0.0,0.0,15.47,2.62,0.0
20231112:2010,0.0,0.0,0.0,14.72,2.48,0.0
20231112:2110,0.0,0.0,0.0,14.1,2.34,0.0
20231112:2210,0.0,0.0,0.0,13.71,2.21,0.0
20231112:2310,0.0,0.0,0.0,13.8,2.21,0.0
20231113:0010,0.0,0.0,0.0,14.08,2.07,0.0
20231113:0110,0.0,0.0,0.0,14.24,1.93,0.0
20231113:0210,0.0,0.0,0.0,14.47,1.66,0.0
20231113:0310,0.0,0.0,0.0,14.59,2.0,0.0
20231113:0410,0.0,0.0,0.0,14.63,1.79,0.0
20231113:0510,0.0,0.0,0.0,14.6,2.14,0.0
20231113:0610,0.0,0.0,0.0,14.52,2.21,0.0
20231113:0710,0.0,0.0,0.0,14.53,2.07,0.0
20231113:0810,21.48,38.79,11.15,14.45,1.86,0.0
20231113:0910,152.49,190.03,19.73,14.72,2.34,0.0
20231113:1010,269.79,320.87,26.44,14.93,3.03,0.0
20231113:1110,204.95,250.39,30.59,16.18,3.24,0.0
20231113:1210,217.98,266.51,31.63,17.24,3.03,0.0
20231113:1310,460.93,550.47,29.37,18.09,2.69,0.0
20231113:1410,244.11,297.19,24.18,18.58,2.62,0.0
20231113:1510,382.28,460.01,16.69,18.59,2.48,0.0
20231113:1610,143.93,190.53,7.56,18.05,1.93,0.0
20231113:1710,0.0,0.0,0.0,16.79,1.79,0.0
20231113:1810,0.0,0.0,0.0,15.54,1.93,0.0
20231113:1910,0.0,0.0,0.0,14.93,2.07,0.0
20231113:2010,0.0,0.0,0.0,14.15,2.0,0.0
20231113:2110,0.0,0.0,0.0,13.43,1.86,0.0
20231113:2210,0.0,0.0,0.0,12.68,1.72,0.0
20231113:2310,0.0,0.0,0.0,11.57,1.66,0.0
20231114:0010,0.0,0.0,0.0,10.85,1.59,0.0
20231114:0110,0.0,0.0,0.0,10.23,1.45,0.0
20231114:0210,0.0,0.0,0.0,9.75,1.38,0.0
20231114:0310,0.0,0.0,0.0,9.52,1.24,0.0
20231114:0410,0.0,0.0,0.0,9.76,1.03,0.0
20231114:0510,0.0,0.0,0.0,9.46,0.55,0.0
20231114:0610,0.0,0.0,0.0,8.94,0.83,0.0
20231114:0710,0.0,0.0,0.0,10.12,0.9,0.0
20231114:0810,123.24,156.77,10.92,10.83,1.03,0.0
20231114:0910,102.9,133.14,19.49,11.38,1.03,0.0
20231114:1010,101.56,132.44,26.18,12.28,0.9,0.0
20231114:1110,87.76,117.3,30.33,13.4,0.97,0.0
20231114:1210,147.2,185.51,31.36,14.63,1.1,0.0
20231114:1310,311.18,373.03,29.13,15.73,1.24,0.0
20231114:1410,402.97,482.48,23.96,16.82,1.38,0.0
20231114:1510,385.13,463.47,16.5,17.3,1.66,0.0
20231114:1610,138.84,183.85,7.4,17.08,1.52,0.0
20231114:1710,0.0,0.0,0.0,16.06,1.52,0.0
20231114:1810,0.0,0.0,0.0,14.86,1.59,0.0
20231114:1910,0.0,0.0,0.0,13.87,1.79,0.0
20231114:2010,0.0,0.0,0.0,13.05,1.72,0.0
20231114:2110,0.0,0.0,0.0,12.06,1.38,0.0
20231114:2210,0.0,0.0,0.0,12.77,0.83,0.0
20231114:2310,0.0,0.0,0.0,12.46,0.21,0.0
20231115:0010,0.0,0.0,0.0,10.93,0.48,0.0
20231115:0110,0.0,0.0,0.0,10.22,0.9,0.0
20231115:0210,0.0,0.0,0.0,9.13,1.17,0.0
20231115:0310,0.0,0.0,0.0,8.21,1.17,0.0
20231115:0410,0.0,0.0,0.0,8.24,1.17,0.0
20231115:0510,0.0,0.0,0.0,8.29,1.03,0.0
20231115:0610,0.0,0.0,0.0,8.58,1.17,0.0
20231115:0710,0.0,0.0,0.0,9.31,1.38,0.0
20231115:0810,46.92,69.0,10.7,9.78,1.31,0.0
20231115:0910,31.03,50.14,19.24,10.56,1.24,0.0
20231115:1010,85.22,113.52,25.92,11.46,0.83,0.0
20231115:1110,131.34,166.54,30.06,12.99,0.83,0.0
20231115:1210,255.7,307.92,31.11,14.46,1.1,0.0
20231115:1310,548.9,665.39,28.89,16.08,0.97,0.0
20231115:1410,417.59,503.17,23.75,16.91,0.83,0.0
20231115:1510,123.5,160.0,16.32,17.03,0.55,0.0
20231115:1610,129.65,173.25,7.24,16.86,0.48,0.0
20231115:1710,0.0,0.0,0.0,15.89,0.55,0.0
20231115:1810,0.0,0.0,0.0,15.39,0.55,0.0
20231115:1910,0.0,0.0,0.0,12.88,1.17,0.0
20231115:2010,0.0,0.0,0.0,13.08,0.83,0.0
20231115:2110,0.0,0.0,0.0,13.16,0.55,0.0
20231115:2210,0.0,0.0,0.0,12.69,0.69,0.0
20231115:2310,0.0,0.0,0.0,11.13,1.1,0.0
20231116:0010,0.0,0.0,0.0,10.41,1.1,0.0
20231116:0110,0.0,0.0,0.0,10.62,0.9,0.0
20231116:0210,0.0,0.0,0.0,10.72,0.76,0.0
20231116:0310,0.0,0.0,0.0,10.15,0.97,0.0
20231116:0410,0.0,0.0,0.0,9.16,1.17,0.0
20231116:0510,0.0,0.0,0.0,8.14,0.9,0.0
20231116:0610,0.0,0.0,0.0,7.88,0.55,0.0
20231116:0710,0.0,0.0,0.0,8.68,0.76,0.0
20231116:0810,78.46,105.26,10.47,9.02,0.55,0.0
20231116:0910,104.12,133.72,19.0,9.63,0.34,0.0
20231116:1010,76.34,103.11,25.67,10.55,0.41,0.0
20231116:1110,138.17,173.25,29.8,11.66,0.76,0.0
20231116:1210,147.91,185.59,30.85,13.26,0.55,0.0
20231116:1310,118.28,153.32,28.66,14.97,0.28,0.0
20231116:1410,158.32,199.88,23.54,16.5,0.14,0.0
20231116:1510,363.72,440.05,16.14,17.04,0.9,0.0
20231116:1610,117.89,158.44,7.09,16.71,1.59,0.0
20231116:1710,0.0,0.0,0.0,15.25,2.0,0.0
20231116:1810,0.0,0.0,0.0,14.23,1.86,0.0
20231116:1910,0.0,0.0,0.0,13.61,1.79,0.0
20231116:2010,0.0,0.0,0.0,13.2,1.45,0.0
20231116:2110,0.0,0.0,0.0,12.99,1.38,0.0
20231116:2210,0.0,0.0,0.0,12.53,1.38,0.0
20231116:2310,0.0,0.0,0.0,11.93,1.38,0.0
20231117:0010,0.0,0.0,0.0,11.48,1.17,0.0
20231117:0110,0.0,0.0,0.0,11.61,0.83,0.0
20231117:0210,0.0,0.0,0.0,12.02,0.55,0.0
20231117:0310,0.0,0.0,0.0,11.27,0.41,0.0
20231117:0410,0.0,0.0,0.0,9.85,0.83,0.0
20231117:0510,0.0,0.0,0.0,9.17,0.76,0.0
20231117:0610,0.0,0.0,0.0,9.08,0.69,0.0
20231117:0710,0.0,0.0,0.0,9.0,0.69,0.0
20231117:0810,59.07,83.07,10.25,9.2,0.69,0.0
20231117:0910,64.2,88.92,18.77,9.77,0.62,0.0
20231117:1010,159.55,196.19,25.42,10.73,0.48,0.0
20231117:1110,254.36,304.1,29.55,11.98,0.41,0.0
20231117:1210,449.31,537.15,30.61,13.65,0.48,0.0
20231117:1310,555.12,677.26,28.43,15.34,0.41,0.0
20231117:1410,536.66,653.89,23.35,16.25,0.55,0.0
20231117:1510,369.66,448.74,15.97,16.62,0.41,0.0
20231117:1610,115.79,156.16,6.94,16.39,0.69,0.0
20231117:1710,0.0,0.0,0.0,15.32,1.24,0.0
20231117:1810,0.0,0.0,0.0,13.85,1.17,0.0
20231117:1910,0.0,0.0,0.0,12.68,1.1,0.0
20231117:2010,0.0,0.0,0.0,13.33,0.62,0.0
20231117:2110,0.0,0.0,0.0,13.02,0.14,0.0
20231117:2210,0.0,0.0,0.0,12.6,0.34,0.0
20231117:2310,0.0,0.0,0.0,11.93,0.76,0.0
20231118:0010,0.0,0.0,0.0,9.91,1.17,0.0
20231118:0110,0.0,0.0,0.0,8.34,1.45,0.0
20231118:0210,0.0,0.0,0.0,7.65,1.38,0.0
20231118:0310,0.0,0.0,0.0,7.29,1.38,0.0
20231118:0410,0.0,0.0,0.0,7.01,1.31,0.0
20231118:0510,0.0,0.0,0.0,6.7,1.31,0.0
20231118:0610,0.0,0.0,0.0,6.52,1.31,0.0
20231118:0710,0.0,0.0,0.0,7.34,1.17,0.0
20231118:0810,247.31,294.84,10.03,7.63,1.17,0.0
20231118:0910,475.45,550.59,18.54,8.58,1.17,0.0
20231118:1010,619.64,733.22,25.18,9.93,0.97,0.0
20231118:1110,705.71,863.48,29.3,12.33,0.69,0.0
20231118:1210,708.53,885.11,30.37,14.6,0.41,0.0
20231118:1310,580.34,716.22,28.21,16.22,0.28,0.0
20231118:1410,515.24,632.37,23.15,17.18,0.28,0.0
20231118:1510,328.55,400.74,15.8,17.5,0.34,0.0
20231118:1610,113.14,153.73,6.8,17.1,0.28,0.0
20231118:1710,0.0,0.0,0.0,16.39,0.07,0.0
20231118:1810,0.0,0.0,0.0,15.49,0.41,0.0
20231118:1910,0.0,0.0,0.0,12.27,1.45,0.0
20231118:2010,0.0,0.0,0.0,11.07,1.72,0.0
20231118:2110,0.0,0.0,0.0,10.09,1.72,0.0
20231118:2210,0.0,0.0,0.0,9.32,1.72,0.0
20231118:2310,0.0,0.0,0.0,8.72,1.66,0.0
20231119:0010,0.0,0.0,0.0,8.22,1.52,0.0
20231119:0110,0.0,0.0,0.0,7.03,1.52,0.0
20231119:0210,0.0,0.0,0.0,6.56,1.52,0.0
20231119:0310,0.0,0.0,0.0,6.24,1.59,0.0
20231119:0410,0.0,0.0,0.0,5.98,1.52,0.0
20231119:0510,0.0,0.0,0.0,5.75,1.52,0.0
20231119:0610,0.0,0.0,0.0,5.58,1.52,0.0
20231119:0710,0.0,0.0,0.0,5.06,1.59,0.0
20231119:0810,248.48,293.88,9.82,5.85,1.24,0.0
20231119:0910,473.23,553.76,18.31,9.83,0.83,0.0
20231119:1010,610.34,738.13,24.94,13.06,0.62,0.0
20231119:1110,684.17,851.92,29.06,15.57,0.55,0.0
20231119:1210,708.89,898.08,30.13,17.32,0.48,0.0
20231119:1310,605.16,757.89,28.0,18.39,0.34,0.0
20231119:1410,546.78,680.37,22.97,18.91,0.28,0.0
20231119:1510,392.23,484.2,15.64,18.97,0.14,0.0
20231119:1610,127.73,172.54,6.66,18.33,0.21,0.0
20231119:1710,0.0,0.0,0.0,17.3,0.55,0.0
20231119:1810,0.0,0.0,0.0,16.33,0.69,0.0
20231119:1910,0.0,0.0,0.0,14.73,0.28,0.0
20231119:2010,0.0,0.0,0.0,13.93,0.28,0.0
20231119:2110,0.0,0.0,0.0,13.01,0.76,0.0
20231119:2210,0.0,0.0,0.0,11.02,1.17,0.0
20231119:2310,0.0,0.0,0.0,9.07,1.52,0.0
20231120:0010,0.0,0.0,0.0,8.17,1.59,0.0
20231120:0110,0.0,0.0,0.0,7.47,1.52,0.0
20231120:0210,0.0,0.0,0.0,6.41,1.52,0.0
20231120:0310,0.0,0.0,0.0,6.09,1.52,0.0
20231120:0410,0.0,0.0,0.0,5.91,1.38,0.0
20231120:0510,0.0,0.0,0.0,5.8,1.31,0.0
20231120:0610,0.0,0.0,0.0,5.62,1.24,0.0
20231120:0710,0.0,0.0,0.0,4.68,1.24,0.0
20231120:0810,254.64,301.61,9.6,5.66,0.83,0.0
20231120:0910,459.89,538.0,18.08,9.04,0.48,0.0
20231120:1010,609.04,737.61,24.7,12.02,0.28,0.0
20231120:1110,676.28,840.03,28.82,14.18,0.28,0.0
20231120:1210,708.05,886.2,29.91,15.88,0.62,0.0
20231120:1310,621.35,765.83,27.79,17.12,0.9,0.0
20231120:1410,549.17,670.02,22.79,17.89,1.1,0.0
20231120:1510,387.37,470.1,15.49,18.16,1.24,0.0
20231120:1610,123.56,166.35,6.53,17.57,1.31,0.0
20231120:1710,0.0,0.0,0.0,16.04,1.93,0.0
20231120:1810,0.0,0.0,0.0,14.36,1.93,0.0
20231120:1910,0.0,0.0,0.0,13.07,1.93,0.0
20231120:2010,0.0,0.0,0.0,12.19,2.07,0.0
20231120:2110,0.0,0.0,0.0,11.5,2.34,0.0
20231120:2210,0.0,0.0,0.0,10.94,2.28,0.0
20231120:2310,0.0,0.0,0.0,10.25,2.14,0.0
20231121:0010,0.0,0.0,0.0,9.28,1.93,0.0
20231121:0110,0.0,0.0,0.0,8.71,1.79,0.0
20231121:0210,0.0,0.0,0.0,8.33,1.79,0.0
20231121:0310,0.0,0.0,0.0,8.94,2.14,0.0
20231121:0410,0.0,0.0,0.0,9.13,2.34,0.0
20231121:0510,0.0,0.0,0.0,9.11,2.41,0.0
20231121:0610,0.0,0.0,0.0,8.83,2.48,0.0
20231121:0710,0.0,0.0,0.0,8.05,2.14,0.0
20231121:0810,248.88,296.23,9.39,7.9,2.14,0.0
20231121:0910,476.67,549.86,17.86,9.5,2.07,0.0
20231121:1010,626.62,723.2,24.47,10.6,3.31,0.0
20231121:1110,714.83,829.05,28.59,11.68,4.28,0.0
20231121:1210,746.16,871.67,29.68,12.59,4.34,0.0
20231121:1310,657.38,762.41,27.59,12.81,4.41,0.0
20231121:1410,573.21,661.06,22.61,12.91,4.48,0.0
20231121:1510,420.22,486.63,15.34,12.49,4.21,0.0
20231121:1610,132.08,171.64,6.41,11.9,3.17,0.0
20231121:1710,0.0,0.0,0.0,10.83,2.83,0.0
20231121:1810,0.0,0.0,0.0,9.73,2.9,0.0
20231121:1910,0.0,0.0,0.0,9.33,2.69,0.0
20231121:2010,0.0,0.0,0.0,8.6,2.62,0.0
20231121:2110,0.0,0.0,0.0,8.08,2.83,0.0
20231121:2210,0.0,0.0,0.0,7.63,2.76,0.0
20231121:2310,0.0,0.0,0.0,7.19,2.62,0.0
20231122:0010,0.0,0.0,0.0,6.74,2.48,0.0
20231122:0110,0.0,0.0,0.0,6.34,2.28,0.0
20231122:0210,0.0,0.0,0.0,6.01,2.21,0.0
20231122:0310,0.0,0.0,0.0,5.63,2.0,0.0
20231122:0410,0.0,0.0,0.0,5.37,1.93,0.0
20231122:0510,0.0,0.0,0.0,5.4,1.86,0.0
20231122:0610,0.0,0.0,0.0,5.3,2.0,0.0
20231122:0710,0.0,0.0,0.0,5.0,1.72,0.0
20231122:0810,227.82,269.96,9.18,5.38,1.66,0.0
20231122:0910,466.27,538.09,17.64,8.28,1.38,0.0
20231122:1010,604.84,695.52,24.24,10.85,3.72,0.0
20231122:1110,644.68,741.78,28.36,11.8,4.76,0.0
20231122:1210,582.52,667.86,29.47,12.66,5.66,0.0
20231122:1310,623.41,718.56,27.39,13.37,5.45,0.0
20231122:1410,561.41,648.58,22.44,13.53,4.62,0.0
20231122:1510,412.44,479.27,15.2,13.18,4.21,0.0
20231122:1610,131.0,170.52,6.29,12.26,3.59,0.0
20231122:1710,0.0,0.0,0.0,11.05,3.52,0.0
20231122:1810,0.0,0.0,0.0,10.02,3.38,0.0
20231122:1910,0.0,0.0,0.0,9.95,3.45,0.0
20231122:2010,0.0,0.0,0.0,9.26,3.38,0.0
20231122:2110,0.0,0.0,0.0,8.6,3.1,0.0
20231122:2210,0.0,0.0,0.0,8.02,3.17,0.0
20231122:2310,0.0,0.0,0.0,7.59,3.45,0.0
20231123:0010,0.0,0.0,0.0,7.13,3.59,0.0
20231123:0110,0.0,0.0,0.0,6.72,3.38,0.0
20231123:0210,0.0,0.0,0.0,6.25,2.97,0.0
20231123:0310,0.0,0.0,0.0,5.64,2.41,0.0
20231123:0410,0.0,0.0,0.0,4.91,2.0,0.0
20231123:0510,0.0,0.0,0.0,4.17,1.66,0.0
20231123:0610,0.0,0.0,0.0,3.57,1.52,0.0
20231123:0710,0.0,0.0,0.0,3.32,1.52,0.0
20231123:0810,236.8,278.0,8.98,3.27,1.38,0.0
20231123:0910,475.87,545.63,17.42,6.14,1.1,0.0
20231123:1010,609.38,710.58,24.02,8.65,1.45,0.0
20231123:1110,699.75,825.78,28.14,10.41,2.07,0.0
20231123:1210,725.55,861.35,29.26,11.79,2.41,0.0
20231123:1310,652.68,772.58,27.21,12.84,2.34,0.0
20231123:1410,564.31,665.03,22.28,13.47,2.21,0.0
20231123:1510,408.54,482.09,15.07,13.67,2.07,0.0
20231123:1610,121.81,161.01,6.18,12.99,1.38,0.0
20231123:1710,0.0,0.0,0.0,11.32,1.03,0.0
20231123:1810,0.0,0.0,0.0,11.57,0.34,0.0
20231123:1910,0.0,0.0,0.0,10.51,0.76,0.0
20231123:2010,0.0,0.0,0.0,9.29,0.76,0.0
20231123:2110,0.0,0.0,0.0,8.42,0.14,0.0
20231123:2210,0.0,0.0,0.0,6.52,0.55,0.0
20231123:2310,0.0,0.0,0.0,5.21,1.03,0.0
20231124:0010,0.0,0.0,0.0,4.2,1.24,0.0
20231124:0110,0.0,0.0,0.0,3.37,1.45,0.0
20231124:0210,0.0,0.0,0.0,3.1,1.66,0.0
20231124:0310,0.0,0.0,0.0,2.91,1.59,0.0
20231124:0410,0.0,0.0,0.0,2.68,1.38,0.0
20231124:0510,0.0,0.0,0.0,2.24,1.31,0.0
20231124:0610,0.0,0.0,0.0,1.81,1.24,0.0
20231124:0710,0.0,0.0,0.0,1.65,1.1,0.0
20231124:0810,246.2,287.9,8.77,1.88,0.83,0.0
20231124:0910,466.56,536.37,17.21,4.83,0.34,0.0
20231124:1010,586.76,695.03,23.8,7.87,0.14,0.0
20231124:1110,669.54,816.09,27.92,10.29,0.14,0.0
20231124:1210,705.39,867.48,29.05,12.18,0.48,0.0
20231124:1310,638.5,777.84,27.02,13.62,0.69,0.0
20231124:1410,554.87,670.64,22.13,14.58,0.69,0.0
20231124:1510,395.36,475.92,14.94,14.87,0.55,0.0
20231124:1610,116.01,155.16,6.08,14.3,1.03,0.0
20231124:1710,0.0,0.0,0.0,12.62,1.86,0.0
20231124:1810,0.0,0.0,0.0,10.82,2.0,0.0
20231124:1910,0.0,0.0,0.0,9.37,1.79,0.0
20231124:2010,0.0,0.0,0.0,8.29,1.24,0.0
20231124:2110,0.0,0.0,0.0,9.05,0.41,0.0
20231124:2210,0.0,0.0,0.0,7.54,0.62,0.0
20231124:2310,0.0,0.0,0.0,5.85,1.24,0.0
20231125:0010,0.0,0.0,0.0,4.9,1.38,0.0
20231125:0110,0.0,0.0,0.0,4.28,1.38,0.0
20231125:0210,0.0,0.0,0.0,3.92,1.31,0.0
20231125:0310,0.0,0.0,0.0,3.51,1.31,0.0
20231125:0410,0.0,0.0,0.0,3.06,1.45,0.0
20231125:0510,0.0,0.0,0.0,2.7,1.52,0.0
20231125:0610,0.0,0.0,0.0,2.38,1.52,0.0
20231125:0710,0.0,0.0,0.0,1.38,1.72,0.0
20231125:0810,235.27,274.89,8.58,1.73,1.38,0.0
20231125:0910,462.26,529.98,17.0,5.62,0.83,0.0
20231125:1010,604.58,715.1,23.59,8.97,0.62,0.0
20231125:1110,685.04,837.73,27.71,11.68,0.41,0.0
20231125:1210,675.19,838.17,28.85,13.64,0.21,0.0
20231125:1310,632.46,785.92,26.85,14.84,0.07,0.0
20231125:1410,542.46,664.18,21.98,15.43,0.14,0.0
20231125:1510,391.01,471.96,14.82,15.46,0.55,0.0
20231125:1610,116.44,156.02,5.98,14.74,1.03,0.0
20231125:1710,0.0,0.0,0.0,12.96,1.24,0.0
20231125:1810,0.0,0.0,0.0,10.73,1.38,0.0
20231125:1910,0.0,0.0,0.0,12.17,0.83,0.0
20231125:2010,0.0,0.0,0.0,11.32,0.21,0.0
20231125:2110,0.0,0.0,0.0,10.49,0.34,0.0
20231125:2210,0.0,0.0,0.0,8.33,1.03,0.0
20231125:2310,0.0,0.0,0.0,6.02,1.45,0.0
20231126:0010,0.0,0.0,0.0,5.03,1.66,0.0
20231126:0110,0.0,0.0,0.0,4.51,1.72,0.0
20231126:0210,0.0,0.0,0.0,4.17,1.66,0.0
20231126:0310,0.0,0.0,0.0,3.75,1.66,0.0
20231126:0410,0.0,0.0,0.0,2.71,1.59,0.0
20231126:0510,0.0,0.0,0.0,2.39,1.59,0.0
20231126:0610,0.0,0.0,0.0,1.98,1.45,0.0
20231126:0710,0.0,0.0,0.0,1.49,1.38,0.0
20231126:0810,206.57,243.75,8.38,1.91,1.1,0.0
20231126:0910,452.1,517.91,16.8,5.42,0.76,0.0
20231126:1010,534.48,625.68,23.38,8.68,0.62,0.0
20231126:1110,652.47,790.14,27.51,11.29,0.48,0.0
20231126:1210,691.72,848.02,28.66,13.08,0.69,0.0
20231126:1310,634.74,768.83,26.68,14.22,1.1,0.0
20231126:1410,498.22,592.63,21.84,14.77,1.45,0.0
20231126:1510,300.73,358.96,14.7,14.69,1.59,0.0
20231126:1610,86.2,119.28,5.89,13.87,1.38,0.0
20231126:1710,0.0,0.0,0.0,12.49,1.66,0.0
20231126:1810,0.0,0.0,0.0,11.08,1.72,0.0
20231126:1910,0.0,0.0,0.0,9.99,1.52,0.0
20231126:2010,0.0,0.0,0.0,9.24,1.59,0.0
20231126:2110,0.0,0.0,0.0,8.77,1.52,0.0
20231126:2210,0.0,0.0,0.0,8.14,1.59,0.0
20231126:2310,0.0,0.0,0.0,7.76,1.72,0.0
20231127:0010,0.0,0.0,0.0,7.24,1.72,0.0
20231127:0110,0.0,0.0,0.0,6.65,1.79,0.0
20231127:0210,0.0,0.0,0.0,6.14,1.72,0.0
20231127:0310,0.0,0.0,0.0,5.59,1.59,0.0
20231127:0410,0.0,0.0,0.0,4.82,1.45,0.0
20231127:0510,0.0,0.0,0.0,4.56,1.38,0.0
20231127:0610,0.0,0.0,0.0,4.14,1.45,0.0
20231127:0710,0.0,0.0,0.0,3.66,1.52,0.0
20231127:0810,73.44,97.87,8.19,3.9,1.31,0.0
20231127:0910,56.81,79.46,16.6,6.88,1.1,0.0
20231127:1010,73.65,99.33,23.18,9.31,1.66,0.0
20231127:1110,132.88,166.11,27.31,10.93,2.0,0.0
20231127:1210,163.74,201.13,28.48,12.3,2.34,0.0
20231127:1310,130.68,165.24,26.52,13.51,2.69,0.0
20231127:1410,150.88,187.63,21.7,14.19,2.9,0.0
20231127:1510,359.05,422.78,14.59,14.28,2.9,0.0
20231127:1610,64.73,93.09,5.8,13.33,2.69,0.0
20231127:1710,0.0,0.0,0.0,11.65,2.83,0.0
20231127:1810,0.0,0.0,0.0,10.44,2.83,0.0
20231127:1910,0.0,0.0,0.0,9.8,2.9,0.0
20231127:2010,0.0,0.0,0.0,9.21,2.76,0.0
20231127:2110,0.0,0.0,0.0,8.8,2.69,0.0
20231127:2210,0.0,0.0,0.0,8.52,2.48,0.0
20231127:2310,0.0,0.0,0.0,8.19,2.34,0.0
20231128:0010,0.0,0.0,0.0,7.91,2.28,0.0
20231128:0110,0.0,0.0,0.0,7.63,2.28,0.0
20231128:0210,0.0,0.0,0.0,7.35,2.21,0.0
20231128:0310,0.0,0.0,0.0,7.22,2.14,0.0
20231128:0410,0.0,0.0,0.0,7.09,2.07,0.0
20231128:0510,0.0,0.0,0.0,7.11,2.07,0.0
20231128:0610,0.0,0.0,0.0,7.19,1.93,0.0
20231128:0710,0.0,0.0,0.0,7.39,2.07,0.0
20231128:0810,1.26,8.51,8.0,7.65,1.93,0.0
20231128:0910,190.17,225.11,16.41,8.41,2.9,0.0
20231128:1010,65.42,89.87,22.98,9.26,2.83,0.0
20231128:1110,38.91,59.6,27.12,10.63,2.62,0.0
20231128:1210,57.29,81.35,28.3,11.5,2.62,0.0
20231128:1310,156.12,192.36,26.36,12.36,2.83,0.0
20231128:1410,118.36,150.78,21.57,13.08,3.24,0.0
20231128:1510,299.44,352.48,14.49,13.52,3.24,0.0
20231128:1610,15.28,30.59,5.72,13.05,2.76,0.0
20231128:1710,0.0,0.0,0.0,12.08,2.69,0.0
20231128:1810,0.0,0.0,0.0,11.45,2.83,0.0
20231128:1910,0.0,0.0,0.0,11.17,2.97,0.0
20231128:2010,0.0,0.0,0.0,10.89,2.9,0.0
20231128:2110,0.0,0.0,0.0,10.8,2.83,0.0
20231128:2210,0.0,0.0,0.0,10.82,2.69,0.0
20231128:2310,0.0,0.0,0.0,10.88,2.83,0.0
20231129:0010,0.0,0.0,0.0,10.98,2.83,0.0
20231129:0110,0.0,0.0,0.0,11.07,3.03,0.0
20231129:0210,0.0,0.0,0.0,11.11,2.9,0.0
20231129:0310,0.0,0.0,0.0,11.01,2.76,0.0
20231129:0410,0.0,0.0,0.0,10.98,2.62,0.0
20231129:0510,0.0,0.0,0.0,10.78,2.55,0.0
20231129:0610,0.0,0.0,0.0,10.81,2.55,0.0
20231129:0710,0.0,0.0,0.0,11.04,2.62,0.0
20231129:0810,39.68,60.94,7.82,11.05,2.76,0.0
20231129:0910,204.42,243.28,16.22,11.38,3.45,0.0
20231129:1010,125.79,158.13,22.79,12.05,4.34,0.0
20231129:1110,98.79,128.65,26.93,12.23,3.66,0.0
20231129:1210,56.69,81.35,28.13,14.02,4.9,0.0
20231129:1310,45.36,68.11,26.21,14.31,4.9,0.0
20231129:1410,171.06,209.23,21.45,14.48,5.1,0.0
20231129:1510,97.02,127.09,14.4,13.95,4.21,0.0
20231129:1610,36.6,58.67,5.65,13.6,3.24,0.0
20231129:1710,0.0,0.0,0.0,13.04,3.03,0.0
20231129:1810,0.0,0.0,0.0,12.7,3.1,0.0
20231129:1910,0.0,0.0,0.0,12.55,3.38,0.0
20231129:2010,0.0,0.0,0.0,12.78,3.72,0.0
20231129:2110,0.0,0.0,0.0,12.84,3.86,0.0
20231129:2210,0.0,0.0,0.0,12.94,4.07,0.0
20231129:2310,0.0,0.0,0.0,13.02,4.28,0.0
20231130:0010,0.0,0.0,0.0,13.03,4.48,0.0
20231130:0110,0.0,0.0,0.0,13.03,4.55,0.0
20231130:0210,0.0,0.0,0.0,12.98,4.69,0.0
20231130:0310,0.0,0.0,0.0,12.96,4.69,0.0
20231130:0410,0.0,0.0,0.0,12.92,4.48,0.0
20231130:0510,0.0,0.0,0.0,12.86,4.28,0.0
20231130:0610,0.0,0.0,0.0,12.82,4.28,0.0
20231130:0710,0.0,0.0,0.0,12.96,4.34,0.0
20231130:0810,46.58,69.74,7.63,13.04,4.41,0.0
20231130:0910,27.62,46.35,16.03,13.3,4.69,0.0
20231130:1010,256.26,301.31,22.6,13.7,5.45,0.0
20231130:1110,187.24,227.15,26.75,13.9,4.55,0.0
20231130:1210,153.98,190.66,27.96,13.95,5.03,0.0
20231130:1310,29.85,49.19,26.07,13.65,4.55,0.0
20231130:1410,38.36,59.6,21.34,13.8,5.31,0.0
20231130:1510,18.67,35.0,14.31,14.0,6.55,0.0
20231130:1610,18.98,35.89,5.58,14.63,7.31,0.0
20231130:1710,0.0,0.0,0.0,14.9,6.97,0.0
20231130:1810,0.0,0.0,0.0,14.32,6.97,0.0
20231130:1910,0.0,0.0,0.0,14.54,6.69,0.0
20231130:2010,0.0,0.0,0.0,14.44,6.14,0.0
20231130:2110,0.0,0.0,0.0,14.43,6.34,0.0
20231130:2210,0.0,0.0,0.0,14.51,6.48,0.0
20231130:2310,0.0,0.0,0.0,14.43,5.66,0.0
20231201:0010,0.0,0.0,0.0,14.17,5.38,0.0
20231201:0110,0.0,0.0,0.0,14.22,6.69,0.0
20231201:0210,0.0,0.0,0.0,14.24,5.66,0.0
20231201:0310,0.0,0.0,0.0,12.99,4.0,0.0
20231201:0410,0.0,0.0,0.0,11.2,2.76,0.0
20231201:0510,0.0,0.0,0.0,10.14,1.72,0.0
20231201:0610,0.0,0.0,0.0,9.72,1.31,0.0
20231201:0710,0.0,0.0,0.0,8.12,1.24,0.0
20231201:0810,66.34,91.57,7.46,8.0,1.79,0.0
20231201:0910,162.27,194.86,15.85,7.94,2.48,0.0
20231201:1010,423.7,479.96,22.42,7.89,2.97,0.0
20231201:1110,729.93,841.44,26.58,8.3,3.17,0.0
20231201:1210,584.15,667.16,27.81,8.94,3.31,0.0
20231201:1310,709.46,817.26,25.94,9.98,3.86,0.0
20231201:1410,588.58,673.97,21.23,10.7,3.93,0.0
20231201:1510,409.55,471.28,14.22,10.77,3.86,0.0
20231201:1610,92.4,124.89,5.52,10.56,3.52,0.0
20231201:1710,0.0,0.0,0.0,9.63,2.97,0.0
20231201:1810,0.0,0.0,0.0,8.64,2.83,0.0
20231201:1910,0.0,0.0,0.0,7.67,2.9,0.0
20231201:2010,0.0,0.0,0.0,7.07,2.76,0.0
20231201:2110,0.0,0.0,0.0,6.46,2.48,0.0
20231201:2210,0.0,0.0,0.0,6.03,2.34,0.0
20231201:2310,0.0,0.0,0.0,5.59,2.21,0.0
20231202:0010,0.0,0.0,0.0,5.16,2.28,0.0
20231202:0110,0.0,0.0,0.0,4.78,2.28,0.0
20231202:0210,0.0,0.0,0.0,4.43,2.14,0.0
20231202:0310,0.0,0.0,0.0,4.19,1.93,0.0
20231202:0410,0.0,0.0,0.0,3.78,1.79,0.0
20231202:0510,0.0,0.0,0.0,3.31,1.66,0.0
20231202:0610,0.0,0.0,0.0,2.8,1.52,0.0
20231202:0710,0.0,0.0,0.0,2.37,1.38,0.0
20231202:0810,227.34,268.59,7.28,2.25,1.31,0.0
20231202:0910,472.16,539.38,15.67,4.9,0.97,0.0
20231202:1010,629.1,729.17,22.25,6.97,1.38,0.0
20231202:1110,744.59,878.57,26.41,8.15,1.66,0.0
20231202:1210,765.13,907.25,27.65,9.31,1.93,0.0
20231202:1310,696.85,820.32,25.81,9.86,1.93,0.0
20231202:1410,583.17,679.66,21.13,10.1,1.79,0.0
20231202:1510,264.18,310.43,14.15,10.15,1.52,0.0
20231202:1610,100.76,134.79,5.47,9.85,1.1,0.0
20231202:1710,0.0,0.0,0.0,8.91,1.59,0.0
20231202:1810,0.0,0.0,0.0,7.79,1.38,0.0
20231202:1910,0.0,0.0,0.0,6.95,1.45,0.0
20231202:2010,0.0,0.0,0.0,6.59,1.03,0.0
20231202:2110,0.0,0.0,0.0,7.11,0.28,0.0
20231202:2210,0.0,0.0,0.0,6.52,0.14,0.0
20231202:2310,0.0,0.0,0.0,5.76,0.28,0.0
20231203:0010,0.0,0.0,0.0,5.2,0.21,0.0
20231203:0110,0.0,0.0,0.0,4.76,0.14,0.0
20231203:0210,0.0,0.0,0.0,4.31,0.14,0.0
20231203:0310,0.0,0.0,0.0,3.88,0.48,0.0
20231203:0410,0.0,0.0,0.0,2.95,0.76,0.0
20231203:0510,0.0,0.0,0.0,2.39,0.9,0.0
20231203:0610,0.0,0.0,0.0,2.16,0.83,0.0
20231203:0710,0.0,0.0,0.0,1.05,0.9,0.0
20231203:0810,60.22,82.28,7.12,0.67,0.62,0.0
20231203:0910,87.17,111.46,15.5,2.69,0.55,0.0
20231203:1010,148.06,178.64,22.08,5.15,0.83,0.0
20231203:1110,226.08,264.79,26.25,7.2,1.31,0.0
20231203:1210,675.63,785.02,27.51,8.81,2.34,0.0
20231203:1310,685.04,795.49,25.69,9.34,2.62,0.0
20231203:1410,399.67,457.54,21.03,9.54,2.62,0.0
20231203:1510,171.14,205.89,14.08,9.33,2.41,0.0
20231203:1610,71.83,100.14,5.42,8.86,1.72,0.0
20231203:1710,0.0,0.0,0.0,8.06,1.45,0.0
20231203:1810,0.0,0.0,0.0,7.44,1.31,0.0
20231203:1910,0.0,0.0,0.0,6.31,1.17,0.0
20231203:2010,0.0,0.0,0.0,5.41,1.38,0.0
20231203:2110,0.0,0.0,0.0,5.1,1.52,0.0
20231203:2210,0.0,0.0,0.0,4.5,1.72,0.0
20231203:2310,0.0,0.0,0.0,4.35,1.93,0.0
20231204:0010,0.0,0.0,0.0,4.73,2.34,0.0
20231204:0110,0.0,0.0,0.0,5.01,2.34,0.0
20231204:0210,0.0,0.0,0.0,4.86,2.28,0.0
20231204:0310,0.0,0.0,0.0,4.95,2.34,0.0
20231204:0410,0.0,0.0,0.0,5.17,2.48,0.0
20231204:0510,0.0,0.0,0.0,5.5,2.41,0.0
20231204:0610,0.0,0.0,0.0,5.7,2.28,0.0
20231204:0710,0.0,0.0,0.0,5.45,2.21,0.0
20231204:0810,69.27,94.23,6.95,5.69,2.14,0.0
20231204:0910,39.73,59.6,15.34,6.38,2.0,0.0
20231204:1010,47.77,69.06,21.92,7.16,3.1,0.0
20231204:1110,65.05,88.92,26.09,7.88,3.24,0.0
20231204:1210,85.95,112.57,27.37,8.63,3.31,0.0
20231204:1310,493.28,561.97,25.57,9.27,3.24,0.0
20231204:1410,331.14,379.98,20.94,9.77,3.17,0.0
20231204:1510,124.6,155.47,14.02,10.18,3.38,0.0
20231204:1610,96.73,129.77,5.38,9.88,2.69,0.0
20231204:1710,0.0,0.0,0.0,8.81,2.48,0.0
20231204:1810,0.0,0.0,0.0,7.88,2.48,0.0
20231204:1910,0.0,0.0,0.0,7.71,2.41,0.0
20231204:2010,0.0,0.0,0.0,7.34,2.48,0.0
20231204:2110,0.0,0.0,0.0,6.94,2.28,0.0
20231204:2210,0.0,0.0,0.0,6.57,1.93,0.0
20231204:2310,0.0,0.0,0.0,6.09,1.79,0.0
20231205:0010,0.0,0.0,0.0,5.56,1.59,0.0
20231205:0110,0.0,0.0,0.0,4.47,1.38,0.0
20231205:0210,0.0,0.0,0.0,4.47,1.1,0.0
20231205:0310,0.0,0.0,0.0,4.89,0.97,0.0
20231205:0410,0.0,0.0,0.0,2.53,1.59,0.0
20231205:0510,0.0,0.0,0.0,1.59,1.72,0.0
20231205:0610,0.0,0.0,0.0,1.19,1.86,0.0
20231205:0710,0.0,0.0,0.0,1.41,1.93,0.0
20231205:0810,54.83,76.57,6.79,2.0,1.86,0.0
20231205:0910,223.38,257.43,15.18,3.75,1.31,0.0
20231205:1010,301.91,344.69,21.76,5.7,1.38,0.0
20231205:1110,480.55,549.11,25.95,6.87,1.52,0.0
20231205:1210,724.13,855.15,27.24,7.9,1.38,0.0
20231205:1310,399.39,458.5,25.47,8.59,1.72,0.0
20231205:1410,324.52,373.58,20.86,9.04,2.07,0.0
20231205:1510,121.65,151.91,13.96,9.09,2.07,0.0
20231205:1610,62.46,88.86,5.34,8.66,1.66,0.0
20231205:1710,0.0,0.0,0.0,7.79,1.86,0.0
20231205:1810,0.0,0.0,0.0,7.14,1.72,0.0
20231205:1910,0.0,0.0,0.0,6.71,1.86,0.0
20231205:2010,0.0,0.0,0.0,6.47,1.86,0.0
20231205:2110,0.0,0.0,0.0,6.36,1.93,0.0
20231205:2210,0.0,0.0,0.0,6.34,2.0,0.0
20231205:2310,0.0,0.0,0.0,6.24,1.93,0.0
20231206:0010,0.0,0.0,0.0,6.11,1.79,0.0
20231206:0110,0.0,0.0,0.0,5.94,1.59,0.0
20231206:0210,0.0,0.0,0.0,5.79,1.52,0.0
20231206:0310,0.0,0.0,0.0,5.58,1.45,0.0
20231206:0410,0.0,0.0,0.0,4.97,1.45,0.0
20231206:0510,0.0,0.0,0.0,4.24,1.66,0.0
20231206:0610,0.0,0.0,0.0,3.55,1.79,0.0
20231206:0710,0.0,0.0,0.0,2.26,1.52,0.0
20231206:0810,176.28,212.0,6.63,1.93,1.45,0.0
20231206:0910,451.11,512.88,15.02,3.92,0.9,0.0
20231206:1010,561.46,648.48,21.61,6.6,0.97,0.0
20231206:1110,300.58,349.51,25.8,8.56,0.83,0.0
20231206:1210,442.49,519.45,27.12,9.74,0.28,0.0
20231206:1310,235.71,280.26,25.37,10.75,0.76,0.0
20231206:1410,354.75,415.3,20.79,11.2,0.83,0.0
20231206:1510,291.57,345.03,13.91,11.25,0.62,0.0
20231206:1610,158.13,203.31,5.31,10.77,1.03,0.0
20231206:1710,0.0,0.0,0.0,9.49,1.59,0.0
20231206:1810,0.0,0.0,0.0,7.94,1.66,0.0
20231206:1910,0.0,0.0,0.0,6.36,1.17,0.0
20231206:2010,0.0,0.0,0.0,5.75,1.1,0.0
20231206:2110,0.0,0.0,0.0,4.92,1.31,0.0
20231206:2210,0.0,0.0,0.0,4.26,1.38,0.0
20231206:2310,0.0,0.0,0.0,3.84,1.31,0.0
20231207:0010,0.0,0.0,0.0,3.96,1.03,0.0
20231207:0110,0.0,0.0,0.0,3.53,1.17,0.0
20231207:0210,0.0,0.0,0.0,3.22,1.31,0.0
20231207:0310,0.0,0.0,0.0,3.61,1.03,0.0
20231207:0410,0.0,0.0,0.0,3.98,1.1,0.0
20231207:0510,0.0,0.0,0.0,4.0,1.17,0.0
20231207:0610,0.0,0.0,0.0,4.65,1.31,0.0
20231207:0710,0.0,0.0,0.0,4.85,1.24,0.0
20231207:0810,47.76,69.52,6.48,5.16,1.03,0.0
20231207:0910,29.32,47.3,14.87,6.4,0.76,0.0
20231207:1010,74.93,100.27,21.46,7.73,0.76,0.0
20231207:1110,20.64,36.89,25.67,8.67,0.97,0.0
20231207:1210,33.56,52.97,27.0,9.47,1.59,0.0
20231207:1310,93.69,122.03,25.28,9.9,2.0,0.0
20231207:1410,71.79,97.44,20.72,9.93,1.93,0.0
20231207:1510,43.02,64.33,13.87,10.04,2.28,0.0
20231207:1610,7.36,18.92,5.29,9.92,2.83,0.0
20231207:1710,0.0,0.0,0.0,9.8,3.24,0.0
20231207:1810,0.0,0.0,0.0,9.76,3.38,0.0
20231207:1910,0.0,0.0,0.0,9.07,2.62,0.0
20231207:2010,0.0,0.0,0.0,9.18,2.9,0.0
20231207:2110,0.0,0.0,0.0,9.23,2.76,0.0
20231207:2210,0.0,0.0,0.0,9.29,2.41,0.0
20231207:2310,0.0,0.0,0.0,9.24,2.41,0.0
20231208:0010,0.0,0.0,0.0,9.32,3.03,0.0
20231208:0110,0.0,0.0,0.0,9.55,2.97,0.0
20231208:0210,0.0,0.0,0.0,9.23,2.69,0.0
20231208:0310,0.0,0.0,0.0,9.34,2.55,0.0
20231208:0410,0.0,0.0,0.0,9.36,2.69,0.0
20231208:0510,0.0,0.0,0.0,9.14,2.69,0.0
20231208:0610,0.0,0.0,0.0,8.56,3.03,0.0
20231208:0710,0.0,0.0,0.0,7.81,2.34,0.0
20231208:0810,199.36,243.32,6.34,7.51,2.55,0.0
20231208:0910,452.39,517.07,14.72,8.41,2.76,0.0
20231208:1010,606.59,697.66,21.32,9.85,3.03,0.0
20231208:1110,568.7,650.8,25.54,10.64,3.93,0.0
20231208:1210,201.73,240.83,26.9,11.35,3.86,0.0
20231208:1310,663.66,770.12,25.19,11.82,3.66,0.0
20231208:1410,428.37,493.63,20.67,11.95,3.24,0.0
20231208:1510,332.71,387.95,13.83,11.89,2.9,0.0
20231208:1610,137.71,178.82,5.27,11.29,2.14,0.0
20231208:1710,0.0,0.0,0.0,10.02,1.72,0.0
20231208:1810,0.0,0.0,0.0,8.68,1.17,0.0
20231208:1910,0.0,0.0,0.0,8.15,1.93,0.0
20231208:2010,0.0,0.0,0.0,7.37,1.93,0.0
20231208:2110,0.0,0.0,0.0,6.35,1.72,0.0
20231208:2210,0.0,0.0,0.0,5.57,1.66,0.0
20231208:2310,0.0,0.0,0.0,4.97,1.66,0.0
20231209:0010,0.0,0.0,0.0,4.58,1.66,0.0
20231209:0110,0.0,0.0,0.0,4.37,1.79,0.0
20231209:0210,0.0,0.0,0.0,4.42,1.79,0.0
20231209:0310,0.0,0.0,0.0,4.2,1.79,0.0
20231209:0410,0.0,0.0,0.0,4.2,1.66,0.0
20231209:0510,0.0,0.0,0.0,3.44,1.79,0.0
20231209:0610,0.0,0.0,0.0,3.61,1.79,0.0
20231209:0710,0.0,0.0,0.0,3.83,1.86,0.0
20231209:0810,79.91,106.43,6.19,4.68,1.79,0.0
20231209:0910,62.62,85.75,14.58,6.48,1.66,0.0
20231209:1010,69.87,94.6,21.19,8.24,2.0,0.0
20231209:1110,54.42,77.57,25.42,10.0,2.62,0.0
20231209:1210,216.54,257.19,26.79,11.17,3.1,0.0
20231209:1310,189.79,228.59,25.12,12.0,3.24,0.0
20231209:1410,214.32,255.22,20.61,12.41,3.24,0.0
20231209:1510,416.46,484.41,13.8,12.42,3.24,0.0
20231209:1610,20.49,37.54,5.26,12.02,2.76,0.0
20231209:1710,0.0,0.0,0.0,10.91,2.76,0.0
20231209:1810,0.0,0.0,0.0,10.19,2.69,0.0
20231209:1910,0.0,0.0,0.0,10.82,2.55,0.0
20231209:2010,0.0,0.0,0.0,10.87,2.28,0.0
20231209:2110,0.0,0.0,0.0,10.96,2.14,0.0
20231209:2210,0.0,0.0,0.0,10.9,2.07,0.0
20231209:2310,0.0,0.0,0.0,10.81,2.0,0.0
20231210:0010,0.0,0.0,0.0,10.57,1.86,0.0
20231210:0110,0.0,0.0,0.0,10.38,1.66,0.0
20231210:0210,0.0,0.0,0.0,10.12,1.45,0.0
20231210:0310,0.0,0.0,0.0,9.97,1.45,0.0
20231210:0410,0.0,0.0,0.0,9.9,1.38,0.0
20231210:0510,0.0,0.0,0.0,9.65,1.38,0.0
20231210:0610,0.0,0.0,0.0,9.6,1.31,0.0
20231210:0710,0.0,0.0,0.0,9.58,1.31,0.0
20231210:0810,33.75,53.81,6.06,9.58,1.31,0.0
20231210:0910,63.23,87.7,14.45,10.0,1.45,0.0
20231210:1010,91.2,119.61,21.06,10.56,1.52,0.0
20231210:1110,34.08,53.92,25.31,10.99,1.59,0.0
20231210:1210,53.06,76.62,26.7,11.76,1.45,0.0
20231210:1310,35.42,55.81,25.05,12.22,1.52,0.0
20231210:1410,35.38,55.81,20.57,12.47,1.66,0.0
20231210:1510,60.07,84.99,13.78,12.74,1.79,0.0
20231210:1610,12.81,27.2,5.26,12.78,1.52,0.0
20231210:1710,0.0,0.0,0.0,12.53,1.38,0.0
20231210:1810,0.0,0.0,0.0,12.17,1.52,0.0
20231210:1910,0.0,0.0,0.0,11.91,1.86,0.0
20231210:2010,0.0,0.0,0.0,11.72,1.93,0.0
20231210:2110,0.0,0.0,0.0,11.45,2.0,0.0
20231210:2210,0.0,0.0,0.0,11.29,1.93,0.0
20231210:2310,0.0,0.0,0.0,11.0,1.93,0.0
20231211:0010,0.0,0.0,0.0,10.67,1.93,0.0
20231211:0110,0.0,0.0,0.0,10.38,1.93,0.0
20231211:0210,0.0,0.0,0.0,10.06,1.93,0.0
20231211:0310,0.0,0.0,0.0,9.83,1.93,0.0
20231211:0410,0.0,0.0,0.0,9.5,1.72,0.0
20231211:0510,0.0,0.0,0.0,9.2,1.79,0.0
20231211:0610,0.0,0.0,0.0,8.96,1.66,0.0
20231211:0710,0.0,0.0,0.0,8.93,1.93,0.0
20231211:0810,19.57,35.68,5.92,8.84,2.0,0.0
20231211:0910,61.96,85.83,14.32,8.9,1.72,0.0
20231211:1010,155.83,189.78,20.94,9.42,1.59,0.0
20231211:1110,118.69,150.05,25.2,10.17,1.52,0.0
20231211:1210,196.05,236.06,26.61,11.03,1.38,0.0
20231211:1310,389.58,456.32,24.98,12.1,1.24,0.0
20231211:1410,467.51,550.98,20.53,12.85,1.17,0.0
20231211:1510,218.55,263.23,13.76,13.09,1.17,0.0
20231211:1610,41.66,64.88,5.26,12.83,0.97,0.0
20231211:1710,0.0,0.0,0.0,11.98,1.31,0.0
20231211:1810,0.0,0.0,0.0,10.9,1.31,0.0
20231211:1910,0.0,0.0,0.0,10.11,1.1,0.0
20231211:2010,0.0,0.0,0.0,9.5,1.17,0.0
20231211:2110,0.0,0.0,0.0,8.94,1.17,0.0
20231211:2210,0.0,0.0,0.0,8.61,1.1,0.0
20231211:2310,0.0,0.0,0.0,8.69,1.03,0.0
20231212:0010,0.0,0.0,0.0,8.54,0.97,0.0
20231212:0110,0.0,0.0,0.0,8.56,0.97,0.0
20231212:0210,0.0,0.0,0.0,8.08,1.1,0.0
20231212:0310,0.0,0.0,0.0,7.66,1.17,0.0
20231212:0410,0.0,0.0,0.0,7.36,1.24,0.0
20231212:0510,0.0,0.0,0.0,6.8,1.45,0.0
20231212:0610,0.0,0.0,0.0,6.34,1.59,0.0
20231212:0710,0.0,0.0,0.0,6.21,1.38,0.0
20231212:0810,45.58,67.46,5.8,6.11,1.24,0.0
20231212:0910,76.39,101.8,14.2,8.1,1.03,0.0
20231212:1010,202.84,241.55,20.83,9.9,1.38,0.0
20231212:1110,186.58,225.52,25.1,11.64,2.0,0.0
20231212:1210,197.54,238.39,26.53,12.85,2.83,0.0
20231212:1310,248.14,293.64,24.93,13.64,4.14,0.0
20231212:1410,214.19,255.92,20.5,13.76,4.28,0.0
20231212:1510,92.7,122.12,13.75,13.81,4.34,0.0
20231212:1610,0.0,5.68,5.27,13.22,3.72,0.0
20231212:1710,0.0,0.0,0.0,12.82,3.66,0.0
20231212:1810,0.0,0.0,0.0,12.44,3.79,0.0
20231212:1910,0.0,0.0,0.0,12.31,3.93,0.0
20231212:2010,0.0,0.0,0.0,12.14,3.93,0.0
20231212:2110,0.0,0.0,0.0,12.14,3.79,0.0
20231212:2210,0.0,0.0,0.0,12.05,3.93,0.0
20231212:2310,0.0,0.0,0.0,11.93,4.0,0.0
20231213:0010,0.0,0.0,0.0,11.75,3.66,0.0
20231213:0110,0.0,0.0,0.0,11.76,3.79,0.0
20231213:0210,0.0,0.0,0.0,11.67,3.52,0.0
20231213:0310,0.0,0.0,0.0,11.15,3.31,0.0
20231213:0410,0.0,0.0,0.0,10.4,3.38,0.0
20231213:0510,0.0,0.0,0.0,9.41,2.83,0.0
20231213:0610,0.0,0.0,0.0,9.07,2.48,0.0
20231213:0710,0.0,0.0,0.0,8.87,2.34,0.0
20231213:0810,48.92,72.11,5.67,8.47,2.28,0.0
20231213:0910,370.48,425.83,14.08,8.69,2.28,0.0
20231213:1010,584.88,671.72,20.72,9.49,2.83,0.0
20231213:1110,703.78,817.27,25.01,10.12,3.1,0.0
20231213:1210,710.35,825.08,26.46,10.97,3.59,0.0
20231213:1310,702.05,813.04,24.88,11.65,4.14,0.0
20231213:1410,585.48,673.36,20.48,11.93,4.14,0.0
20231213:1510,415.8,480.17,13.75,11.59,3.79,0.0
20231213:1610,116.42,152.92,5.28,10.94,3.03,0.0
20231213:1710,0.0,0.0,0.0,9.75,2.76,0.0
20231213:1810,0.0,0.0,0.0,8.77,2.55,0.0
20231213:1910,0.0,0.0,0.0,8.2,2.28,0.0
20231213:2010,0.0,0.0,0.0,7.49,2.07,0.0
20231213:2110,0.0,0.0,0.0,6.78,2.0,0.0
20231213:2210,0.0,0.0,0.0,6.42,2.21,0.0
20231213:2310,0.0,0.0,0.0,6.12,2.28,0.0
20231214:0010,0.0,0.0,0.0,5.74,2.28,0.0
20231214:0110,0.0,0.0,0.0,5.26,2.07,0.0
20231214:0210,0.0,0.0,0.0,4.68,1.86,0.0
20231214:0310,0.0,0.0,0.0,4.03,1.86,0.0
20231214:0410,0.0,0.0,0.0,3.33,1.72,0.0
20231214:0510,0.0,0.0,0.0,2.85,1.52,0.0
20231214:0610,0.0,0.0,0.0,2.67,1.38,0.0
20231214:0710,0.0,0.0,0.0,3.31,1.24,0.0
20231214:0810,146.44,181.59,5.56,2.94,1.17,0.0
20231214:0910,431.09,494.3,13.97,4.95,0.62,0.0
20231214:1010,602.48,706.06,20.62,7.32,0.62,0.0
20231214:1110,702.13,825.78,24.92,8.8,1.66,0.0
20231214:1210,733.54,854.79,26.4,9.89,3.03,0.0
20231214:1310,714.23,834.8,24.84,10.33,2.76,0.0
20231214:1410,589.23,683.53,20.46,10.56,2.41,0.0
20231214:1510,411.04,475.89,13.76,10.48,2.48,0.0
20231214:1610,163.65,207.47,5.3,9.89,2.07,0.0
20231214:1710,0.0,0.0,0.0,8.56,2.07,0.0
20231214:1810,0.0,0.0,0.0,7.43,2.0,0.0
20231214:1910,0.0,0.0,0.0,7.05,1.93,0.0
20231214:2010,0.0,0.0,0.0,6.27,1.93,0.0
20231214:2110,0.0,0.0,0.0,5.58,1.93,0.0
20231214:2210,0.0,0.0,0.0,5.01,2.07,0.0
20231214:2310,0.0,0.0,0.0,4.56,2.07,0.0
20231215:0010,0.0,0.0,0.0,4.12,2.0,0.0
20231215:0110,0.0,0.0,0.0,3.73,2.0,0.0
20231215:0210,0.0,0.0,0.0,3.37,2.0,0.0
20231215:0310,0.0,0.0,0.0,3.04,1.93,0.0
20231215:0410,0.0,0.0,0.0,2.82,2.0,0.0
20231215:0510,0.0,0.0,0.0,2.21,2.14,0.0
20231215:0610,0.0,0.0,0.0,2.59,2.28,0.0
20231215:0710,0.0,0.0,0.0,2.65,2.14,0.0
20231215:0810,151.73,187.01,5.45,2.52,1.93,0.0
20231215:0910,426.36,483.36,13.86,4.49,1.52,0.0
20231215:1010,602.05,695.33,20.52,8.5,2.0,0.0
20231215:1110,715.04,827.23,24.85,10.65,3.86,0.0
20231215:1210,717.65,829.65,26.34,11.57,4.55,0.0
20231215:1310,710.64,825.21,24.81,12.08,4.21,0.0
20231215:1410,590.07,680.83,20.45,12.28,4.0,0.0
20231215:1510,399.56,463.18,13.77,12.27,3.72,0.0
20231215:1610,157.65,201.34,5.33,11.45,2.62,0.0
20231215:1710,0.0,0.0,0.0,9.83,2.21,0.0
20231215:1810,0.0,0.0,0.0,8.48,2.14,0.0
20231215:1910,0.0,0.0,0.0,8.24,2.21,0.0
20231215:2010,0.0,0.0,0.0,7.09,2.07,0.0
20231215:2110,0.0,0.0,0.0,6.12,2.0,0.0
20231215:2210,0.0,0.0,0.0,5.05,1.93,0.0
20231215:2310,0.0,0.0,0.0,4.18,1.93,0.0
20231216:0010,0.0,0.0,0.0,3.54,1.93,0.0
20231216:0110,0.0,0.0,0.0,2.97,1.86,0.0
20231216:0210,0.0,0.0,0.0,1.56,1.72,0.0
20231216:0310,0.0,0.0,0.0,1.05,1.59,0.0
20231216:0410,0.0,0.0,0.0,0.45,1.72,0.0
20231216:0510,0.0,0.0,0.0,0.11,1.79,0.0
20231216:0610,0.0,0.0,0.0,-0.22,1.79,0.0
20231216:0710,0.0,0.0,0.0,-0.55,1.79,0.0
20231216:0810,155.98,189.41,5.34,-0.57,1.93,0.0
20231216:0910,443.3,497.01,13.76,1.94,1.52,0.0
20231216:1010,614.91,707.38,20.43,5.73,1.38,0.0
20231216:1110,707.33,834.98,24.78,8.11,1.31,0.0
20231216:1210,711.76,849.75,26.29,10.0,1.31,0.0
20231216:1310,700.79,840.21,24.78,11.2,1.31,0.0
20231216:1410,590.24,699.48,20.45,12.11,1.38,0.0
20231216:1510,407.83,480.28,13.79,12.34,1.45,0.0
20231216:1610,161.65,206.97,5.36,11.71,1.1,0.0
20231216:1710,0.0,0.0,0.0,11.05,0.55,0.0
20231216:1810,0.0,0.0,0.0,10.17,0.41,0.0
20231216:1910,0.0,0.0,0.0,8.83,0.34,0.0
20231216:2010,0.0,0.0,0.0,7.97,0.48,0.0
20231216:2110,0.0,0.0,0.0,5.65,1.17,0.0
20231216:2210,0.0,0.0,0.0,3.11,1.59,0.0
20231216:2310,0.0,0.0,0.0,2.04,1.59,0.0
20231217:0010,0.0,0.0,0.0,1.36,1.59,0.0
20231217:0110,0.0,0.0,0.0,0.95,1.59,0.0
20231217:0210,0.0,0.0,0.0,0.56,1.59,0.0
20231217:0310,0.0,0.0,0.0,-0.56,1.59,0.0
20231217:0410,0.0,0.0,0.0,-0.79,1.52,0.0
20231217:0510,0.0,0.0,0.0,-1.03,1.52,0.0
20231217:0610,0.0,0.0,0.0,-1.24,1.52,0.0
20231217:0710,0.0,0.0,0.0,-1.78,1.52,0.0
20231217:0810,150.13,182.43,5.24,-1.68,1.59,0.0
20231217:0910,439.13,491.87,13.67,1.04,1.17,0.0
20231217:1010,609.22,701.74,20.35,4.87,0.97,0.0
20231217:1110,703.62,836.14,24.71,7.66,0.83,0.0
20231217:1210,696.32,836.2,26.25,9.72,0.83,0.0
20231217:1310,689.34,830.58,24.77,10.94,0.9,0.0
20231217:1410,583.33,696.47,20.46,11.57,0.69,0.0
20231217:1510,398.44,471.8,13.81,11.67,0.55,0.0
20231217:1610,167.32,213.66,5.4,11.28,0.55,0.0
20231217:1710,0.0,0.0,0.0,9.5,0.9,0.0
20231217:1810,0.0,0.0,0.0,7.07,1.66,0.0
20231217:1910,0.0,0.0,0.0,5.38,1.86,0.0
20231217:2010,0.0,0.0,0.0,4.2,2.0,0.0
20231217:2110,0.0,0.0,0.0,3.11,1.93,0.0
20231217:2210,0.0,0.0,0.0,1.98,1.79,0.0
20231217:2310,0.0,0.0,0.0,1.48,1.72,0.0
20231218:0010,0.0,0.0,0.0,0.81,1.66,0.0
20231218:0110,0.0,0.0,0.0,0.29,1.59,0.0
20231218:0210,0.0,0.0,0.0,-0.93,1.52,0.0
20231218:0310,0.0,0.0,0.0,-1.18,1.45,0.0
20231218:0410,0.0,0.0,0.0,-1.33,1.45,0.0
20231218:0510,0.0,0.0,0.0,-1.43,1.45,0.0
20231218:0610,0.0,0.0,0.0,-1.48,1.45,0.0
20231218:0710,0.0,0.0,0.0,-2.11,1.38,0.0
20231218:0810,142.05,173.64,5.14,-2.03,1.31,0.0
20231218:0910,428.69,480.38,13.58,0.47,0.83,0.0
20231218:1010,598.6,689.83,20.28,3.9,0.55,0.0
20231218:1110,697.79,829.82,24.66,6.3,0.41,0.0
20231218:1210,701.82,847.04,26.22,8.14,0.28,0.0
20231218:1310,680.91,825.78,24.76,9.51,0.21,0.0
20231218:1410,574.91,687.22,20.47,10.3,0.21,0.0
20231218:1510,402.17,474.58,13.84,10.47,0.34,0.0
20231218:1610,165.56,209.91,5.45,9.83,0.69,0.0
20231218:1710,0.0,0.0,0.0,8.09,0.83,0.0
20231218:1810,0.0,0.0,0.0,7.82,0.48,0.0
20231218:1910,0.0,0.0,0.0,7.17,0.55,0.0
20231218:2010,0.0,0.0,0.0,6.37,0.28,0.0
20231218:2110,0.0,0.0,0.0,5.0,0.83,0.0
20231218:2210,0.0,0.0,0.0,2.64,1.31,0.0
20231218:2310,0.0,0.0,0.0,1.29,1.59,0.0
20231219:0010,0.0,0.0,0.0,0.56,1.72,0.0
20231219:0110,0.0,0.0,0.0,0.0,1.66,0.0
20231219:0210,0.0,0.0,0.0,-0.45,1.66,0.0
20231219:0310,0.0,0.0,0.0,-1.61,1.59,0.0
20231219:0410,0.0,0.0,0.0,-1.9,1.52,0.0
20231219:0510,0.0,0.0,0.0,-1.97,1.38,0.0
20231219:0610,0.0,0.0,0.0,-1.96,1.38,0.0
20231219:0710,0.0,0.0,0.0,-2.37,1.24,0.0
20231219:0810,139.43,170.8,5.05,-2.26,1.17,0.0
20231219:0910,430.16,482.05,13.5,0.1,0.69,0.0
20231219:1010,600.28,690.4,20.21,3.44,0.55,0.0
20231219:1110,694.04,825.69,24.61,5.87,0.28,0.0
20231219:1210,701.41,841.71,26.19,7.74,0.41,0.0
20231219:1310,688.64,822.7,24.75,9.16,0.83,0.0
20231219:1410,580.35,683.19,20.49,10.07,1.03,0.0
20231219:1510,413.34,483.11,13.88,10.29,1.17,0.0
20231219:1610,165.59,208.86,5.5,9.4,1.38,0.0
20231219:1710,0.0,0.0,0.0,7.76,1.79,0.0
20231219:1810,0.0,0.0,0.0,6.34,1.66,0.0
20231219:1910,0.0,0.0,0.0,5.66,1.24,0.0
20231219:2010,0.0,0.0,0.0,6.7,0.69,0.0
20231219:2110,0.0,0.0,0.0,5.85,0.14,0.0
20231219:2210,0.0,0.0,0.0,4.45,0.69,0.0
20231219:2310,0.0,0.0,0.0,1.6,1.45,0.0
20231220:0010,0.0,0.0,0.0,0.13,1.59,0.0
20231220:0110,0.0,0.0,0.0,-0.47,1.52,0.0
20231220:0210,0.0,0.0,0.0,-0.94,1.52,0.0
20231220:0310,0.0,0.0,0.0,-1.85,1.52,0.0
20231220:0410,0.0,0.0,0.0,-1.69,1.38,0.0
20231220:0510,0.0,0.0,0.0,-1.17,1.31,0.0
20231220:0610,0.0,0.0,0.0,0.25,1.38,0.0
20231220:0710,0.0,0.0,0.0,0.88,1.03,0.0
20231220:0810,25.79,42.96,4.97,2.07,0.55,0.0
20231220:0910,88.48,113.01,13.43,3.0,0.34,0.0
20231220:1010,618.9,717.95,20.15,4.9,0.62,0.0
20231220:1110,697.62,817.86,24.57,8.11,1.59,0.0
20231220:1210,730.95,844.12,26.17,10.2,4.0,0.0
20231220:1310,700.49,803.94,24.76,10.76,4.69,0.0
20231220:1410,592.62,675.37,20.51,10.53,4.55,0.0
20231220:1510,412.16,470.86,13.92,9.9,4.28,0.0
20231220:1610,159.7,200.36,5.56,8.91,3.45,0.0
20231220:1710,0.0,0.0,0.0,7.45,2.9,0.0
20231220:1810,0.0,0.0,0.0,6.37,2.41,0.0
20231220:1910,0.0,0.0,0.0,6.54,2.62,0.0
20231220:2010,0.0,0.0,0.0,5.6,2.14,0.0
20231220:2110,0.0,0.0,0.0,5.05,1.72,0.0
20231220:2210,0.0,0.0,0.0,4.74,1.45,0.0
20231220:2310,0.0,0.0,0.0,4.17,1.38,0.0
20231221:0010,0.0,0.0,0.0,3.57,1.45,0.0
20231221:0110,0.0,0.0,0.0,4.79,0.83,0.0
20231221:0210,0.0,0.0,0.0,4.74,0.48,0.0
20231221:0310,0.0,0.0,0.0,3.8,0.83,0.0
20231221:0410,0.0,0.0,0.0,2.9,0.83,0.0
20231221:0510,0.0,0.0,0.0,2.47,0.76,0.0
20231221:0610,0.0,0.0,0.0,0.47,1.31,0.0
20231221:0710,0.0,0.0,0.0,-0.11,1.45,0.0
20231221:0810,132.59,164.99,4.89,-0.39,1.24,0.0
20231221:0910,405.47,457.88,13.36,1.76,0.62,0.0
20231221:1010,569.84,659.27,20.1,5.0,0.41,0.0
20231221:1110,660.65,786.63,24.53,6.97,0.21,0.0
20231221:1210,681.97,815.46,26.16,8.75,0.62,0.0
20231221:1310,675.43,802.77,24.77,10.22,1.24,0.0
20231221:1410,575.58,674.62,20.55,11.17,1.66,0.0
20231221:1510,407.28,476.68,13.97,11.65,1.66,0.0
20231221:1610,172.18,217.85,5.62,11.2,1.52,0.0
20231221:1710,0.0,0.0,0.0,9.92,1.66,0.0
20231221:1810,0.0,0.0,0.0,8.34,1.79,0.0
20231221:1910,0.0,0.0,0.0,8.14,1.17,0.0
20231221:2010,0.0,0.0,0.0,7.59,0.97,0.0
20231221:2110,0.0,0.0,0.0,5.43,1.31,0.0
20231221:2210,0.0,0.0,0.0,4.34,1.24,0.0
20231221:2310,0.0,0.0,0.0,3.12,1.38,0.0
20231222:0010,0.0,0.0,0.0,2.07,1.66,0.0
20231222:0110,0.0,0.0,0.0,1.38,1.66,0.0
20231222:0210,0.0,0.0,0.0,0.15,1.66,0.0
20231222:0310,0.0,0.0,0.0,-0.07,1.72,0.0
20231222:0410,0.0,0.0,0.0,-0.26,1.72,0.0
20231222:0510,0.0,0.0,0.0,-0.32,1.79,0.0
20231222:0610,0.0,0.0,0.0,-0.41,1.72,0.0
20231222:0710,0.0,0.0,0.0,-0.55,1.86,0.0
20231222:0810,138.31,171.4,4.81,-0.25,1.66,0.0
20231222:0910,416.55,469.82,13.3,2.24,1.03,0.0
20231222:1010,583.66,673.88,20.05,5.78,0.9,0.0
20231222:1110,671.44,796.27,24.51,8.36,0.83,0.0
20231222:1210,694.13,833.76,26.16,10.2,0.9,0.0
20231222:1310,670.17,802.89,24.79,11.53,1.17,0.0
20231222:1410,567.85,672.99,20.59,12.3,1.24,0.0
20231222:1510,407.91,482.36,14.03,12.69,1.1,0.0
20231222:1610,176.7,224.97,5.69,12.16,0.41,0.0
20231222:1710,0.0,0.0,0.0,11.46,0.62,0.0
20231222:1810,0.0,0.0,0.0,10.27,0.69,0.0
20231222:1910,0.0,0.0,0.0,6.97,2.14,0.0
20231222:2010,0.0,0.0,0.0,5.7,2.28,0.0
20231222:2110,0.0,0.0,0.0,4.78,2.14,0.0
20231222:2210,0.0,0.0,0.0,2.97,2.0,0.0
20231222:2310,0.0,0.0,0.0,2.05,1.86,0.0
20231223:0010,0.0,0.0,0.0,1.35,1.72,0.0
20231223:0110,0.0,0.0,0.0,0.77,1.72,0.0
20231223:0210,0.0,0.0,0.0,0.2,1.72,0.0
20231223:0310,0.0,0.0,0.0,-0.12,1.86,0.0
20231223:0410,0.0,0.0,0.0,-0.43,1.86,0.0
20231223:0510,0.0,0.0,0.0,-0.63,1.86,0.0
20231223:0610,0.0,0.0,0.0,-0.64,1.93,0.0
20231223:0710,0.0,0.0,0.0,-0.6,2.07,0.0
20231223:0810,135.31,167.93,4.75,-0.45,2.0,0.0
20231223:0910,418.5,469.08,13.24,1.68,1.45,0.0
20231223:1010,584.54,669.65,20.01,5.76,1.45,0.0
20231223:1110,676.56,792.37,24.49,8.18,1.52,0.0
20231223:1210,686.3,814.93,26.16,9.97,1.38,0.0
20231223:1310,669.87,800.56,24.82,11.28,1.24,0.0
20231223:1410,561.84,665.53,20.64,12.1,1.17,0.0
20231223:1510,415.68,491.06,14.1,12.3,1.03,0.0
20231223:1610,181.11,229.38,5.77,11.95,0.41,0.0
20231223:1710,0.0,0.0,0.0,11.21,0.21,0.0
20231223:1810,0.0,0.0,0.0,10.22,0.34,0.0
20231223:1910,0.0,0.0,0.0,7.98,1.1,0.0
20231223:2010,0.0,0.0,0.0,5.1,1.72,0.0
20231223:2110,0.0,0.0,0.0,3.96,1.93,0.0
20231223:2210,0.0,0.0,0.0,3.17,2.0,0.0
20231223:2310,0.0,0.0,0.0,1.86,2.07,0.0
20231224:0010,0.0,0.0,0.0,1.47,2.0,0.0
20231224:0110,0.0,0.0,0.0,1.07,1.93,0.0
20231224:0210,0.0,0.0,0.0,0.65,1.86,0.0
20231224:0310,0.0,0.0,0.0,0.21,1.86,0.0
20231224:0410,0.0,0.0,0.0,-0.24,1.72,0.0
20231224:0510,0.0,0.0,0.0,-0.66,1.66,0.0
20231224:0610,0.0,0.0,0.0,-1.06,1.59,0.0
20231224:0710,0.0,0.0,0.0,-1.64,1.59,0.0
20231224:0810,143.15,176.13,4.69,-1.81,1.52,0.0
20231224:0910,417.11,467.14,13.19,0.54,0.97,0.0
20231224:1010,575.93,661.3,19.98,3.95,0.62,0.0
20231224:1110,654.76,777.25,24.48,6.47,0.21,0.0
20231224:1210,686.86,829.42,26.18,8.43,0.21,0.0
20231224:1310,662.92,800.02,24.86,9.86,0.34,0.0
20231224:1410,566.07,671.78,20.69,10.68,0.62,0.0
20231224:1510,415.57,487.81,14.17,10.87,0.97,0.0
20231224:1610,191.27,238.4,5.85,10.14,1.24,0.0
20231224:1710,0.0,0.0,0.0,8.54,1.79,0.0
20231224:1810,0.0,0.0,0.0,6.91,1.66,0.0
20231224:1910,0.0,0.0,0.0,6.54,1.1,0.0
20231224:2010,0.0,0.0,0.0,6.5,0.83,0.0
20231224:2110,0.0,0.0,0.0,6.13,0.69,0.0
20231224:2210,0.0,0.0,0.0,4.95,0.9,0.0
20231224:2310,0.0,0.0,0.0,2.65,1.31,0.0
20231225:0010,0.0,0.0,0.0,1.21,1.66,0.0
20231225:0110,0.0,0.0,0.0,0.27,1.59,0.0
20231225:0210,0.0,0.0,0.0,-1.09,1.45,0.0
20231225:0310,0.0,0.0,0.0,-1.33,1.38,0.0
20231225:0410,0.0,0.0,0.0,-1.31,1.24,0.0
20231225:0510,0.0,0.0,0.0,-1.38,1.17,0.0
20231225:0610,0.0,0.0,0.0,-1.65,1.31,0.0
20231225:0710,0.0,0.0,0.0,-2.46,1.38,0.0
20231225:0810,139.93,172.37,4.63,-2.41,1.31,0.0
20231225:0910,418.91,468.75,13.15,0.02,0.83,0.0
20231225:1010,588.1,674.78,19.96,3.52,0.62,0.0
20231225:1110,666.21,785.99,24.47,5.86,0.41,0.0
20231225:1210,701.44,839.49,26.2,7.57,0.48,0.0
20231225:1310,673.94,803.45,24.9,8.68,0.69,0.0
20231225:1410,574.91,676.79,20.75,9.33,0.76,0.0
20231225:1510,424.14,496.08,14.24,9.44,0.69,0.0
20231225:1610,197.37,244.5,5.93,8.89,0.76,0.0
20231225:1710,0.0,0.0,0.0,7.34,0.76,0.0
20231225:1810,0.0,0.0,0.0,6.85,0.62,0.0
20231225:1910,0.0,0.0,0.0,5.26,0.69,0.0
20231225:2010,0.0,0.0,0.0,4.07,0.97,0.0
20231225:2110,0.0,0.0,0.0,2.3,1.31,0.0
20231225:2210,0.0,0.0,0.0,1.13,1.52,0.0
20231225:2310,0.0,0.0,0.0,0.43,1.59,0.0
20231226:0010,0.0,0.0,0.0,-0.66,1.52,0.0
20231226:0110,0.0,0.0,0.0,-0.94,1.38,0.0
20231226:0210,0.0,0.0,0.0,-1.28,1.31,0.0
20231226:0310,0.0,0.0,0.0,-1.72,1.38,0.0
20231226:0410,0.0,0.0,0.0,-2.14,1.38,0.0
20231226:0510,0.0,0.0,0.0,-2.26,1.38,0.0
20231226:0610,0.0,0.0,0.0,-2.3,1.38,0.0
20231226:0710,0.0,0.0,0.0,-2.82,1.31,0.0
20231226:0810,141.05,173.4,4.58,-2.86,1.31,0.0
20231226:0910,382.1,426.19,13.12,-0.43,0.9,0.0
20231226:1010,551.3,627.5,19.94,2.73,0.62,0.0
20231226:1110,667.66,789.81,24.48,5.07,0.14,0.0
20231226:1210,695.31,836.53,26.22,6.75,0.07,0.0
20231226:1310,663.92,794.39,24.95,7.9,0.28,0.0
20231226:1410,565.55,667.25,20.82,8.56,0.34,0.0
20231226:1510,458.11,538.16,14.33,8.7,0.28,0.0
20231226:1610,177.15,220.4,6.03,8.25,0.41,0.0
20231226:1710,0.0,0.0,0.0,7.12,0.41,0.0
20231226:1810,0.0,0.0,0.0,6.13,0.41,0.0
20231226:1910,0.0,0.0,0.0,4.01,0.76,0.0
20231226:2010,0.0,0.0,0.0,3.18,0.76,0.0
20231226:2110,0.0,0.0,0.0,0.89,1.52,0.0
20231226:2210,0.0,0.0,0.0,-0.12,1.66,0.0
20231226:2310,0.0,0.0,0.0,-0.73,1.59,0.0
20231227:0010,0.0,0.0,0.0,-1.77,1.52,0.0
20231227:0110,0.0,0.0,0.0,-2.01,1.52,0.0
20231227:0210,0.0,0.0,0.0,-2.23,1.45,0.0
20231227:0310,0.0,0.0,0.0,-2.37,1.45,0.0
20231227:0410,0.0,0.0,0.0,-2.53,1.52,0.0
20231227:0510,0.0,0.0,0.0,-2.48,1.59,0.0
20231227:0610,0.0,0.0,0.0,-2.6,1.45,0.0
20231227:0710,0.0,0.0,0.0,-2.55,1.24,0.0
20231227:0810,124.28,155.53,4.54,-2.11,0.97,0.0
20231227:0910,419.0,468.39,13.09,-0.42,0.76,0.0
20231227:1010,602.51,686.37,19.93,2.42,0.83,0.0
20231227:1110,685.63,803.64,24.49,4.6,0.55,0.0
20231227:1210,714.91,850.05,26.26,6.22,0.55,0.0
20231227:1310,703.09,834.14,25.01,7.41,0.83,0.0
20231227:1410,590.02,687.86,20.9,8.17,1.1,0.0
20231227:1510,442.32,513.4,14.41,8.35,0.97,0.0
20231227:1610,230.07,281.16,6.12,7.87,0.76,0.0
20231227:1710,0.0,0.0,0.0,6.4,1.17,0.0
20231227:1810,0.0,0.0,0.0,4.65,1.03,0.0
20231227:1910,0.0,0.0,0.0,3.16,1.17,0.0
20231227:2010,0.0,0.0,0.0,1.81,1.45,0.0
20231227:2110,0.0,0.0,0.0,0.83,1.79,0.0
20231227:2210,0.0,0.0,0.0,-0.07,1.66,0.0
20231227:2310,0.0,0.0,0.0,-0.69,1.59,0.0
20231228:0010,0.0,0.0,0.0,-1.0,1.59,0.0
20231228:0110,0.0,0.0,0.0,-1.83,1.52,0.0
20231228:0210,0.0,0.0,0.0,-1.88,1.45,0.0
20231228:0310,0.0,0.0,0.0,-1.95,1.45,0.0
20231228:0410,0.0,0.0,0.0,-1.72,1.45,0.0
20231228:0510,0.0,0.0,0.0,-1.49,1.31,0.0
20231228:0610,0.0,0.0,0.0,-1.05,1.17,0.0
20231228:0710,0.0,0.0,0.0,-0.88,1.45,0.0
20231228:0810,114.91,145.96,4.5,-0.55,1.45,0.0
20231228:0910,122.5,147.91,13.06,0.51,0.9,0.0
20231228:1010,199.49,231.24,19.92,2.57,0.62,0.0
20231228:1110,574.01,663.53,24.51,5.05,0.55,0.0
20231228:1210,677.71,803.26,26.3,6.84,0.55,0.0
20231228:1310,598.26,704.45,25.07,8.0,0.55,0.0
20231228:1410,435.53,504.59,20.98,8.5,0.69,0.0
20231228:1510,180.5,216.38,14.51,8.49,0.69,0.0
20231228:1610,112.9,145.92,6.23,8.07,0.48,0.0
20231228:1710,0.0,0.0,0.0,6.76,0.48,0.0
20231228:1810,0.0,0.0,0.0,5.01,1.03,0.0
20231228:1910,0.0,0.0,0.0,3.17,1.31,0.0
20231228:2010,0.0,0.0,0.0,2.32,2.0,0.0
20231228:2110,0.0,0.0,0.0,0.96,1.59,0.0
20231228:2210,0.0,0.0,0.0,0.26,1.52,0.0
20231228:2310,0.0,0.0,0.0,0.32,1.52,0.0
20231229:0010,0.0,0.0,0.0,0.77,1.52,0.0
20231229:0110,0.0,0.0,0.0,1.02,1.38,0.0
20231229:0210,0.0,0.0,0.0,1.03,1.24,0.0
20231229:0310,0.0,0.0,0.0,0.85,1.38,0.0
20231229:0410,0.0,0.0,0.0,0.34,1.52,0.0
20231229:0510,0.0,0.0,0.0,-0.06,1.45,0.0
20231229:0610,0.0,0.0,0.0,-0.6,1.45,0.0
20231229:0710,0.0,0.0,0.0,-0.38,1.24,0.0
20231229:0810,23.5,40.0,4.47,-0.14,1.1,0.0
20231229:0910,328.34,369.77,13.05,1.21,0.83,0.0
20231229:1010,82.78,107.35,19.93,4.03,0.83,0.0
20231229:1110,195.37,230.67,24.53,5.83,0.55,0.0
20231229:1210,87.0,113.52,26.35,7.02,0.48,0.0
20231229:1310,200.94,239.57,25.15,7.82,0.0,0.0
20231229:1410,183.21,219.44,21.07,8.01,0.28,0.0
20231229:1510,135.91,166.89,14.61,7.53,0.69,0.0
20231229:1610,194.35,237.98,6.34,6.89,0.83,0.0
20231229:1710,0.0,0.0,0.0,6.37,0.55,0.0
20231229:1810,0.0,0.0,0.0,5.82,0.55,0.0
20231229:1910,0.0,0.0,0.0,4.5,1.03,0.0
20231229:2010,0.0,0.0,0.0,3.73,1.45,0.0
20231229:2110,0.0,0.0,0.0,2.72,1.52,0.0
20231229:2210,0.0,0.0,0.0,2.3,1.38,0.0
20231229:2310,0.0,0.0,0.0,1.83,1.38,0.0
20231230:0010,0.0,0.0,0.0,1.75,1.45,0.0
20231230:0110,0.0,0.0,0.0,1.13,1.66,0.0
20231230:0210,0.0,0.0,0.0,0.62,1.66,0.0
20231230:0310,0.0,0.0,0.0,-0.31,1.31,0.0
20231230:0410,0.0,0.0,0.0,-0.86,1.03,0.0
20231230:0510,0.0,0.0,0.0,-1.06,1.03,0.0
20231230:0610,0.0,0.0,0.0,-1.01,1.1,0.0
20231230:0710,0.0,0.0,0.0,-1.09,1.45,0.0
20231230:0810,129.65,162.7,4.44,-0.96,1.31,0.0
20231230:0910,405.38,457.45,13.04,1.18,0.55,0.0
20231230:1010,573.09,660.76,19.94,3.96,0.34,0.0
20231230:1110,650.47,767.7,24.57,5.93,0.28,0.0
20231230:1210,707.18,850.27,26.41,7.67,0.34,0.0
20231230:1310,639.68,761.85,25.23,8.78,0.48,0.0
20231230:1410,572.02,674.54,21.17,9.6,0.69,0.0
20231230:1510,430.5,503.43,14.72,9.86,0.83,0.0
20231230:1610,221.4,271.99,6.45,9.42,0.9,0.0
20231230:1710,0.0,0.0,0.0,8.2,1.52,0.0
20231230:1810,0.0,0.0,0.0,6.63,1.59,0.0
20231230:1910,0.0,0.0,0.0,6.39,1.59,0.0
20231230:2010,0.0,0.0,0.0,5.98,1.79,0.0
20231230:2110,0.0,0.0,0.0,5.97,1.93,0.0
20231230:2210,0.0,0.0,0.0,5.69,2.07,0.0
20231230:2310,0.0,0.0,0.0,5.37,2.28,0.0
20231231:0010,0.0,0.0,0.0,5.41,2.41,0.0
20231231:0110,0.0,0.0,0.0,5.49,2.48,0.0
20231231:0210,0.0,0.0,0.0,5.64,2.55,0.0
20231231:0310,0.0,0.0,0.0,5.66,2.55,0.0
20231231:0410,0.0,0.0,0.0,5.92,2.62,0.0
20231231:0510,0.0,0.0,0.0,6.21,2.69,0.0
20231231:0610,0.0,0.0,0.0,6.55,2.9,0.0
20231231:0710,0.0,0.0,0.0,7.3,3.45,0.0
20231231:0810,16.53,31.95,4.42,7.35,3.52,0.0
20231231:0910,115.51,143.8,13.03,7.28,3.38,0.0
20231231:1010,237.49,275.15,19.95,7.73,2.97,0.0
20231231:1110,209.4,245.9,24.61,8.46,3.66,0.0
20231231:1210,324.61,371.07,26.48,8.26,3.1,0.0
20231231:1310,413.75,468.67,25.31,8.86,4.0,0.0
20231231:1410,155.25,188.11,21.27,9.25,3.66,0.0
20231231:1510,168.6,202.75,14.83,9.7,3.31,0.0
20231231:1610,196.57,241.29,6.57,9.33,2.34,0.0
20231231:1710,0.0,0.0,0.0,8.57,2.21,0.0
20231231:1810,0.0,0.0,0.0,8.07,2.07,0.0
20231231:1910,0.0,0.0,0.0,8.09,2.0,0.0
20231231:2010,0.0,0.0,0.0,7.64,1.93,0.0
20231231:2110,0.0,0.0,0.0,7.45,1.86,0.0
20231231:2210,0.0,0.0,0.0,7.3,1.86,0.0
20231231:2310,0.0,0.0,0.0,7.09,1.72,0.0
20240101:0010,0.0,0.0,0.0,6.29,2.0,0.0
20240101:0110,0.0,0.0,0.0,5.7,1.79,0.0
20240101:0210,0.0,0.0,0.0,5.18,1.72,0.0
20240101:0310,0.0,0.0,0.0,4.65,1.72,0.0
20240101:0410,0.0,0.0,0.0,4.22,1.72,0.0
20240101:0510,0.0,0.0,0.0,3.93,1.72,0.0
20240101:0610,0.0,0.0,0.0,3.61,1.66,0.0
20240101:0710,0.0,0.0,0.0,4.38,1.52,0.0
20240101:0810,117.48,152.67,4.4,4.46,1.38,0.0
20240101:0910,251.15,292.06,13.04,6.47,0.97,0.0
20240101:1010,263.42,308.63,19.98,9.99,1.17,0.0
20240101:1110,650.07,775.71,24.67,12.18,1.38,0.0
20240101:1210,674.39,811.66,26.57,13.69,1.59,0.0
20240101:1310,656.15,787.68,25.43,14.76,1.93,0.0
20240101:1410,441.51,521.22,21.41,15.29,2.07,0.0
20240101:1510,100.5,132.21,14.99,15.55,2.0,0.0

P: PV system power (W)
G(i): Global irradiance on the inclined plane (plane of the array) (W/m2)
H_sun: Sun height (degree)
T2m: 2-m air temperature (degree Celsius)
WS10m: 10-m total wind speed (m/s)
Int: 1 means solar radiation values are reconstructed



PVGIS (c) European Union, 2001-2026